{
    "results": [
        {
            "command": ".//target/release/lprq_arc_mpmc 18 18 8 true 0.0",
            "mean": 30.183709217160004,
            "stddev": 2.9990150406841627,
            "median": 30.90609255386,
            "user": 1043.1650665,
            "system": 0.07076664,
            "min": 24.99884413336,
            "max": 33.680731266360006,
            "times": [
                26.444103636359998,
                32.10858977936,
                33.680731266360006,
                30.47527791936,
                31.06354754236,
                26.99599460236,
                30.74863756536,
                24.99884413336,
                33.17760815836,
                32.14375756836
            ],
            "exit_codes": [
                0,
                0,
                0,
                0,
                0,
                0,
                0,
                0,
                0,
                0
            ],
            "parameters": {
                "Congestion": "0.0"
            }
        },
        {
            "command": ".//target/release/lprq_arc_mpmc 18 18 8 true 0.25",
            "mean": 28.220158366339994,
            "stddev": 2.5354674748964996,
            "median": 26.97045799784,
            "user": 979.9951053599998,
            "system": 0.0671505,
            "min": 25.75706804884,
            "max": 32.387019427839995,
            "times": [
                29.59397767884,
                32.387019427839995,
                25.86567293884,
                31.43376630884,
                26.82758326784,
                25.864680198840002,
                30.62030247784,
                26.738180587840002,
                27.11333272784,
                25.75706804884
            ],
            "exit_codes": [
                0,
                0,
                0,
                0,
                0,
                0,
                0,
                0,
                0,
                0
            ],
            "parameters": {
                "Congestion": "0.25"
            }
        },
        {
            "command": ".//target/release/lprq_arc_mpmc 18 18 8 true 0.5",
            "mean": 30.382559499939997,
            "stddev": 1.2615712195079962,
            "median": 30.162542982239998,
            "user": 1045.49791242,
            "system": 0.07501953999999998,
            "min": 28.07742049674,
            "max": 32.079319312740004,
            "times": [
                32.079319312740004,
                30.242978072739998,
                30.082107891739998,
                32.07105641174,
                30.25166545674,
                29.927838183739997,
                28.07742049674,
                29.31820774074,
                31.69494767074,
                30.08005376174
            ],
            "exit_codes": [
                0,
                0,
                0,
                0,
                0,
                0,
                0,
                0,
                0,
                0
            ],
            "parameters": {
                "Congestion": "0.5"
            }
        },
        {
            "command": ".//target/release/lprq_arc_mpmc 18 18 8 true 1.0",
            "mean": 28.76880094976,
            "stddev": 3.660174770713726,
            "median": 28.65783265126,
            "user": 988.7530160200001,
            "system": 0.06967171999999999,
            "min": 24.75104945976,
            "max": 35.15774931476,
            "times": [
                24.75104945976,
                25.513059788760003,
                25.893505832760003,
                29.82861805876,
                35.15774931476,
                34.04677055776,
                28.820525110760002,
                25.05006547276,
                28.49514019176,
                30.13152570976
            ],
            "exit_codes": [
                0,
                0,
                0,
                0,
                0,
                0,
                0,
                0,
                0,
                0
            ],
            "parameters": {
                "Congestion": "1.0"
            }
        }
    ]
}