{
    "results": [
        {
            "command": ".//target/release/lprq_arc_mpmc 1 1 8 true 0.0",
            "mean": 29.295393114840003,
            "stddev": 4.3451147418823,
            "median": 28.285811504639998,
            "user": 58.54787394,
            "system": 0.03358421999999999,
            "min": 24.97746535864,
            "max": 38.532690059640004,
            "times": [
                24.97746535864,
                33.85603179664,
                38.532690059640004,
                25.955170712639998,
                31.332218979639997,
                25.703340257639997,
                25.649856352639997,
                30.37553462164,
                28.757444782639997,
                27.81417822664
            ],
            "exit_codes": [
                0,
                0,
                0,
                0,
                0,
                0,
                0,
                0,
                0,
                0
            ],
            "parameters": {
                "Threads": "2"
            }
        },
        {
            "command": ".//target/release/lprq_arc_mpmc 2 2 8 true 0.0",
            "mean": 27.3944962374,
            "stddev": 1.6015272751343081,
            "median": 27.745768032,
            "user": 109.37174586,
            "system": 0.0129413,
            "min": 24.6784606505,
            "max": 29.9002245145,
            "times": [
                27.9469246165,
                27.9195861035,
                26.742813404499998,
                24.6784606505,
                28.5177603325,
                29.9002245145,
                25.0467215085,
                28.6077309245,
                27.5719499605,
                27.0127903585
            ],
            "exit_codes": [
                0,
                0,
                0,
                0,
                0,
                0,
                0,
                0,
                0,
                0
            ],
            "parameters": {
                "Threads": "4"
            }
        },
        {
            "command": ".//target/release/lprq_arc_mpmc 3 3 8 true 0.0",
            "mean": 24.60915770796,
            "stddev": 1.5572857348887217,
            "median": 24.60059873676,
            "user": 146.99403744,
            "system": 0.017501899999999997,
            "min": 22.61425776226,
            "max": 27.97182208526,
            "times": [
                23.01835525126,
                25.40885302226,
                24.87529979826,
                23.94198289926,
                23.34733472626,
                25.64234901226,
                24.94542484726,
                24.32589767526,
                27.97182208526,
                22.61425776226
            ],
            "exit_codes": [
                0,
                0,
                0,
                0,
                0,
                0,
                0,
                0,
                0,
                0
            ],
            "parameters": {
                "Threads": "6"
            }
        },
        {
            "command": ".//target/release/lprq_arc_mpmc 4 4 8 true 0.0",
            "mean": 24.882500920060004,
            "stddev": 1.3995039540783238,
            "median": 24.51411784376,
            "user": 198.04088445999997,
            "system": 0.027945319999999996,
            "min": 23.72875977176,
            "max": 28.72185440076,
            "times": [
                24.228104481760003,
                24.17046101076,
                24.56941545576,
                25.06213407876,
                24.41404124276,
                28.72185440076,
                24.58052133876,
                24.89089718776,
                24.45882023176,
                23.72875977176
            ],
            "exit_codes": [
                0,
                0,
                0,
                0,
                0,
                0,
                0,
                0,
                0,
                0
            ],
            "parameters": {
                "Threads": "8"
            }
        },
        {
            "command": ".//target/release/lprq_arc_mpmc 5 5 8 true 0.0",
            "mean": 25.747634846220002,
            "stddev": 1.178945733804301,
            "median": 25.62220228012,
            "user": 255.41053833999996,
            "system": 0.034586740000000005,
            "min": 24.06769807612,
            "max": 28.00046710512,
            "times": [
                25.482133136119998,
                27.21556265512,
                28.00046710512,
                24.572172041119998,
                25.986681008119998,
                25.42050958012,
                24.89204366612,
                24.06769807612,
                25.762271424119998,
                26.07680977012
            ],
            "exit_codes": [
                0,
                0,
                0,
                0,
                0,
                0,
                0,
                0,
                0,
                0
            ],
            "parameters": {
                "Threads": "10"
            }
        },
        {
            "command": ".//target/release/lprq_arc_mpmc 6 6 8 true 0.0",
            "mean": 26.42095534274,
            "stddev": 1.6152486272926263,
            "median": 25.82102139704,
            "user": 314.78363028,
            "system": 0.043226339999999995,
            "min": 24.61953769854,
            "max": 29.40687574754,
            "times": [
                25.98678114954,
                28.57219609354,
                25.655261644539998,
                25.00641407554,
                25.274884940539998,
                24.61953769854,
                29.40687574754,
                27.47588994554,
                26.90957543054,
                25.30213670154
            ],
            "exit_codes": [
                0,
                0,
                0,
                0,
                0,
                0,
                0,
                0,
                0,
                0
            ],
            "parameters": {
                "Threads": "12"
            }
        },
        {
            "command": ".//target/release/lprq_arc_mpmc 7 7 8 true 0.0",
            "mean": 26.560466263320002,
            "stddev": 0.5852575726435053,
            "median": 26.66701096892,
            "user": 369.55433207999994,
            "system": 0.05845022000000001,
            "min": 25.52651623542,
            "max": 27.15766483242,
            "times": [
                26.58975120842,
                26.42613572942,
                25.92498282742,
                25.52651623542,
                26.74427072942,
                27.15531830342,
                26.98462162542,
                27.15766483242,
                25.97045243542,
                27.12494870642
            ],
            "exit_codes": [
                0,
                0,
                0,
                0,
                0,
                0,
                0,
                0,
                0,
                0
            ],
            "parameters": {
                "Threads": "14"
            }
        },
        {
            "command": ".//target/release/lprq_arc_mpmc 8 8 8 true 0.0",
            "mean": 26.341746498780005,
            "stddev": 1.0420924429314997,
            "median": 26.28474758598,
            "user": 418.26507396,
            "system": 0.08549757999999999,
            "min": 24.93677794348,
            "max": 28.317618231479997,
            "times": [
                26.319730792479998,
                26.94956414748,
                24.93677794348,
                26.96891997348,
                26.24976437948,
                26.08890931748,
                27.08122941348,
                25.51713104748,
                28.317618231479997,
                24.98781974148
            ],