{
    "results": [
        {
            "command": ".//target/release/lprq_arc_pairwise 36 8 true 0.0",
            "mean": 18.74702448384,
            "stddev": 0.6069928007043255,
            "median": 18.580730746439997,
            "user": 664.3494596,
            "system": 0.08872103999999999,
            "min": 18.10587501944,
            "max": 19.974659547439998,
            "times": [
                18.746555644439997,
                18.42269017744,
                18.10587501944,
                19.974659547439998,
                18.57538872544,
                18.239930944439998,
                18.17947388144,
                18.586072767439997,
                19.35017684144,
                19.28942128944
            ],
            "exit_codes": [
                0,
                0,
                0,
                0,
                0,
                0,
                0,
                0,
                0,
                0
            ],
            "parameters": {
                "Congestion": "0.0"
            }
        },
        {
            "command": ".//target/release/lprq_arc_pairwise 36 8 true 0.25",
            "mean": 18.77012706178,
            "stddev": 0.4744269573081787,
            "median": 18.64794213538,
            "user": 664.74576188,
            "system": 0.09721351999999997,
            "min": 18.17732024188,
            "max": 19.73028782288,
            "times": [
                18.35197889088,
                19.16052053488,
                19.14754439688,
                18.17732024188,
                18.41658683188,
                18.95235899988,
                18.468788627880002,
                18.604131814880002,
                18.69175245588,
                19.73028782288
            ],
            "exit_codes": [
                0,
                0,
                0,
                0,
                0,
                0,
                0,
                0,
                0,
                0
            ],
            "parameters": {
                "Congestion": "0.25"
            }
        },
        {
            "command": ".//target/release/lprq_arc_pairwise 36 8 true 0.5",
            "mean": 18.478644627360005,
            "stddev": 0.33892536262373707,
            "median": 18.376963412160002,
            "user": 654.4553579799998,
            "system": 0.09394264,
            "min": 18.178827710660002,
            "max": 19.169873970660003,
            "times": [
                18.18876914166,
                18.383549278660002,
                18.54599862566,
                18.370377545660002,
                19.169873970660003,
                18.99556030866,
                18.178827710660002,
                18.254569954660003,
                18.404357479660003,
                18.29456225766
            ],
            "exit_codes": [
                0,
                0,
                0,
                0,
                0,
                0,
                0,
                0,
                0,
                0
            ],
            "parameters": {
                "Congestion": "0.5"
            }
        },
        {
            "command": ".//target/release/lprq_arc_pairwise 36 8 true 1.0",
            "mean": 18.55754892872,
            "stddev": 0.5418644561094184,
            "median": 18.34877600542,
            "user": 656.08688214,
            "system": 0.10378338000000001,
            "min": 18.073554751419998,
            "max": 19.59460440242,
            "times": [
                18.09669918242,
                18.34434701442,
                18.353204996419997,
                19.165772624419997,
                18.24994753242,
                18.16335962042,
                18.363548006419997,
                18.073554751419998,
                19.59460440242,
                19.170451156419997
            ],
            "exit_codes": [
                0,
                0,
                0,
                0,
                0,
                0,
                0,
                0,
                0,
                0
            ],
            "parameters": {
                "Congestion": "1.0"
            }
        }
    ]
}