{
    "results": [
        {
            "command": ".//target/release/lprq_arc_mpmc 1 2 8 true 0.0",
            "mean": 22.016442794319996,
            "stddev": 0.08064989303342636,
            "median": 21.982840745719997,
            "user": 62.946857279999996,
            "system": 2.6750799600000006,
            "min": 21.92640368272,
            "max": 22.15784175272,
            "times": [
                21.97102051672,
                22.02364290972,
                21.92640368272,
                22.15784175272,
                21.96588303972,
                21.95642095572,
                21.95322341372,
                22.08474419372,
                22.13058650372,
                21.99466097472
            ],
            "exit_codes": [
                0,
                0,
                0,
                0,
                0,
                0,
                0,
                0,
                0,
                0
            ],
            "parameters": {
                "Threads": "3"
            }
        },
        {
            "command": ".//target/release/lprq_arc_mpmc 2 4 8 true 0.0",
            "mean": 22.82190454916,
            "stddev": 0.24276495646848514,
            "median": 22.92494409396,
            "user": 135.70647434,
            "system": 0.69639896,
            "min": 22.34374245746,
            "max": 23.04330059946,
            "times": [
                22.95145558946,
                22.409623856459998,
                22.97915214746,
                22.34374245746,
                22.927872414459998,
                22.809829632459998,
                23.04330059946,
                22.88318267946,
                22.94887034146,
                22.92201577346
            ],
            "exit_codes": [
                0,
                0,
                0,
                0,
                0,
                0,
                0,
                0,
                0,
                0
            ],
            "parameters": {
                "Threads": "6"
            }
        },
        {
            "command": ".//target/release/lprq_arc_mpmc 3 6 8 true 0.0",
            "mean": 23.42730109076,
            "stddev": 0.24243812931026706,
            "median": 23.46371498756,
            "user": 209.76342175999997,
            "system": 0.4198563,
            "min": 23.03315182906,
            "max": 23.74998622206,
            "times": [
                23.73787740806,
                23.52650099006,
                23.03315182906,
                23.45928577406,
                23.07156889306,
                23.30140511306,
                23.37412029206,
                23.74998622206,
                23.55097018506,
                23.46814420106
            ],
            "exit_codes": [
                0,
                0,
                0,
                0,
                0,
                0,
                0,
                0,
                0,
                0
            ],
            "parameters": {
                "Threads": "9"
            }
        },
        {
            "command": ".//target/release/lprq_arc_mpmc 4 8 8 true 0.0",
            "mean": 24.603739015639995,
            "stddev": 0.25148334311173576,
            "median": 24.691976933939998,
            "user": 294.13474188000004,
            "system": 0.34046679999999996,
            "min": 24.010552681940002,
            "max": 24.81276921194,
            "times": [
                24.55485831394,
                24.67673031894,
                24.774708985940002,
                24.66489099694,
                24.70722354894,
                24.81276921194,
                24.010552681940002,
                24.32972612994,
                24.71680589794,
                24.78912406994
            ],
            "exit_codes": [
                0,
                0,
                0,
                0,
                0,
                0,
                0,
                0,
                0,
                0
            ],
            "parameters": {
                "Threads": "12"
            }
        },
        {
            "command": ".//target/release/lprq_arc_mpmc 5 10 8 true 0.0",
            "mean": 25.81166052846,
            "stddev": 0.2509223811047238,
            "median": 25.85081925986,
            "user": 385.59382814,
            "system": 0.30784709999999993,
            "min": 25.42028083036,
            "max": 26.25364258136,
            "times": [
                25.805561135359998,
                25.85830103836,
                25.85199680836,
                25.96997467636,
                25.71411087936,
                25.42107652036,
                25.97201910336,
                26.25364258136,
                25.84964171136,
                25.42028083036
            ],
            "exit_codes": [
                0,
                0,
                0,
                0,
                0,
                0,
                0,
                0,
                0,
                0
            ],
            "parameters": {
                "Threads": "15"
            }
        },
        {
            "command": ".//target/release/lprq_arc_mpmc 6 12 8 true 0.0",
            "mean": 27.350891925120003,
            "stddev": 0.18214477078953054,
            "median": 27.40622910312,
            "user": 490.09583144,
            "system": 0.27758847999999997,
            "min": 27.02618981062,
            "max": 27.58223528862,
            "times": [
                27.266909321620002,
                27.39001826462,
                27.02618981062,
                27.29486821762,
                27.58223528862,
                27.422439941620002,
                27.442532132620002,
                27.089317297620003,
                27.53697617762,
                27.45743279862
            ],
            "exit_codes": [
                0,
                0,
                0,
                0,
                0,
                0,
                0,
                0,
                0,
                0
            ],
            "parameters": {
                "Threads": "18"
            }
        },
        {
            "command": ".//target/release/lprq_arc_mpmc 7 14 8 true 0.0",
            "mean": 26.617028944319998,
            "stddev": 0.1250355981499316,
            "median": 26.624052012519996,
            "user": 546.6476949,
            "system": 0.33912376,
            "min": 26.431787122019998,
            "max": 26.78453451002,
            "times": [
                26.52258114802,
                26.431787122019998,
                26.64319523802,
                26.604908787019998,
                26.57831051902,
                26.44307164702,
                26.78453451002,
                26.72063904902,
                26.67257586402,
                26.76868555902
            ],
            "exit_codes": [
                0,
                0,
                0,
                0,
                0,
                0,
                0,
                0,
                0,
                0
            ],
            "parameters": {
                "Threads": "21"
            }
        },
        {
            "command": ".//target/release/lprq_arc_mpmc 8 16 8 true 0.0",
            "mean": 26.02285072578,
            "stddev": 0.1256515515474286,
            "median": 25.99329808198,
            "user": 614.16617976,
            "system": 0.38256858,
            "min": 25.86546812798,
            "max": 26.24889832098,
            "times": [
                25.91695613498,
                25.96695530098,
                26.01330212298,
                25.97329404098,
                26.089894764980002,
                26.20141749598,
                26.24889832098,
                26.041742699980002,
                25.910578247980002,
                25.86546812798
            ],