{
    "results": [
        {
            "command": ".//target/release/lprq_arc_mpmc 2 1 8 true 0.0",
            "mean": 18.091673458480006,
            "stddev": 0.02790320417747511,
            "median": 18.084079059380002,
            "user": 50.6766897,
            "system": 3.0543457599999995,
            "min": 18.048865053380002,
            "max": 18.13373703038,
            "times": [
                18.10589288338,
                18.13254565938,
                18.048865053380002,
                18.06904058438,
                18.13373703038,
                18.07511755938,
                18.086007962380002,
                18.07403197438,
                18.10934572138,
                18.08215015638
            ],
            "exit_codes": [
                0,
                0,
                0,
                0,
                0,
                0,
                0,
                0,
                0,
                0
            ],
            "parameters": {
                "Threads": "3"
            }
        },
        {
            "command": ".//target/release/lprq_arc_mpmc 4 2 8 true 0.0",
            "mean": 16.5066202194,
            "stddev": 0.2780463764791027,
            "median": 16.4492798602,
            "user": 85.55663242,
            "system": 6.140681619999999,
            "min": 16.0943701262,
            "max": 17.0024845602,
            "times": [
                16.4374557252,
                16.4673182212,
                16.709742169200002,
                16.410895451200002,
                17.0024845602,
                16.455696800200002,
                16.4428629202,
                16.1940303632,
                16.851345857200002,
                16.0943701262
            ],
            "exit_codes": [
                0,
                0,
                0,
                0,
                0,
                0,
                0,
                0,
                0,
                0
            ],
            "parameters": {
                "Threads": "6"
            }
        },
        {
            "command": ".//target/release/lprq_arc_mpmc 6 3 8 true 0.0",
            "mean": 17.015708158,
            "stddev": 0.4807473018857663,
            "median": 17.014820907599997,
            "user": 137.2750714,
            "system": 5.59811148,
            "min": 16.2892878671,
            "max": 18.0806068441,
            "times": [
                18.0806068441,
                16.6806391301,
                16.8087529251,
                17.3479747331,
                17.1016001161,
                17.0943245251,
                16.2892878671,
                16.6745630971,
                17.1440150521,
                16.9353172901
            ],
            "exit_codes": [
                0,
                0,
                0,
                0,
                0,
                0,
                0,
                0,
                0,
                0
            ],
            "parameters": {
                "Threads": "9"
            }
        },
        {
            "command": ".//target/release/lprq_arc_mpmc 8 4 8 true 0.0",
            "mean": 17.151853786020002,
            "stddev": 0.2933463937683207,
            "median": 17.10414826132,
            "user": 187.22118522,
            "system": 5.32808548,
            "min": 16.699763900820003,
            "max": 17.84332877482,
            "times": [
                17.11640109782,
                17.05974059682,
                17.006530332820002,
                17.202736031820002,
                17.245586996820002,
                17.27595561782,
                17.84332877482,
                16.699763900820003,
                16.976599085820002,
                17.091895424820002
            ],
            "exit_codes": [
                0,
                0,
                0,
                0,
                0,
                0,
                0,
                0,
                0,
                0
            ],
            "parameters": {
                "Threads": "12"
            }
        },
        {
            "command": ".//target/release/lprq_arc_mpmc 10 5 8 true 0.0",
            "mean": 17.775573885180002,
            "stddev": 0.9631139772382449,
            "median": 17.31175894928,
            "user": 239.37616537999997,
            "system": 5.548701619999999,
            "min": 16.75097868428,
            "max": 19.584211724280003,
            "times": [
                18.490035166280002,
                18.63173871828,
                16.930605841280002,
                16.99566360528,
                19.584211724280003,
                18.584462694280003,
                17.16452451928,
                17.26877387328,
                17.354744025280002,
                16.75097868428
            ],
            "exit_codes": [
                0,
                0,
                0,
                0,
                0,
                0,
                0,
                0,
                0,
                0
            ],
            "parameters": {
                "Threads": "15"
            }
        },
        {
            "command": ".//target/release/lprq_arc_mpmc 12 6 8 true 0.0",
            "mean": 17.16905745388,
            "stddev": 0.17493783551671854,
            "median": 17.133270734579998,
            "user": 282.66123015999995,
            "system": 5.53412668,
            "min": 16.995651815579997,
            "max": 17.54082279658,
            "times": [
                17.14315448858,
                17.38751525758,
                16.995651815579997,
                17.01058168758,
                16.999370340579997,
                17.12163860158,
                17.17909578158,
                17.123386980579998,
                17.18935678858,
                17.54082279658
            ],
            "exit_codes": [
                0,
                0,
                0,
                0,
                0,
                0,
                0,
                0,
                0,
                0
            ],
            "parameters": {
                "Threads": "18"
            }
        },
        {
            "command": ".//target/release/lprq_arc_mpmc 14 7 8 true 0.0",
            "mean": 17.89785848926,
            "stddev": 0.174322210408418,
            "median": 17.90777048956,
            "user": 324.24204114,
            "system": 5.4705254,
            "min": 17.61989239506,
            "max": 18.21306222606,
            "times": [
                17.954659678059997,
                17.87810225606,
                18.02683001906,
                17.61989239506,
                17.77467133306,
                17.937438723059998,
                18.04428206306,
                18.21306222606,
                17.80385417506,
                17.72579202406
            ],
            "exit_codes": [
                0,
                0,
                0,
                0,
                0,
                0,
                0,
                0,
                0,
                0
            ],
            "parameters": {
                "Threads": "21"
            }
        },
        {
            "command": ".//target/release/lprq_arc_mpmc 16 8 8 true 0.0",
            "mean": 28.11517477648,
            "stddev": 1.9712257992064304,
            "median": 28.00435038498,
            "user": 515.5391626599999,
            "system": 5.845626579999999,
            "min": 25.837312093980003,
            "max": 31.743104364980002,
            "times": [
                26.643438005980002,
                28.217242701980002,
                28.696677477980003,
                30.83924304598,
                28.68115555098,
                31.743104364980002,
                26.48631245198,
                25.837312093980003,
                27.791458067980003,
                26.21580400298
            ],