{
    "results": [
        {
            "command": ".//target/release/lprq_arc_pairwise 36 8 true 0.0",
            "mean": 19.908445862980003,
            "stddev": 0.4920243077667761,
            "median": 19.86798910688,
            "user": 705.5895907799999,
            "system": 0.05037931999999999,
            "min": 19.27185558888,
            "max": 20.87216982888,
            "times": [
                19.89283892888,
                20.61169842588,
                19.27185558888,
                19.521623558880002,
                19.48132913188,
                19.89581291188,
                19.90147225188,
                19.84313928488,
                20.87216982888,
                19.79251871788
            ],
            "exit_codes": [
                0,
                0,
                0,
                0,
                0,
                0,
                0,
                0,
                0,
                0
            ],
            "parameters": {
                "Congestion": "0.0"
            }
        },
        {
            "command": ".//target/release/lprq_arc_pairwise 36 8 true 0.25",
            "mean": 19.679133409640002,
            "stddev": 0.5812502582030494,
            "median": 19.57705835854,
            "user": 696.20076982,
            "system": 0.048293,
            "min": 18.923813873540002,
            "max": 20.693707433540002,
            "times": [
                20.693707433540002,
                19.60230957554,
                19.55180714154,
                19.27337484554,
                20.20128460654,
                20.16336491454,
                20.08272975354,
                18.923813873540002,
                19.04235374754,
                19.25658820454
            ],
            "exit_codes": [
                0,
                0,
                0,
                0,
                0,
                0,
                0,
                0,
                0,
                0
            ],
            "parameters": {
                "Congestion": "0.25"
            }
        },
        {
            "command": ".//target/release/lprq_arc_pairwise 36 8 true 0.5",
            "mean": 19.268933977280003,
            "stddev": 0.5897165850284777,
            "median": 18.97055478198,
            "user": 681.0951341199998,
            "system": 0.04471223999999999,
            "min": 18.66846842098,
            "max": 20.251658389979998,
            "times": [
                18.74329767698,
                18.95145193798,
                18.96800187398,
                18.66846842098,
                19.53118887398,
                19.528096617979998,
                20.251658389979998,
                18.973107689979997,
                18.84107268598,
                20.232995604979997
            ],
            "exit_codes": [
                0,
                0,
                0,
                0,
                0,
                0,
                0,
                0,
                0,
                0
            ],
            "parameters": {
                "Congestion": "0.5"
            }
        },
        {
            "command": ".//target/release/lprq_arc_pairwise 36 8 true 1.0",
            "mean": 18.59853132436,
            "stddev": 0.4896877934955819,
            "median": 18.417951926260002,
            "user": 655.80401568,
            "system": 0.04792414,
            "min": 18.05203669126,
            "max": 19.44013810826,
            "times": [
                18.17543393226,
                19.072795175259998,
                18.19545292726,
                18.33707511026,
                18.05203669126,
                19.26569553626,
                19.44013810826,
                18.47246661726,
                18.61078191026,
                18.36343723526
            ],
            "exit_codes": [
                0,
                0,
                0,
                0,
                0,
                0,
                0,
                0,
                0,
                0
            ],
            "parameters": {
                "Congestion": "1.0"
            }
        }
    ]
}