{
    "results": [
        {
            "command": ".//target/release/lprq_arc_pairwise 36 8 true 0.0",
            "mean": 19.6060006808,
            "stddev": 0.42599992281207205,
            "median": 19.5119811328,
            "user": 695.10885812,
            "system": 0.037510379999999996,
            "min": 19.1828504973,
            "max": 20.7038623663,
            "times": [
                19.3588645753,
                19.6974335473,
                19.5332893913,
                19.751105438299998,
                19.382748521299998,
                19.3092268743,
                19.1828504973,
                19.6499527223,
                19.4906728743,
                20.7038623663
            ],
            "exit_codes": [
                0,
                0,
                0,
                0,
                0,
                0,
                0,
                0,
                0,
                0
            ],
            "parameters": {
                "Congestion": "0.0"
            }
        },
        {
            "command": ".//target/release/lprq_arc_pairwise 36 8 true 0.25",
            "mean": 19.95683925288,
            "stddev": 0.7328304559725509,
            "median": 19.82307945858,
            "user": 706.01226938,
            "system": 0.042456999999999995,
            "min": 19.01934999708,
            "max": 21.05472343508,
            "times": [
                19.78184173208,
                20.651410080079998,
                21.05472343508,
                21.03518428608,
                19.54492694708,
                19.86431718508,
                19.01934999708,
                19.24366403408,
                20.03305381008,
                19.33992102208
            ],
            "exit_codes": [
                0,
                0,
                0,
                0,
                0,
                0,
                0,
                0,
                0,
                0
            ],
            "parameters": {
                "Congestion": "0.25"
            }
        },
        {
            "command": ".//target/release/lprq_arc_pairwise 36 8 true 0.5",
            "mean": 19.692821571720003,
            "stddev": 0.6027034319486383,
            "median": 19.777301089220003,
            "user": 695.1083788799998,
            "system": 0.04609998,
            "min": 18.96347121722,
            "max": 20.69776757022,
            "times": [
                20.101973603220003,
                19.102006096220002,
                19.769879783220002,
                19.839781026220003,
                18.96347121722,
                19.78472239522,
                19.289802420220003,
                20.69776757022,
                18.977894190220002,
                20.40091741522
            ],
            "exit_codes": [
                0,
                0,
                0,
                0,
                0,
                0,
                0,
                0,
                0,
                0
            ],
            "parameters": {
                "Congestion": "0.5"
            }
        },
        {
            "command": ".//target/release/lprq_arc_pairwise 36 8 true 1.0",
            "mean": 18.880324667920004,
            "stddev": 0.7088139158227086,
            "median": 18.59935807652,
            "user": 664.43831758,
            "system": 0.04983922,
            "min": 18.12555854952,
            "max": 19.786408748520003,
            "times": [
                18.55434026352,
                19.726786627520003,
                19.786408748520003,
                19.709830119520003,
                18.644375889520003,
                18.25739516252,
                18.22903509152,
                19.498077303520002,
                18.27143892352,
                18.12555854952
            ],
            "exit_codes": [
                0,
                0,
                0,
                0,
                0,
                0,
                0,
                0,
                0,
                0
            ],
            "parameters": {
                "Congestion": "1.0"
            }
        }
    ]
}