{
    "results": [
        {
            "command": ".//target/release/lprq_arc_mpmc 18 18 8 true 0.0",
            "mean": 28.802060609859996,
            "stddev": 2.213577844589534,
            "median": 28.70719623376,
            "user": 1001.5464704399999,
            "system": 0.06429223999999999,
            "min": 26.390802837760003,
            "max": 31.98901222876,
            "times": [
                26.45461131376,
                31.98901222876,
                30.06511022576,
                26.77888708476,
                31.143810518760002,
                27.34928224176,
                26.390802837760003,
                30.375635335760002,
                26.88599195076,
                30.58746236076
            ],
            "exit_codes": [
                0,
                0,
                0,
                0,
                0,
                0,
                0,
                0,
                0,
                0
            ],
            "parameters": {
                "Congestion": "0.0"
            }
        },
        {
            "command": ".//target/release/lprq_arc_mpmc 18 18 8 true 0.25",
            "mean": 29.392350489099993,
            "stddev": 2.725015508373135,
            "median": 30.381596573499998,
            "user": 1017.8677974400001,
            "system": 0.07443833999999999,
            "min": 25.772910681,
            "max": 32.589634994,
            "times": [
                26.852998605,
                26.916472312,
                30.883703475,
                25.772910681,
                32.589634994,
                29.879489672,
                31.793152994,
                31.52799545,
                31.816958263,
                25.890188445
            ],
            "exit_codes": [
                0,
                0,
                0,
                0,
                0,
                0,
                0,
                0,
                0,
                0
            ],
            "parameters": {
                "Congestion": "0.25"
            }
        },
        {
            "command": ".//target/release/lprq_arc_mpmc 18 18 8 true 0.5",
            "mean": 28.068998925560003,
            "stddev": 2.747992896930768,
            "median": 27.77234249036,
            "user": 972.4571788999999,
            "system": 0.05603923999999999,
            "min": 25.17707461236,
            "max": 32.823415646360004,
            "times": [
                32.823415646360004,
                29.39028702436,
                25.55208351136,
                25.62951283736,
                25.53895374236,
                26.15439795636,
                30.23107128636,
                25.17707461236,
                30.09226776136,
                30.10092487736
            ],
            "exit_codes": [
                0,
                0,
                0,
                0,
                0,
                0,
                0,
                0,
                0,
                0
            ],
            "parameters": {
                "Congestion": "0.5"
            }
        },
        {
            "command": ".//target/release/lprq_arc_mpmc 18 18 8 true 1.0",
            "mean": 27.93991566158,
            "stddev": 2.7006385775274975,
            "median": 27.54367156808,
            "user": 961.55015712,
            "system": 0.07390288,
            "min": 25.06151982358,
            "max": 31.47636777158,
            "times": [
                26.167413428579998,
                30.44578986558,
                25.25972044858,
                29.99721814558,
                31.47636777158,
                28.91992970758,
                31.18848373158,
                25.36055310658,
                25.06151982358,
                25.52216058658
            ],
            "exit_codes": [
                0,
                0,
                0,
                0,
                0,
                0,
                0,
                0,
                0,
                0
            ],
            "parameters": {
                "Congestion": "1.0"
            }
        }
    ]
}