{
    "results": [
        {
            "command": ".//target/release/lprq_arc_pairwise 36 8 true 0.0",
            "mean": 19.98672108876,
            "stddev": 0.4966188299056456,
            "median": 19.86487437206,
            "user": 708.53113472,
            "system": 0.041682979999999994,
            "min": 19.422019836060002,
            "max": 20.728134434060003,
            "times": [
                19.532130231060002,
                20.728134434060003,
                19.422019836060002,
                19.62808769706,
                20.49473651106,
                19.446175170060002,
                19.77257787906,
                20.40934985506,
                20.47682840906,
                19.95717086506
            ],
            "exit_codes": [
                0,
                0,
                0,
                0,
                0,
                0,
                0,
                0,
                0,
                0
            ],
            "parameters": {
                "Congestion": "0.0"
            }
        },
        {
            "command": ".//target/release/lprq_arc_pairwise 36 8 true 0.25",
            "mean": 19.613520761620002,
            "stddev": 0.6059949789864861,
            "median": 19.41046540512,
            "user": 694.2805369,
            "system": 0.04549006,
            "min": 18.93500628062,
            "max": 20.77125248062,
            "times": [
                19.532205339620003,
                19.31086692962,
                19.19617205062,
                19.98106939562,
                19.38414533962,
                19.10538508662,
                20.77125248062,
                19.436785470620002,
                18.93500628062,
                20.48231924262
            ],
            "exit_codes": [
                0,
                0,
                0,
                0,
                0,
                0,
                0,
                0,
                0,
                0
            ],
            "parameters": {
                "Congestion": "0.25"
            }
        },
        {
            "command": ".//target/release/lprq_arc_pairwise 36 8 true 0.5",
            "mean": 19.314854682140002,
            "stddev": 0.6025721561675081,
            "median": 19.29148222154,
            "user": 682.8439565799999,
            "system": 0.04821274,
            "min": 18.57066389704,
            "max": 20.13752842404,
            "times": [
                19.500553450039998,
                20.08648889404,
                19.08241099304,
                19.73878170804,
                19.77258320004,
                18.78647881604,
                18.57066389704,
                18.82586222104,
                20.13752842404,
                18.64719521804
            ],
            "exit_codes": [
                0,
                0,
                0,
                0,
                0,
                0,
                0,
                0,
                0,
                0
            ],
            "parameters": {
                "Congestion": "0.5"
            }
        },
        {
            "command": ".//target/release/lprq_arc_pairwise 36 8 true 1.0",
            "mean": 18.742013733840004,
            "stddev": 0.5216907018355068,
            "median": 18.54417920034,
            "user": 660.69403318,
            "system": 0.04608972000000001,
            "min": 18.15524004934,
            "max": 19.66253003334,
            "times": [
                18.33069227834,
                18.15524004934,
                18.64631122134,
                18.50022572934,
                18.55223858234,
                19.45959050034,
                18.53611981834,
                19.66253003334,
                18.328524755340002,
                19.24866437034
            ],
            "exit_codes": [
                0,
                0,
                0,
                0,
                0,
                0,
                0,
                0,
                0,
                0
            ],
            "parameters": {
                "Congestion": "1.0"
            }
        }
    ]
}