{
    "results": [
        {
            "command": ".//target/release/lprq_arc_mpmc 24 12 8 true 0.0",
            "mean": 18.762490129840003,
            "stddev": 0.1313834206483206,
            "median": 18.73543677464,
            "user": 606.11828132,
            "system": 9.018046299999998,
            "min": 18.61664104364,
            "max": 19.00245863664,
            "times": [
                18.794094529640002,
                19.00245863664,
                18.748283290640003,
                18.96866876964,
                18.78357335464,
                18.637609790640003,
                18.67249739064,
                18.61664104364,
                18.72259025864,
                18.678484233640003
            ],
            "exit_codes": [
                0,
                0,
                0,
                0,
                0,
                0,
                0,
                0,
                0,
                0
            ],
            "parameters": {
                "Congestion": "0.0"
            }
        },
        {
            "command": ".//target/release/lprq_arc_mpmc 24 12 8 true 0.25",
            "mean": 18.445830208119997,
            "stddev": 0.17376609440725996,
            "median": 18.36800069022,
            "user": 595.98036462,
            "system": 8.79606308,
            "min": 18.26010735022,
            "max": 18.835969615219998,
            "times": [
                18.835969615219998,
                18.376974077219998,
                18.35902730322,
                18.26010735022,
                18.54848849822,
                18.57555239022,
                18.32698711622,
                18.31350662222,
                18.51246970822,
                18.349219400219997
            ],
            "exit_codes": [
                0,
                0,
                0,
                0,
                0,
                0,
                0,
                0,
                0,
                0
            ],
            "parameters": {
                "Congestion": "0.25"
            }
        },
        {
            "command": ".//target/release/lprq_arc_mpmc 24 12 8 true 0.5",
            "mean": 18.131976532979998,
            "stddev": 0.10937682987357933,
            "median": 18.10028410958,
            "user": 587.30263406,
            "system": 8.68687752,
            "min": 18.00090530708,
            "max": 18.38834586808,
            "times": [
                18.00090530708,
                18.12936231908,
                18.11287737508,
                18.087690844079997,
                18.04311692308,
                18.08435068508,
                18.38834586808,
                18.08556102008,
                18.15860283908,
                18.228952149079998
            ],
            "exit_codes": [
                0,
                0,
                0,
                0,
                0,
                0,
                0,
                0,
                0,
                0
            ],
            "parameters": {
                "Congestion": "0.5"
            }
        },
        {
            "command": ".//target/release/lprq_arc_mpmc 24 12 8 true 1.0",
            "mean": 17.69052585472,
            "stddev": 0.06181196360871936,
            "median": 17.680308854019998,
            "user": 572.1054651000001,
            "system": 8.21182462,
            "min": 17.61295715302,
            "max": 17.83186919402,
            "times": [
                17.68117703002,
                17.83186919402,
                17.67086070302,
                17.73137232602,
                17.61295715302,
                17.62293622102,
                17.71799914102,
                17.69421700502,
                17.662429096020002,
                17.67944067802
            ],
            "exit_codes": [
                0,
                0,
                0,
                0,
                0,
                0,
                0,
                0,
                0,
                0
            ],
            "parameters": {
                "Congestion": "1.0"
            }
        }
    ]
}