{
    "results": [
        {
            "command": ".//target/release/lprq_arc_mpmc 2 1 8 true 0.0",
            "mean": 18.11014634324,
            "stddev": 0.08253889538864573,
            "median": 18.05940157594,
            "user": 50.646110480000004,
            "system": 3.1303975,
            "min": 18.03152563594,
            "max": 18.21372510694,
            "times": [
                18.05520555594,
                18.18995319294,
                18.21372510694,
                18.21070232894,
                18.03945230494,
                18.05008918794,
                18.03152563594,
                18.06359759594,
                18.20658663294,
                18.04062588994
            ],
            "exit_codes": [
                0,
                0,
                0,
                0,
                0,
                0,
                0,
                0,
                0,
                0
            ],
            "parameters": {
                "Threads": "3"
            }
        },
        {
            "command": ".//target/release/lprq_arc_mpmc 4 2 8 true 0.0",
            "mean": 16.250967632000002,
            "stddev": 0.2484284676778141,
            "median": 16.2707532517,
            "user": 85.22529131999998,
            "system": 6.38188032,
            "min": 15.9020544252,
            "max": 16.7155653772,
            "times": [
                16.456436627200002,
                16.216857232200002,
                16.3531662112,
                16.1835799772,
                16.7155653772,
                15.9020544252,
                16.0556555322,
                16.324649271200002,
                15.9319133482,
                16.3697983182
            ],
            "exit_codes": [
                0,
                0,
                0,
                0,
                0,
                0,
                0,
                0,
                0,
                0
            ],
            "parameters": {
                "Threads": "6"
            }
        },
        {
            "command": ".//target/release/lprq_arc_mpmc 6 3 8 true 0.0",
            "mean": 16.852169297059994,
            "stddev": 0.5589086096691677,
            "median": 16.74254464956,
            "user": 137.31589297999997,
            "system": 5.52307298,
            "min": 16.17226719756,
            "max": 17.70975649556,
            "times": [
                16.17226719756,
                17.57692651956,
                16.58117802056,
                17.70975649556,
                17.13163995656,
                17.32798568656,
                16.34249441956,
                16.90391127856,
                16.47910997056,
                16.29642342556
            ],
            "exit_codes": [
                0,
                0,
                0,
                0,
                0,
                0,
                0,
                0,
                0,
                0
            ],
            "parameters": {
                "Threads": "9"
            }
        },
        {
            "command": ".//target/release/lprq_arc_mpmc 8 4 8 true 0.0",
            "mean": 17.04893686258,
            "stddev": 0.3729695376316899,
            "median": 17.08052279858,
            "user": 185.83746144000003,
            "system": 5.459895559999998,
            "min": 16.41903055958,
            "max": 17.61843461358,
            "times": [
                17.29469612158,
                17.45500957758,
                16.79099640158,
                17.232425484580002,
                16.41903055958,
                17.20956131958,
                16.78863415658,
                17.61843461358,
                16.72909611358,
                16.95148427758
            ],
            "exit_codes": [
                0,
                0,
                0,
                0,
                0,
                0,
                0,
                0,
                0,
                0
            ],
            "parameters": {
                "Threads": "12"
            }
        },
        {
            "command": ".//target/release/lprq_arc_mpmc 10 5 8 true 0.0",
            "mean": 17.573542993240004,
            "stddev": 0.7786856258431836,
            "median": 17.55511850514,
            "user": 237.197649,
            "system": 5.59693556,
            "min": 16.51324351914,
            "max": 18.55483600214,
            "times": [
                16.76299668214,
                16.51324351914,
                18.06151223814,
                16.972045804140002,
                17.04872477214,
                18.504961762140002,
                18.16416541614,
                18.55483600214,
                18.13381625214,
                17.01912748414
            ],
            "exit_codes": [
                0,
                0,
                0,
                0,
                0,
                0,
                0,
                0,
                0,
                0
            ],
            "parameters": {
                "Threads": "15"
            }
        },
        {
            "command": ".//target/release/lprq_arc_mpmc 12 6 8 true 0.0",
            "mean": 17.156265938720004,
            "stddev": 0.1938644470562556,
            "median": 17.084200504720002,
            "user": 281.99173813999994,
            "system": 5.701358239999999,
            "min": 16.97062466722,
            "max": 17.55138618222,
            "times": [
                17.05713470622,
                16.97062466722,
                17.31239693022,
                17.55138618222,
                17.35928730322,
                17.17954229622,
                16.98435977822,
                17.11126630322,
                17.05054683322,
                16.98611438722
            ],
            "exit_codes": [
                0,
                0,
                0,
                0,
                0,
                0,
                0,
                0,
                0,
                0
            ],
            "parameters": {
                "Threads": "18"
            }
        },
        {
            "command": ".//target/release/lprq_arc_mpmc 14 7 8 true 0.0",
            "mean": 18.066887629620002,
            "stddev": 0.20140485462887792,
            "median": 18.026301951020002,
            "user": 328.51807068000005,
            "system": 5.5331179399999995,
            "min": 17.81016285152,
            "max": 18.32870722852,
            "times": [
                18.10302759852,
                17.91422438952,
                18.32870722852,
                17.81016285152,
                18.261399227520002,
                17.92967684652,
                17.94957630352,
                17.841122599520002,
                18.31900177652,
                18.21197747452
            ],
            "exit_codes": [
                0,
                0,
                0,
                0,
                0,
                0,
                0,
                0,
                0,
                0
            ],
            "parameters": {
                "Threads": "21"
            }
        },
        {
            "command": ".//target/release/lprq_arc_mpmc 16 8 8 true 0.0",
            "mean": 29.035385948719995,
            "stddev": 3.083910011465441,
            "median": 28.40158434752,
            "user": 529.9860885799999,
            "system": 5.776111640000001,
            "min": 25.93265359802,
            "max": 36.80666218102,
            "times": [
                27.38036551502,
                25.93265359802,
                27.20917098402,
                29.828201850019997,
                29.58061250502,
                27.71120953102,
                26.67053467102,
                36.80666218102,
                30.142489488019997,
                29.09195916402
            ],