{
    "results": [
        {
            "command": ".//target/release/lprq_arc_mpmc 1 2 8 true 0.0",
            "mean": 22.0400188002,
            "stddev": 0.07756852124022383,
            "median": 22.019140698599998,
            "user": 63.181256059999996,
            "system": 2.53420586,
            "min": 21.9447239826,
            "max": 22.1932900656,
            "times": [
                22.1409917006,
                21.9447239826,
                21.9786880846,
                22.0868764276,
                22.0237492666,
                22.0313571616,
                21.9904117296,
                22.1932900656,
                21.9955674526,
                22.0145321306
            ],
            "exit_codes": [
                0,
                0,
                0,
                0,
                0,
                0,
                0,
                0,
                0,
                0
            ],
            "parameters": {
                "Threads": "3"
            }
        },
        {
            "command": ".//target/release/lprq_arc_mpmc 2 4 8 true 0.0",
            "mean": 22.79343538828,
            "stddev": 0.20214682853961546,
            "median": 22.81351344158,
            "user": 135.73146434,
            "system": 0.6443289799999999,
            "min": 22.32741926058,
            "max": 23.04097461158,
            "times": [
                22.77289652558,
                22.99291446358,
                22.61656468958,
                22.86273832558,
                22.903611578579998,
                22.32741926058,
                22.81934475258,
                22.79020754458,
                22.807682130579998,
                23.04097461158
            ],
            "exit_codes": [
                0,
                0,
                0,
                0,
                0,
                0,
                0,
                0,
                0,
                0
            ],
            "parameters": {
                "Threads": "6"
            }
        },
        {
            "command": ".//target/release/lprq_arc_mpmc 3 6 8 true 0.0",
            "mean": 23.305186834439997,
            "stddev": 0.10138175342249736,
            "median": 23.294979124439998,
            "user": 208.47380504000003,
            "system": 0.4162050999999999,
            "min": 23.152162632939998,
            "max": 23.527987851939997,
            "times": [
                23.26874473894,
                23.152162632939998,
                23.348100224939998,
                23.36624443694,
                23.20617021994,
                23.27488844494,
                23.31506980394,
                23.26822916494,
                23.324270824939997,
                23.527987851939997
            ],
            "exit_codes": [
                0,
                0,
                0,
                0,
                0,
                0,
                0,
                0,
                0,
                0
            ],
            "parameters": {
                "Threads": "9"
            }
        },
        {
            "command": ".//target/release/lprq_arc_mpmc 4 8 8 true 0.0",
            "mean": 24.48544595648,
            "stddev": 0.2508265476811049,
            "median": 24.511231635980003,
            "user": 292.68449558,
            "system": 0.3503886,
            "min": 24.093275899480002,
            "max": 24.82794873248,
            "times": [
                24.72772924448,
                24.61631024948,
                24.353213963480002,
                24.21662510048,
                24.82794873248,
                24.65244881548,
                24.26207152748,
                24.40615302248,
                24.69868300948,
                24.093275899480002
            ],
            "exit_codes": [
                0,
                0,
                0,
                0,
                0,
                0,
                0,
                0,
                0,
                0
            ],
            "parameters": {
                "Threads": "12"
            }
        },
        {
            "command": ".//target/release/lprq_arc_mpmc 5 10 8 true 0.0",
            "mean": 25.908783432299998,
            "stddev": 0.24126759761245925,
            "median": 25.816453957300002,
            "user": 387.30491976,
            "system": 0.29806826,
            "min": 25.681366168300002,
            "max": 26.4510231183,
            "times": [
                25.7176162063,
                25.681366168300002,
                26.1121336223,
                25.7706739083,
                25.817793331300003,
                26.4510231183,
                25.9785125153,
                25.703683118300003,
                25.8151145833,
                26.039917751300003
            ],
            "exit_codes": [
                0,
                0,
                0,
                0,
                0,
                0,
                0,
                0,
                0,
                0
            ],
            "parameters": {
                "Threads": "15"
            }
        },
        {
            "command": ".//target/release/lprq_arc_mpmc 6 12 8 true 0.0",
            "mean": 27.402896414759994,
            "stddev": 0.2691299885218945,
            "median": 27.322194298359996,
            "user": 491.12204510000004,
            "system": 0.25969211999999997,
            "min": 27.106787993359998,
            "max": 28.00501516836,
            "times": [
                27.106787993359998,
                27.322570234359997,
                27.32181836236,
                27.578101101359998,
                27.60738419836,
                28.00501516836,
                27.26058595336,
                27.152379279359998,
                27.226571432359997,
                27.44775042436
            ],
            "exit_codes": [
                0,
                0,
                0,
                0,
                0,
                0,
                0,
                0,
                0,
                0
            ],
            "parameters": {
                "Threads": "18"
            }
        },
        {
            "command": ".//target/release/lprq_arc_mpmc 7 14 8 true 0.0",
            "mean": 26.77469726844,
            "stddev": 0.15087063103295284,
            "median": 26.75480414564,
            "user": 550.1260564199999,
            "system": 0.31780115999999997,
            "min": 26.59580061464,
            "max": 27.10242520664,
            "times": [
                26.89971998364,
                27.10242520664,
                26.76971131564,
                26.64941618664,
                26.82997951064,
                26.66395040464,
                26.73989697564,
                26.83787873864,
                26.59580061464,
                26.65819374764
            ],
            "exit_codes": [
                0,
                0,
                0,
                0,
                0,
                0,
                0,
                0,
                0,
                0
            ],
            "parameters": {
                "Threads": "21"
            }
        },
        {
            "command": ".//target/release/lprq_arc_mpmc 8 16 8 true 0.0",
            "mean": 26.050190644720004,
            "stddev": 0.09612355700894525,
            "median": 26.05716086572,
            "user": 614.49388626,
            "system": 0.36521698,
            "min": 25.910940944220002,
            "max": 26.170249766220003,
            "times": [
                26.078325737220002,
                25.910940944220002,
                26.170249766220003,
                25.99826082622,
                26.139616309220003,
                26.12996577722,
                26.035995994220002,
                26.142999612220002,
                25.977025044220003,
                25.918526436220002
            ],