{
    "results": [
        {
            "command": ".//target/release/lprq_arc_mpmc 18 18 8 true 0.0",
            "mean": 27.844233486340006,
            "stddev": 2.7931693183460684,
            "median": 27.52439881934,
            "user": 966.8808122800001,
            "system": 0.0650175,
            "min": 24.558790844340002,
            "max": 33.78515358634,
            "times": [
                24.558790844340002,
                29.60892727234,
                33.78515358634,
                26.358864227340003,
                28.606778194340002,
                25.724899049340003,
                25.05372180634,
                28.621285218340002,
                29.681895220340003,
                26.44201944434
            ],
            "exit_codes": [
                0,
                0,
                0,
                0,
                0,
                0,
                0,
                0,
                0,
                0
            ],
            "parameters": {
                "Congestion": "0.0"
            }
        },
        {
            "command": ".//target/release/lprq_arc_mpmc 18 18 8 true 0.25",
            "mean": 26.748514613919998,
            "stddev": 1.780503142937496,
            "median": 26.31504791382,
            "user": 932.7864092599999,
            "system": 0.06523593999999999,
            "min": 24.44283720032,
            "max": 30.55901813832,
            "times": [
                26.28380621632,
                26.874666045319998,
                24.44283720032,
                30.55901813832,
                26.09416227432,
                25.156871457319998,
                26.34628961132,
                26.701242993319998,
                28.956903009319998,
                26.06934919332
            ],
            "exit_codes": [
                0,
                0,
                0,
                0,
                0,
                0,
                0,
                0,
                0,
                0
            ],
            "parameters": {
                "Congestion": "0.25"
            }
        },
        {
            "command": ".//target/release/lprq_arc_mpmc 18 18 8 true 0.5",
            "mean": 27.140770205800003,
            "stddev": 2.4663758655127848,
            "median": 26.8463373345,
            "user": 942.44252552,
            "system": 0.04839872,
            "min": 23.845505761000002,
            "max": 30.922007559,
            "times": [
                30.842212665,
                26.054076084000002,
                27.638598585,
                28.742175602,
                25.678344562,
                30.922007559,
                24.886957984000002,
                27.736369325000002,
                25.061453931000003,
                23.845505761000002
            ],
            "exit_codes": [
                0,
                0,
                0,
                0,
                0,
                0,
                0,
                0,
                0,
                0
            ],
            "parameters": {
                "Congestion": "0.5"
            }
        },
        {
            "command": ".//target/release/lprq_arc_mpmc 18 18 8 true 1.0",
            "mean": 25.85102029374,
            "stddev": 1.6334638452686454,
            "median": 25.24872293574,
            "user": 897.8761980999998,
            "system": 0.06695108,
            "min": 23.67606019424,
            "max": 29.195786385239998,
            "times": [
                25.13260398524,
                23.67606019424,
                25.21072935224,
                25.72564559324,
                25.18029714724,
                24.75950251624,
                25.28671651924,
                26.24746470124,
                29.195786385239998,
                28.09539654324
            ],
            "exit_codes": [
                0,
                0,
                0,
                0,
                0,
                0,
                0,
                0,
                0,
                0
            ],
            "parameters": {
                "Congestion": "1.0"
            }
        }
    ]
}