{
    "results": [
        {
            "command": ".//target/release/lprq_arc_mpmc 1 1 8 true 0.0",
            "mean": 23.88032068146,
            "stddev": 0.9566304627708588,
            "median": 23.78833098906,
            "user": 47.272927319999994,
            "system": 0.43560798,
            "min": 22.21000111606,
            "max": 25.37890219706,
            "times": [
                23.48601075006,
                22.21000111606,
                25.37890219706,
                24.43795655606,
                23.70582223106,
                23.23931055706,
                23.87083974706,
                25.111983792060002,
                24.27127076606,
                23.09110910206
            ],
            "exit_codes": [
                0,
                0,
                0,
                0,
                0,
                0,
                0,
                0,
                0,
                0
            ],
            "parameters": {
                "Threads": "2"
            }
        },
        {
            "command": ".//target/release/lprq_arc_mpmc 2 2 8 true 0.0",
            "mean": 25.15939443298,
            "stddev": 1.265206471962957,
            "median": 25.01094303448,
            "user": 100.4699861,
            "system": 0.011757946,
            "min": 22.81389756598,
            "max": 27.27001705098,
            "times": [
                26.89766061298,
                27.27001705098,
                24.24140996798,
                24.62112500498,
                25.31579887398,
                25.10964072598,
                25.52565718398,
                24.91224534298,
                22.81389756598,
                24.886491999980002
            ],
            "exit_codes": [
                0,
                0,
                0,
                0,
                0,
                0,
                0,
                0,
                0,
                0
            ],
            "parameters": {
                "Threads": "4"
            }
        },
        {
            "command": ".//target/release/lprq_arc_mpmc 3 3 8 true 0.0",
            "mean": 23.44071874216,
            "stddev": 0.9437475358067313,
            "median": 23.59035648256,
            "user": 139.40283512,
            "system": 0.008639226,
            "min": 21.961861219560003,
            "max": 24.60262716356,
            "times": [
                23.111757531560002,
                22.622642862560003,
                21.961861219560003,
                23.74029715156,
                24.43973359656,
                22.237537585560002,
                23.786715747560002,
                24.60262716356,
                23.44041581356,
                24.463598749560003
            ],
            "exit_codes": [
                0,
                0,
                0,
                0,
                0,
                0,
                0,
                0,
                0,
                0
            ],
            "parameters": {
                "Threads": "6"
            }
        },
        {
            "command": ".//target/release/lprq_arc_mpmc 4 4 8 true 0.0",
            "mean": 22.89006434744,
            "stddev": 0.4550057969309543,
            "median": 22.86267605604,
            "user": 181.17245956,
            "system": 0.02422728,
            "min": 22.245118698040002,
            "max": 23.66145617304,
            "times": [
                23.16130030704,
                22.51134775504,
                23.66145617304,
                23.30172107404,
                22.89921176004,
                22.82614035204,
                23.28219250004,
                22.245118698040002,
                22.42548765004,
                22.58666720504
            ],
            "exit_codes": [
                0,
                0,
                0,
                0,
                0,
                0,
                0,
                0,
                0,
                0
            ],
            "parameters": {
                "Threads": "8"
            }
        },
        {
            "command": ".//target/release/lprq_arc_mpmc 5 5 8 true 0.0",
            "mean": 24.4794262924,
            "stddev": 0.9543460064868063,
            "median": 24.2387067122,
            "user": 241.0167566,
            "system": 0.026659140000000005,
            "min": 23.3926572112,
            "max": 26.6341481802,
            "times": [
                26.6341481802,
                25.326470557199997,
                24.817192585199997,
                24.007904221199997,
                23.3926572112,
                23.9255921002,
                24.641478581199998,
                23.9210515802,
                23.658258704199998,
                24.469509203199998
            ],
            "exit_codes": [
                0,
                0,
                0,
                0,
                0,
                0,
                0,
                0,
                0,
                0
            ],
            "parameters": {
                "Threads": "10"
            }
        },
        {
            "command": ".//target/release/lprq_arc_mpmc 6 6 8 true 0.0",
            "mean": 23.602753083339998,
            "stddev": 0.5745075548830526,
            "median": 23.63481038234,
            "user": 278.2723351199999,
            "system": 0.044675360000000004,
            "min": 22.78476041584,
            "max": 24.414385202840002,
            "times": [
                24.03084126584,
                24.182000814840002,
                23.17954726484,
                23.89735219584,
                23.37226856884,
                24.414385202840002,
                22.83756843084,
                23.33901105484,
                22.78476041584,
                23.989795618840002
            ],
            "exit_codes": [
                0,
                0,
                0,
                0,
                0,
                0,
                0,
                0,
                0,
                0
            ],
            "parameters": {
                "Threads": "12"
            }
        },
        {
            "command": ".//target/release/lprq_arc_mpmc 7 7 8 true 0.0",
            "mean": 24.74993662212,
            "stddev": 0.41747126884605934,
            "median": 24.703634066120003,
            "user": 337.6040657,
            "system": 0.06056697999999999,
            "min": 24.26584021012,
            "max": 25.396314928120002,
            "times": [
                25.336889125120003,
                24.35245627212,
                24.71405029812,
                25.396314928120002,
                24.429356265120003,
                24.34427957412,
                24.855102221120003,
                25.11185949312,
                24.693217834120002,
                24.26584021012
            ],
            "exit_codes": [
                0,
                0,
                0,
                0,
                0,
                0,
                0,
                0,
                0,
                0
            ],
            "parameters": {
                "Threads": "14"
            }
        },
        {
            "command": ".//target/release/lprq_arc_mpmc 8 8 8 true 0.0",
            "mean": 23.457733894180002,
            "stddev": 0.35811218583195176,
            "median": 23.450348997379997,
            "user": 368.9802132,
            "system": 0.06622526,
            "min": 22.88500012438,
            "max": 24.29380451438,
            "times": [
                23.45138313938,
                23.44931485538,
                23.23384900338,
                23.21891582038,
                22.88500012438,
                23.43962107738,
                23.52162613738,
                24.29380451438,
                23.51632882538,
                23.56749544438
            ],