{
    "results": [
        {
            "command": ".//target/release/lprq_arc_mpmc 24 12 8 true 0.0",
            "mean": 18.898767790739996,
            "stddev": 0.2116159829196704,
            "median": 18.85761060294,
            "user": 608.8448006199999,
            "system": 8.908294660000001,
            "min": 18.61389335444,
            "max": 19.428534457439998,
            "times": [
                18.89542993244,
                19.428534457439998,
                18.97542142544,
                18.61389335444,
                18.77740569544,
                18.86714716744,
                18.83437510344,
                18.94997740244,
                18.79741933044,
                18.84807403844
            ],
            "exit_codes": [
                0,
                0,
                0,
                0,
                0,
                0,
                0,
                0,
                0,
                0
            ],
            "parameters": {
                "Congestion": "0.0"
            }
        },
        {
            "command": ".//target/release/lprq_arc_mpmc 24 12 8 true 0.25",
            "mean": 18.45955004408,
            "stddev": 0.13219809407611013,
            "median": 18.40904235888,
            "user": 597.36772384,
            "system": 8.7472904,
            "min": 18.33351718088,
            "max": 18.67913565388,
            "times": [
                18.34028942188,
                18.33351718088,
                18.39260309188,
                18.36950773288,
                18.36194924488,
                18.42548162588,
                18.67497985488,
                18.67913565388,
                18.555823750880002,
                18.46221288288
            ],
            "exit_codes": [
                0,
                0,
                0,
                0,
                0,
                0,
                0,
                0,
                0,
                0
            ],
            "parameters": {
                "Congestion": "0.25"
            }
        },
        {
            "command": ".//target/release/lprq_arc_mpmc 24 12 8 true 0.5",
            "mean": 18.22384288074,
            "stddev": 0.11883078255204105,
            "median": 18.23395996774,
            "user": 588.43399054,
            "system": 8.657718019999997,
            "min": 18.03933388274,
            "max": 18.40603402474,
            "times": [
                18.24105026674,
                18.07089032774,
                18.22686966874,
                18.13390881774,
                18.29931407274,
                18.31499048474,
                18.17441996474,
                18.03933388274,
                18.33161729674,
                18.40603402474
            ],
            "exit_codes": [
                0,
                0,
                0,
                0,
                0,
                0,
                0,
                0,
                0,
                0
            ],
            "parameters": {
                "Congestion": "0.5"
            }
        },
        {
            "command": ".//target/release/lprq_arc_mpmc 24 12 8 true 1.0",
            "mean": 17.7081838684,
            "stddev": 0.1509063627067474,
            "median": 17.664632525500004,
            "user": 568.5317322199999,
            "system": 8.44467154,
            "min": 17.5327711115,
            "max": 18.023289457500002,
            "times": [
                17.7691346515,
                17.7393954055,
                17.533365961500003,
                17.5327711115,
                17.6523138045,
                17.6451235665,
                18.023289457500002,
                17.676951246500003,
                17.638056546500003,
                17.8714369325
            ],
            "exit_codes": [
                0,
                0,
                0,
                0,
                0,
                0,
                0,
                0,
                0,
                0
            ],
            "parameters": {
                "Congestion": "1.0"
            }
        }
    ]
}