{
    "results": [
        {
            "command": ".//target/release/lprq_arc_mpmc 1 2 8 true 0.0",
            "mean": 21.937251036960003,
            "stddev": 0.07177335748626167,
            "median": 21.94630448366,
            "user": 62.199324479999994,
            "system": 2.91208554,
            "min": 21.79879308016,
            "max": 22.042402251160002,
            "times": [
                21.79879308016,
                21.89605604416,
                21.96579473616,
                21.97645069916,
                21.93014454116,
                21.85891550816,
                22.042402251160002,
                22.01134454216,
                21.957400239160002,
                21.93520872816
            ],
            "exit_codes": [
                0,
                0,
                0,
                0,
                0,
                0,
                0,
                0,
                0,
                0
            ],
            "parameters": {
                "Threads": "3"
            }
        },
        {
            "command": ".//target/release/lprq_arc_mpmc 2 4 8 true 0.0",
            "mean": 22.16052128294,
            "stddev": 0.07290236454953489,
            "median": 22.15917372514,
            "user": 130.8732863,
            "system": 1.0050830599999998,
            "min": 22.02276249314,
            "max": 22.27910669514,
            "times": [
                22.27910669514,
                22.12191541214,
                22.19070826814,
                22.12788340414,
                22.24644586714,
                22.189199626140002,
                22.17411051314,
                22.02276249314,
                22.108843613140003,
                22.14423693714
            ],
            "exit_codes": [
                0,
                0,
                0,
                0,
                0,
                0,
                0,
                0,
                0,
                0
            ],
            "parameters": {
                "Threads": "6"
            }
        },
        {
            "command": ".//target/release/lprq_arc_mpmc 3 6 8 true 0.0",
            "mean": 22.91763772504,
            "stddev": 0.08899144713435025,
            "median": 22.94375787394,
            "user": 204.89153358000004,
            "system": 0.5020082799999999,
            "min": 22.766998091439998,
            "max": 23.03722869844,
            "times": [
                22.831924257439997,
                22.959830094439997,
                23.03722869844,
                23.014772049439998,
                22.980442007439997,
                22.830129238439998,
                22.95476273044,
                22.86753706544,
                22.766998091439998,
                22.93275301744
            ],
            "exit_codes": [
                0,
                0,
                0,
                0,
                0,
                0,
                0,
                0,
                0,
                0
            ],
            "parameters": {
                "Threads": "9"
            }
        },
        {
            "command": ".//target/release/lprq_arc_mpmc 4 8 8 true 0.0",
            "mean": 23.75319997534,
            "stddev": 0.1665990331448388,
            "median": 23.77074867844,
            "user": 283.4493241800001,
            "system": 0.42448870000000005,
            "min": 23.49911735944,
            "max": 23.97818891144,
            "times": [
                23.56457897444,
                23.97818891144,
                23.95737525644,
                23.49911735944,
                23.77982292644,
                23.70698725344,
                23.80219029344,
                23.76167443044,
                23.901875794440002,
                23.58018855344
            ],
            "exit_codes": [
                0,
                0,
                0,
                0,
                0,
                0,
                0,
                0,
                0,
                0
            ],
            "parameters": {
                "Threads": "12"
            }
        },
        {
            "command": ".//target/release/lprq_arc_mpmc 5 10 8 true 0.0",
            "mean": 25.03876166648,
            "stddev": 0.15694898531540327,
            "median": 25.00710668698,
            "user": 373.67036595999997,
            "system": 0.38791312,
            "min": 24.84166598698,
            "max": 25.26507449698,
            "times": [
                25.26507449698,
                25.006122626979998,
                24.84166598698,
                25.06650810698,
                24.85933738098,
                24.96946424498,
                25.21243208298,
                25.25032208398,
                24.90859890698,
                25.00809074698
            ],
            "exit_codes": [
                0,
                0,
                0,
                0,
                0,
                0,
                0,
                0,
                0,
                0
            ],
            "parameters": {
                "Threads": "15"
            }
        },
        {
            "command": ".//target/release/lprq_arc_mpmc 6 12 8 true 0.0",
            "mean": 26.407518325039995,
            "stddev": 0.1777649913744931,
            "median": 26.34237520944,
            "user": 473.15684347999996,
            "system": 0.35641738,
            "min": 26.14478293844,
            "max": 26.72128643544,
            "times": [
                26.548167787439997,
                26.72128643544,
                26.61763173844,
                26.318835101439998,
                26.31173376244,
                26.470401361439997,
                26.14478293844,
                26.36591531744,
                26.318230790439998,
                26.258198017439998
            ],
            "exit_codes": [
                0,
                0,
                0,
                0,
                0,
                0,
                0,
                0,
                0,
                0
            ],
            "parameters": {
                "Threads": "18"
            }
        },
        {
            "command": ".//target/release/lprq_arc_mpmc 7 14 8 true 0.0",
            "mean": 26.125213970020003,
            "stddev": 0.09477493510876937,
            "median": 26.090653640619998,
            "user": 535.3994636199999,
            "system": 0.3748002,
            "min": 25.978867932620002,
            "max": 26.30370203062,
            "times": [
                26.05155215562,
                26.09547715662,
                26.30370203062,
                26.08583012462,
                26.07216886362,
                25.978867932620002,
                26.07943430162,
                26.19921812562,
                26.20139995262,
                26.18448905662
            ],
            "exit_codes": [
                0,
                0,
                0,
                0,
                0,
                0,
                0,
                0,
                0,
                0
            ],
            "parameters": {
                "Threads": "21"
            }
        },
        {
            "command": ".//target/release/lprq_arc_mpmc 8 16 8 true 0.0",
            "mean": 25.82210994536,
            "stddev": 0.15887731135239427,
            "median": 25.85822473036,
            "user": 608.07482674,
            "system": 0.39110293999999995,
            "min": 25.57593450136,
            "max": 26.09460579236,
            "times": [
                25.82523996236,
                25.90717687236,
                25.73890106936,
                26.09460579236,
                25.57593450136,
                25.891209498360002,
                25.580194038360002,
                25.89437556236,
                25.79658895836,
                25.91687319836
            ],