{
    "results": [
        {
            "command": ".//target/release/lprq_arc_mpmc 1 1 8 true 0.0",
            "mean": 23.9044211081,
            "stddev": 1.011105370963867,
            "median": 24.0214131316,
            "user": 47.283556899999994,
            "system": 0.47025525999999995,
            "min": 21.9760158886,
            "max": 25.5808694486,
            "times": [
                23.4846829056,
                24.2005316796,
                23.996995565600002,
                23.448259578600002,
                24.0458306976,
                24.2660048646,
                25.5808694486,
                21.9760158886,
                25.025664338600002,
                23.0193561136
            ],
            "exit_codes": [
                0,
                0,
                0,
                0,
                0,
                0,
                0,
                0,
                0,
                0
            ],
            "parameters": {
                "Threads": "2"
            }
        },
        {
            "command": ".//target/release/lprq_arc_mpmc 2 2 8 true 0.0",
            "mean": 24.692853079660004,
            "stddev": 2.3149708603615284,
            "median": 25.30185361926,
            "user": 98.57811892000001,
            "system": 0.00895642,
            "min": 20.618448261260003,
            "max": 28.141681846260003,
            "times": [
                21.406778142260002,
                25.57569778626,
                25.02800945226,
                26.424311443260002,
                20.618448261260003,
                23.828394057260002,
                26.404387990260002,
                23.924163916260003,
                28.141681846260003,
                25.576657901260003
            ],
            "exit_codes": [
                0,
                0,
                0,
                0,
                0,
                0,
                0,
                0,
                0,
                0
            ],
            "parameters": {
                "Threads": "4"
            }
        },
        {
            "command": ".//target/release/lprq_arc_mpmc 3 3 8 true 0.0",
            "mean": 23.12400708036,
            "stddev": 1.252238838238748,
            "median": 23.139473724060004,
            "user": 137.40557801999998,
            "system": 0.012409979999999998,
            "min": 21.13481714806,
            "max": 25.780482784060002,
            "times": [
                23.60943227306,
                22.44944037306,
                21.98117978406,
                23.48690885706,
                21.13481714806,
                25.780482784060002,
                22.57988809806,
                23.21030588006,
                23.93897403806,
                23.068641568060002
            ],
            "exit_codes": [
                0,
                0,
                0,
                0,
                0,
                0,
                0,
                0,
                0,
                0
            ],
            "parameters": {
                "Threads": "6"
            }
        },
        {
            "command": ".//target/release/lprq_arc_mpmc 4 4 8 true 0.0",
            "mean": 23.53336071978,
            "stddev": 0.6015316666291485,
            "median": 23.51855810438,
            "user": 186.1304184,
            "system": 0.01552058,
            "min": 22.46085256238,
            "max": 24.475830534380002,
            "times": [
                22.879020944380002,
                22.46085256238,
                23.30281227738,
                23.32848828738,
                23.626577940380002,
                24.475830534380002,
                24.18175233338,
                23.45790067438,
                23.57921553438,
                24.04115610938
            ],
            "exit_codes": [
                0,
                0,
                0,
                0,
                0,
                0,
                0,
                0,
                0,
                0
            ],
            "parameters": {
                "Threads": "8"
            }
        },
        {
            "command": ".//target/release/lprq_arc_mpmc 5 5 8 true 0.0",
            "mean": 24.324505146299998,
            "stddev": 0.5750822423309119,
            "median": 24.274381643399998,
            "user": 240.3439187,
            "system": 0.023501940000000002,
            "min": 23.5665185484,
            "max": 25.1992922364,
            "times": [
                23.7472312204,
                24.979612764400002,
                24.3807430074,
                23.5665185484,
                24.1680202794,
                24.442738303400002,
                23.794072162400003,
                25.1992922364,
                23.9830225834,
                24.9838003574
            ],
            "exit_codes": [
                0,
                0,
                0,
                0,
                0,
                0,
                0,
                0,
                0,
                0
            ],
            "parameters": {
                "Threads": "10"
            }
        },
        {
            "command": ".//target/release/lprq_arc_mpmc 6 6 8 true 0.0",
            "mean": 23.616934927119996,
            "stddev": 0.5777418145579349,
            "median": 23.61795136932,
            "user": 278.46575981999996,
            "system": 0.06508844,
            "min": 22.84186244582,
            "max": 24.47318954682,
            "times": [
                22.84186244582,
                23.80024098582,
                24.25250621382,
                23.39582222882,
                24.47318954682,
                23.43566175282,
                24.14738232082,
                23.04093813382,
                22.92423406482,
                23.85751157782
            ],
            "exit_codes": [
                0,
                0,
                0,
                0,
                0,
                0,
                0,
                0,
                0,
                0
            ],
            "parameters": {
                "Threads": "12"
            }
        },
        {
            "command": ".//target/release/lprq_arc_mpmc 7 7 8 true 0.0",
            "mean": 23.80148690412,
            "stddev": 0.4997118223670207,
            "median": 23.822943166720002,
            "user": 326.2294242,
            "system": 0.16253898,
            "min": 23.28907301172,
            "max": 24.88640103972,
            "times": [
                23.31305327472,
                23.86822229872,
                23.40628988672,
                23.87525867272,
                24.88640103972,
                23.39254248172,
                24.26645089572,
                23.28907301172,
                23.939913444720002,
                23.77766403472
            ],
            "exit_codes": [
                0,
                0,
                0,
                0,
                0,
                0,
                0,
                0,
                0,
                0
            ],
            "parameters": {
                "Threads": "14"
            }
        },
        {
            "command": ".//target/release/lprq_arc_mpmc 8 8 8 true 0.0",
            "mean": 24.2872109381,
            "stddev": 1.4943551331985216,
            "median": 23.608670666200002,
            "user": 379.237314,
            "system": 0.13957856,
            "min": 22.796490363700002,
            "max": 26.731094155700003,
            "times": [
                23.8167316207,
                23.6212339727,
                25.8689816597,
                26.5487370357,
                23.388052325700002,
                22.796490363700002,
                23.596107359700003,
                22.941162756700002,
                26.731094155700003,
                23.5635181307
            ],