{
    "results": [
        {
            "command": ".//target/release/lprq_arc_mpmc 1 1 8 true 0.0",
            "mean": 23.37008984126,
            "stddev": 0.7207165278971153,
            "median": 23.56890113906,
            "user": 46.17572104,
            "system": 0.50546796,
            "min": 22.355271662059998,
            "max": 24.54044414906,
            "times": [
                23.649859092059998,
                22.67555497206,
                22.69965476706,
                23.90930700506,
                23.93426897706,
                22.67670284106,
                23.771891761059997,
                24.54044414906,
                22.355271662059998,
                23.48794318606
            ],
            "exit_codes": [
                0,
                0,
                0,
                0,
                0,
                0,
                0,
                0,
                0,
                0
            ],
            "parameters": {
                "Threads": "2"
            }
        },
        {
            "command": ".//target/release/lprq_arc_mpmc 2 2 8 true 0.0",
            "mean": 24.408145954180004,
            "stddev": 1.1712680181566293,
            "median": 24.35794381028,
            "user": 97.26170271999999,
            "system": 0.02732214,
            "min": 22.219371360780002,
            "max": 26.457215671780002,
            "times": [
                24.33272344478,
                25.89681750878,
                24.38316417578,
                24.51732146378,
                26.457215671780002,
                24.33172495178,
                22.219371360780002,
                24.41515487878,
                24.14295669878,
                23.385009386780002
            ],
            "exit_codes": [
                0,
                0,
                0,
                0,
                0,
                0,
                0,
                0,
                0,
                0
            ],
            "parameters": {
                "Threads": "4"
            }
        },
        {
            "command": ".//target/release/lprq_arc_mpmc 3 3 8 true 0.0",
            "mean": 22.876164260659998,
            "stddev": 0.9621878183341684,
            "median": 22.80255610646,
            "user": 136.56417066,
            "system": 0.014798979999999998,
            "min": 21.67640168246,
            "max": 24.61986581946,
            "times": [
                22.62582383446,
                23.93266278246,
                22.318536096459997,
                21.85257164146,
                21.67640168246,
                24.61986581946,
                23.166982452459997,
                23.57138485246,
                22.018125066459998,
                22.979288378459998
            ],
            "exit_codes": [
                0,
                0,
                0,
                0,
                0,
                0,
                0,
                0,
                0,
                0
            ],
            "parameters": {
                "Threads": "6"
            }
        },
        {
            "command": ".//target/release/lprq_arc_mpmc 4 4 8 true 0.0",
            "mean": 23.516591711959997,
            "stddev": 0.47478449520832705,
            "median": 23.45678249196,
            "user": 186.42575191999998,
            "system": 0.022371759999999997,
            "min": 22.970982415960002,
            "max": 24.63871193596,
            "times": [
                24.63871193596,
                22.970982415960002,
                23.77626137396,
                23.18977224296,
                23.41215264996,
                23.13682554096,
                23.20988587396,
                23.50141233396,
                23.61887298196,
                23.71103976996
            ],
            "exit_codes": [
                0,
                0,
                0,
                0,
                0,
                0,
                0,
                0,
                0,
                0
            ],
            "parameters": {
                "Threads": "8"
            }
        },
        {
            "command": ".//target/release/lprq_arc_mpmc 5 5 8 true 0.0",
            "mean": 24.43253244442,
            "stddev": 0.7907325280991007,
            "median": 24.55020817912,
            "user": 240.67775632000001,
            "system": 0.020770959999999998,
            "min": 23.09406870912,
            "max": 25.54301641212,
            "times": [
                24.53048965012,
                23.77388432412,
                25.466360984119998,
                23.98982936712,
                23.73228905712,
                24.56992670812,
                25.54301641212,
                25.03198218412,
                23.09406870912,
                24.59347704812
            ],
            "exit_codes": [
                0,
                0,
                0,
                0,
                0,
                0,
                0,
                0,
                0,
                0
            ],
            "parameters": {
                "Threads": "10"
            }
        },
        {
            "command": ".//target/release/lprq_arc_mpmc 6 6 8 true 0.0",
            "mean": 23.83935534622,
            "stddev": 1.0382119971078412,
            "median": 23.86983063222,
            "user": 280.62337229999997,
            "system": 0.040678519999999996,
            "min": 22.736076382220002,
            "max": 26.22503701722,
            "times": [
                22.96877965722,
                24.10538889422,
                22.88617984922,
                24.16421095822,
                24.29756873022,
                22.736076382220002,
                23.63427237022,
                23.11719502622,
                26.22503701722,
                24.25884457722
            ],
            "exit_codes": [
                0,
                0,
                0,
                0,
                0,
                0,
                0,
                0,
                0,
                0
            ],
            "parameters": {
                "Threads": "12"
            }
        },
        {
            "command": ".//target/release/lprq_arc_mpmc 7 7 8 true 0.0",
            "mean": 24.10043979302,
            "stddev": 0.6992514983479408,
            "median": 24.13725603812,
            "user": 329.93063892,
            "system": 0.09949764,
            "min": 22.911736073620002,
            "max": 25.20025144462,
            "times": [
                23.95135491762,
                24.15573817662,
                24.478828224620003,
                22.911736073620002,
                25.20025144462,
                23.268667004620003,
                24.893750047620003,
                23.64347972562,
                24.381818415620003,
                24.118773899620003
            ],
            "exit_codes": [
                0,
                0,
                0,
                0,
                0,
                0,
                0,
                0,
                0,
                0
            ],
            "parameters": {
                "Threads": "14"
            }
        },
        {
            "command": ".//target/release/lprq_arc_mpmc 8 8 8 true 0.0",
            "mean": 24.545636358459998,
            "stddev": 0.4513931122957387,
            "median": 24.50683012586,
            "user": 385.78780406,
            "system": 0.060908859999999995,
            "min": 23.81962629286,
            "max": 25.38447290286,
            "times": [
                24.16136008686,
                24.24348990286,
                25.38447290286,
                23.81962629286,
                24.84024247086,
                24.58050708286,
                24.43315316886,
                24.34437362586,
                24.64109037586,
                25.00804767486
            ],