{
    "results": [
        {
            "command": ".//target/release/lprq_arc_mpmc 24 12 8 true 0.0",
            "mean": 19.177944781959997,
            "stddev": 0.13804200551778611,
            "median": 19.19375361966,
            "user": 610.65406092,
            "system": 9.172822819999999,
            "min": 19.026988879159997,
            "max": 19.45396821416,
            "times": [
                19.20275881116,
                19.300102582159997,
                19.03694418216,
                19.026988879159997,
                19.18474842816,
                19.24012178016,
                19.03472566416,
                19.45396821416,
                19.22393275616,
                19.07515652216
            ],
            "exit_codes": [
                0,
                0,
                0,
                0,
                0,
                0,
                0,
                0,
                0,
                0
            ],
            "parameters": {
                "Congestion": "0.0"
            }
        },
        {
            "command": ".//target/release/lprq_arc_mpmc 24 12 8 true 0.25",
            "mean": 18.84187165624,
            "stddev": 0.12141618838385555,
            "median": 18.83513851984,
            "user": 601.60239234,
            "system": 9.000700160000001,
            "min": 18.70241723334,
            "max": 19.09878700534,
            "times": [
                18.956507234340002,
                18.83613647134,
                18.89501589734,
                18.74318958034,
                18.87137106834,
                19.09878700534,
                18.73635624734,
                18.83414056834,
                18.70241723334,
                18.74479525634
            ],
            "exit_codes": [
                0,
                0,
                0,
                0,
                0,
                0,
                0,
                0,
                0,
                0
            ],
            "parameters": {
                "Congestion": "0.25"
            }
        },
        {
            "command": ".//target/release/lprq_arc_mpmc 24 12 8 true 0.5",
            "mean": 18.49558451836,
            "stddev": 0.12323010168092481,
            "median": 18.45233233666,
            "user": 589.3784761599999,
            "system": 8.917478480000002,
            "min": 18.35474531616,
            "max": 18.76943159616,
            "times": [
                18.76943159616,
                18.45216392716,
                18.42238443416,
                18.43820490416,
                18.64040087616,
                18.48160396316,
                18.53216437516,
                18.45250074616,
                18.35474531616,
                18.41224504516
            ],
            "exit_codes": [
                0,
                0,
                0,
                0,
                0,
                0,
                0,
                0,
                0,
                0
            ],
            "parameters": {
                "Congestion": "0.5"
            }
        },
        {
            "command": ".//target/release/lprq_arc_mpmc 24 12 8 true 1.0",
            "mean": 17.928589443,
            "stddev": 0.17865540212232248,
            "median": 17.9015573698,
            "user": 570.36023062,
            "system": 8.703695739999997,
            "min": 17.7160891978,
            "max": 18.2794868678,
            "times": [
                17.767960901800002,
                17.7491020908,
                17.7160891978,
                18.1119225198,
                17.850034959800002,
                17.9481770618,
                17.8549376778,
                18.2794868678,
                17.9595609458,
                18.0486222068
            ],
            "exit_codes": [
                0,
                0,
                0,
                0,
                0,
                0,
                0,
                0,
                0,
                0
            ],
            "parameters": {
                "Congestion": "1.0"
            }
        }
    ]
}