{
    "results": [
        {
            "command": ".//target/release/lprq_arc_mpmc 2 1 8 true 0.0",
            "mean": 18.293493962040003,
            "stddev": 0.4870597358633133,
            "median": 18.217012584739997,
            "user": 51.594618219999994,
            "system": 2.63595936,
            "min": 18.000542641739997,
            "max": 19.64840978074,
            "times": [
                18.000542641739997,
                18.01949012474,
                18.02168831874,
                18.213415923739998,
                18.23941779074,
                19.64840978074,
                18.22060924574,
                18.23752670874,
                18.08134061074,
                18.252498474739998
            ],
            "exit_codes": [
                0,
                0,
                0,
                0,
                0,
                0,
                0,
                0,
                0,
                0
            ],
            "parameters": {
                "Threads": "3"
            }
        },
        {
            "command": ".//target/release/lprq_arc_mpmc 4 2 8 true 0.0",
            "mean": 16.34813859934,
            "stddev": 0.3652116375406599,
            "median": 16.21845115484,
            "user": 83.63415188,
            "system": 6.6787325,
            "min": 15.99394978884,
            "max": 17.18407586384,
            "times": [
                16.04310183184,
                16.084079339840002,
                15.99394978884,
                16.48118437184,
                16.22195078784,
                16.11418640484,
                16.51229761884,
                16.631608463840003,
                16.21495152184,
                17.18407586384
            ],
            "exit_codes": [
                0,
                0,
                0,
                0,
                0,
                0,
                0,
                0,
                0,
                0
            ],
            "parameters": {
                "Threads": "6"
            }
        },
        {
            "command": ".//target/release/lprq_arc_mpmc 6 3 8 true 0.0",
            "mean": 16.85196703394,
            "stddev": 0.4847284606275345,
            "median": 16.79843400424,
            "user": 129.67993717999997,
            "system": 6.161736899999999,
            "min": 16.204718656239997,
            "max": 17.58584273724,
            "times": [
                16.739678246239997,
                16.83681725524,
                16.760050753239998,
                17.22316479424,
                17.58584273724,
                16.92441318324,
                16.254779574239997,
                17.540638809239997,
                16.44956633024,
                16.204718656239997
            ],
            "exit_codes": [
                0,
                0,
                0,
                0,
                0,
                0,
                0,
                0,
                0,
                0
            ],
            "parameters": {
                "Threads": "9"
            }
        },
        {
            "command": ".//target/release/lprq_arc_mpmc 8 4 8 true 0.0",
            "mean": 16.09653908046,
            "stddev": 0.25550265769340585,
            "median": 16.102532314359998,
            "user": 170.87406398,
            "system": 6.036609019999998,
            "min": 15.750478238860001,
            "max": 16.534392768860002,
            "times": [
                16.05014892586,
                16.42895868286,
                16.17773080886,
                16.16645684786,
                16.14371299286,
                15.85898336686,
                15.79317653586,
                16.06135163586,
                15.750478238860001,
                16.534392768860002
            ],
            "exit_codes": [
                0,
                0,
                0,
                0,
                0,
                0,
                0,
                0,
                0,
                0
            ],
            "parameters": {
                "Threads": "12"
            }
        },
        {
            "command": ".//target/release/lprq_arc_mpmc 10 5 8 true 0.0",
            "mean": 16.154685215239997,
            "stddev": 0.40647391936694127,
            "median": 16.27094652964,
            "user": 212.77216651999998,
            "system": 6.34731118,
            "min": 15.33453732314,
            "max": 16.671946959139998,
            "times": [
                15.33453732314,
                16.20070647314,
                16.34722980914,
                15.638750613140001,
                16.55087841914,
                16.671946959139998,
                16.29812579614,
                15.962783700140001,
                16.272254970139997,
                16.26963808914
            ],
            "exit_codes": [
                0,
                0,
                0,
                0,
                0,
                0,
                0,
                0,
                0,
                0
            ],
            "parameters": {
                "Threads": "15"
            }
        },
        {
            "command": ".//target/release/lprq_arc_mpmc 12 6 8 true 0.0",
            "mean": 15.737309852240003,
            "stddev": 0.22642534386521107,
            "median": 15.71133931064,
            "user": 252.45756938,
            "system": 6.52465262,
            "min": 15.46512803664,
            "max": 16.166539751640002,
            "times": [
                15.87591949764,
                15.66128824864,
                16.166539751640002,
                15.58314422764,
                15.76139037264,
                15.83582682064,
                15.48094415664,
                15.46512803664,
                15.57652974464,
                15.96638766564
            ],
            "exit_codes": [
                0,
                0,
                0,
                0,
                0,
                0,
                0,
                0,
                0,
                0
            ],
            "parameters": {
                "Threads": "18"
            }
        },
        {
            "command": ".//target/release/lprq_arc_mpmc 14 7 8 true 0.0",
            "mean": 17.6299747072,
            "stddev": 0.4688702718202686,
            "median": 17.5720471148,
            "user": 308.56015554,
            "system": 6.15783452,
            "min": 17.0165835728,
            "max": 18.6415153868,
            "times": [
                17.0165835728,
                17.8242759228,
                17.284906020799998,
                17.3264587838,
                18.6415153868,
                17.332227239799998,
                17.8118669898,
                17.829674946799997,
                17.9060682218,
                17.3261699868
            ],
            "exit_codes": [
                0,
                0,
                0,
                0,
                0,
                0,
                0,
                0,
                0,
                0
            ],
            "parameters": {
                "Threads": "21"
            }
        },
        {
            "command": ".//target/release/lprq_arc_mpmc 16 8 8 true 0.0",
            "mean": 28.430231601579997,
            "stddev": 2.224120079713362,
            "median": 28.394182414779998,
            "user": 505.93950196,
            "system": 6.27959788,
            "min": 25.72564224228,
            "max": 32.00896862628,
            "times": [
                31.61754941828,
                29.433504359279997,
                32.00896862628,
                26.00373101428,
                28.29696035228,
                25.83421953428,
                28.985327455279997,
                25.72564224228,
                27.905008536279997,
                28.49140447728
            ],