{
    "results": [
        {
            "command": ".//target/release/lprq_epoch_mpmc 2 1 1 true 0.0",
            "mean": 0.00149072586,
            "stddev": 6.218721297823225e-05,
            "median": 0.00149072586,
            "user": 0.0012554600000000001,
            "system": 0.00057501,
            "min": 0.00144675286,
            "max": 0.0015346988600000002,
            "times": [
                0.0015346988600000002,
                0.00144675286
            ],
            "exit_codes": [
                0,
                0
            ],
            "parameters": {
                "Threads": "3"
            }
        },
        {
            "command": ".//target/release/lprq_epoch_mpmc 4 2 1 true 0.0",
            "mean": 0.0016511300400000003,
            "stddev": 0.00016765996756679862,
            "median": 0.0016511300400000003,
            "user": 0.0014558,
            "system": 0.00118593,
            "min": 0.0015325765400000003,
            "max": 0.0017696835400000002,
            "times": [
                0.0015325765400000003,
                0.0017696835400000002
            ],
            "exit_codes": [
                0,
                0
            ],
            "parameters": {
                "Threads": "6"
            }
        },
        {
            "command": ".//target/release/lprq_epoch_mpmc 6 3 1 true 0.0",
            "mean": 0.00190634292,
            "stddev": 7.662916187718676e-06,
            "median": 0.00190634292,
            "user": 0.0040459599999999995,
            "system": 0.0,
            "min": 0.0019009244199999999,
            "max": 0.00191176142,
            "times": [
                0.0019009244199999999,
                0.00191176142
            ],
            "exit_codes": [
                0,
                0
            ],
            "parameters": {
                "Threads": "9"
            }
        },
        {
            "command": ".//target/release/lprq_epoch_mpmc 8 4 1 true 0.0",
            "mean": 0.00215506452,
            "stddev": 0.00012024916499502179,
            "median": 0.00215506452,
            "user": 0.00240544,
            "system": 0.00245461,
            "min": 0.00207003552,
            "max": 0.00224009352,
            "times": [
                0.00207003552,
                0.00224009352
            ],
            "exit_codes": [
                0,
                0
            ],
            "parameters": {
                "Threads": "12"
            }
        },
        {
            "command": ".//target/release/lprq_epoch_mpmc 10 5 1 true 0.0",
            "mean": 0.0023031646,
            "stddev": 0.00014510962520797871,
            "median": 0.0023031646,
            "user": 0.00274596,
            "system": 0.0026868499999999997,
            "min": 0.0022005566,
            "max": 0.0024057726000000002,
            "times": [
                0.0024057726000000002,
                0.0022005566
            ],
            "exit_codes": [
                0,
                0
            ],
            "parameters": {
                "Threads": "15"
            }
        },
        {
            "command": ".//target/release/lprq_epoch_mpmc 12 6 1 true 0.0",
            "mean": 0.00273414442,
            "stddev": 7.640005928008178e-05,
            "median": 0.00273414442,
            "user": 0.00075246,
            "system": 0.00566884,
            "min": 0.0026801214199999998,
            "max": 0.00278816742,
            "times": [
                0.0026801214199999998,
                0.00278816742
            ],
            "exit_codes": [
                0,
                0
            ],
            "parameters": {
                "Threads": "18"
            }
        },
        {
            "command": ".//target/release/lprq_epoch_mpmc 14 7 1 true 0.0",
            "mean": 0.0027804244000000002,
            "stddev": 0.00012992874972268435,
            "median": 0.0027804244000000002,
            "user": 0.00318152,
            "system": 0.00454926,
            "min": 0.0026885509000000004,
            "max": 0.0028722979,
            "times": [
                0.0028722979,
                0.0026885509000000004
            ],
            "exit_codes": [
                0,
                0
            ],
            "parameters": {
                "Threads": "21"
            }
        },
        {
            "command": ".//target/release/lprq_epoch_mpmc 16 8 1 true 0.0",
            "mean": 0.00325407192,
            "stddev": 0.00010067574218499705,
            "median": 0.00325407192,
            "user": 0.00044453999999999994,
            "system": 0.00845874,
            "min": 0.00318288342,
            "max": 0.00332526042,
            "times": [
                0.00318288342,
                0.00332526042
            ],
            "exit_codes": [
                0,
                0
            ],
            "parameters": {
                "Threads": "24"
            }
        },
        {
            "command": ".//target/release/lprq_epoch_mpmc 18 9 1 true 0.0",
            "mean": 0.0031453686400000004,
            "stddev": 2.442629664930753e-05,
            "median": 0.0031453686400000004,
            "user": 0.00015035999999999994,
            "system": 0.0090329,
            "min": 0.003128096640000001,
            "max": 0.00316264064,
            "times": [
                0.00316264064,
                0.003128096640000001
            ],
            "exit_codes": [
                0,
                0
            ],
            "parameters": {
                "Threads": "27"
            }
        },
        {
            "command": ".//target/release/lprq_epoch_mpmc 20 10 1 true 0.0",
            "mean": 0.004241119880000001,
            "stddev": 0.000906160875624467,
            "median": 0.004241119880000001,
            "user": 0.00829782,
            "system": 0.00715154,
            "min": 0.0036003673800000004,
            "max": 0.004881872380000001,
            "times": [
                0.0036003673800000004,
                0.004881872380000001
            ],
            "exit_codes": [
                0,
                0
            ],
            "parameters": {
                "Threads": "30"
            }
        },
        {
            "command": ".//target/release/lprq_epoch_mpmc 22 11 1 true 0.0",
            "mean": 0.0038201809600000003,
            "stddev": 9.092544677921562e-05,
            "median": 0.0038201809600000003,
            "user": 0.00746174,
            "system": 0.00545016,
            "min": 0.0037558869600000004,
            "max": 0.0038844749600000002,
            "times": [
                0.0037558869600000004,
                0.0038844749600000002
            ],
            "exit_codes": [
                0,
                0
            ],
            "parameters": {
                "Threads": "33"
            }
        },
        {
            "command": ".//target/release/lprq_epoch_mpmc 24 12 1 true 0.0",
            "mean": 0.00465731948,
            "stddev": 0.0009401465488486354,
            "median": 0.00465731948,
            "user": 0.0003205000000000001,
            "system": 0.01948006,
            "min": 0.00399253548,
            "max": 0.00532210348,
            "times": [
                0.00532210348,
                0.00399253548
            ],
            "exit_codes": [
                0,
                0
            ],
            "parameters": {
                "Threads": "36"
            }
        }
    ]
}