{
    "results": [
        {
            "command": ".//target/release/lprq_epoch_mpmc 1 1 8 true 0.0",
            "mean": 10.51902617192,
            "stddev": 0.14721426778558003,
            "median": 10.50121124452,
            "user": 20.99913344,
            "system": 0.031626839999999996,
            "min": 10.305470182019999,
            "max": 10.77877843702,
            "times": [
                10.77877843702,
                10.42228700202,
                10.50143924202,
                10.500983247019999,
                10.387764450019999,
                10.43342390002,
                10.305470182019999,
                10.60802982702,
                10.53495613402,
                10.71712929802
            ],
            "exit_codes": [
                0,
                0,
                0,
                0,
                0,
                0,
                0,
                0,
                0,
                0
            ],
            "parameters": {
                "Threads": "2"
            }
        },
        {
            "command": ".//target/release/lprq_epoch_mpmc 2 2 8 true 0.0",
            "mean": 14.768459389059998,
            "stddev": 2.638552429182496,
            "median": 13.50948804586,
            "user": 58.98684591999999,
            "system": 0.045023259999999996,
            "min": 13.12738603836,
            "max": 21.19128591036,
            "times": [
                17.55244029236,
                13.77405459236,
                13.20927359136,
                13.24492149936,
                13.12738603836,
                14.56816209936,
                21.19128591036,
                13.15763582836,
                14.69729122836,
                13.16214281036
            ],
            "exit_codes": [
                0,
                0,
                0,
                0,
                0,
                0,
                0,
                0,
                0,
                0
            ],
            "parameters": {
                "Threads": "4"
            }
        },
        {
            "command": ".//target/release/lprq_epoch_mpmc 3 3 8 true 0.0",
            "mean": 16.390382220859998,
            "stddev": 1.566177286975628,
            "median": 15.99957399126,
            "user": 98.18678961999998,
            "system": 0.04496328,
            "min": 14.91640045826,
            "max": 20.47689195726,
            "times": [
                16.413965808260002,
                16.24348567926,
                16.01947198926,
                15.979675993259999,
                15.875236212259999,
                15.58791746726,
                15.22321074826,
                17.16756589526,
                20.47689195726,
                14.91640045826
            ],
            "exit_codes": [
                0,
                0,
                0,
                0,
                0,
                0,
                0,
                0,
                0,
                0
            ],
            "parameters": {
                "Threads": "6"
            }
        },
        {
            "command": ".//target/release/lprq_epoch_mpmc 4 4 8 true 0.0",
            "mean": 15.96582299776,
            "stddev": 0.784396433313465,
            "median": 16.00701987396,
            "user": 127.48655478,
            "system": 0.06636592,
            "min": 14.33196993996,
            "max": 17.20237556096,
            "times": [
                16.89843593196,
                15.62416022296,
                14.33196993996,
                17.20237556096,
                16.15267089096,
                16.04904762196,
                15.590374114960001,
                15.96499212596,
                16.21005783296,
                15.63414573496
            ],
            "exit_codes": [
                0,
                0,
                0,
                0,
                0,
                0,
                0,
                0,
                0,
                0
            ],
            "parameters": {
                "Threads": "8"
            }
        },
        {
            "command": ".//target/release/lprq_epoch_mpmc 5 5 8 true 0.0",
            "mean": 16.668838749240003,
            "stddev": 0.5239401987907835,
            "median": 16.60468053454,
            "user": 166.3487231,
            "system": 0.08761586000000002,
            "min": 16.09702461954,
            "max": 17.66668541354,
            "times": [
                17.45385806854,
                16.666165908540002,
                17.66668541354,
                16.80077188454,
                16.355176101540003,
                16.09702461954,
                16.55991705054,
                16.22851225554,
                16.649444018540002,
                16.21083217154
            ],
            "exit_codes": [
                0,
                0,
                0,
                0,
                0,
                0,
                0,
                0,
                0,
                0
            ],
            "parameters": {
                "Threads": "10"
            }
        },
        {
            "command": ".//target/release/lprq_epoch_mpmc 6 6 8 true 0.0",
            "mean": 19.65044767818,
            "stddev": 0.8406022192341062,
            "median": 19.48568563978,
            "user": 235.41436344,
            "system": 0.10859632,
            "min": 18.543480327279998,
            "max": 21.09164812728,
            "times": [
                18.85210880428,
                19.179489488279998,
                19.46988511528,
                20.84069892728,
                19.61037911228,
                18.543480327279998,
                19.50148616428,
                20.306936017279998,
                19.10836469828,
                21.09164812728
            ],
            "exit_codes": [
                0,
                0,
                0,
                0,
                0,
                0,
                0,
                0,
                0,
                0
            ],
            "parameters": {
                "Threads": "12"
            }
        },
        {
            "command": ".//target/release/lprq_epoch_mpmc 7 7 8 true 0.0",
            "mean": 20.365084713819993,
            "stddev": 0.5040794249329632,
            "median": 20.22363340772,
            "user": 284.60771704,
            "system": 0.1254764,
            "min": 19.66402112922,
            "max": 21.183516536219997,
            "times": [
                19.66402112922,
                20.04248553822,
                21.183516536219997,
                20.36580091522,
                19.844814941219997,
                20.08146590022,
                20.78441891722,
                20.76536747822,
                20.85726249622,
                20.06169328622
            ],
            "exit_codes": [
                0,
                0,
                0,
                0,
                0,
                0,
                0,
                0,
                0,
                0
            ],
            "parameters": {
                "Threads": "14"
            }
        },
        {
            "command": ".//target/release/lprq_epoch_mpmc 8 8 8 true 0.0",
            "mean": 20.71391757796,
            "stddev": 0.4749305201894052,
            "median": 20.70146615186,
            "user": 330.78735857999993,
            "system": 0.17598371999999998,
            "min": 20.01353197136,
            "max": 21.44530597436,
            "times": [
                20.01353197136,
                20.72780176936,
                20.05796739636,
                21.44530597436,
                21.08689457536,
                21.24240047936,
                20.67513053436,
                20.35978501136,
                20.87362900936,
                20.65672905836
            ],