{
    "results": [
        {
            "command": ".//target/release/lprq_epoch_pairwise 36 8 true 0.0",
            "mean": 6.360884018960001,
            "stddev": 0.1484988163752603,
            "median": 6.369826144960001,
            "user": 222.40456304,
            "system": 0.026001599999999996,
            "min": 6.16375735446,
            "max": 6.55929535146,
            "times": [
                6.55929535146,
                6.20385385346,
                6.517453429460001,
                6.16375735446,
                6.1762216394600005,
                6.51792039646,
                6.287537959460001,
                6.369077922460001,
                6.44314791546,
                6.370574367460001
            ],
            "exit_codes": [
                0,
                0,
                0,
                0,
                0,
                0,
                0,
                0,
                0,
                0
            ],
            "parameters": {
                "Congestion": "0.0"
            }
        },
        {
            "command": ".//target/release/lprq_epoch_pairwise 36 8 true 0.25",
            "mean": 6.577116611060001,
            "stddev": 0.3532027642095057,
            "median": 6.43525892636,
            "user": 230.06335506,
            "system": 0.02603254,
            "min": 6.16020975236,
            "max": 7.09233799636,
            "times": [
                6.40428656136,
                6.327999370360001,
                6.3438506743600005,
                6.78304046236,
                7.05812498336,
                6.92173888036,
                7.09233799636,
                6.466231291360001,
                6.21334613836,
                6.16020975236
            ],
            "exit_codes": [
                0,
                0,
                0,
                0,
                0,
                0,
                0,
                0,
                0,
                0
            ],
            "parameters": {
                "Congestion": "0.25"
            }
        },
        {
            "command": ".//target/release/lprq_epoch_pairwise 36 8 true 0.5",
            "mean": 6.3409260075,
            "stddev": 0.19552624670687957,
            "median": 6.2453696784999995,
            "user": 221.69891797999998,
            "system": 0.02697928,
            "min": 6.0940312825000005,
            "max": 6.6873958355,
            "times": [
                6.4401007285,
                6.2730775495,
                6.5390605315000006,
                6.1963407845,
                6.2134481035,
                6.5396511635,
                6.0940312825000005,
                6.6873958355,
                6.2176618075,
                6.2084922885000005
            ],
            "exit_codes": [
                0,
                0,
                0,
                0,
                0,
                0,
                0,
                0,
                0,
                0
            ],
            "parameters": {
                "Congestion": "0.5"
            }
        },
        {
            "command": ".//target/release/lprq_epoch_pairwise 36 8 true 1.0",
            "mean": 6.554596549999999,
            "stddev": 0.3687004352581041,
            "median": 6.6119802352,
            "user": 229.41545391999998,
            "system": 0.030257259999999998,
            "min": 6.1376304542,
            "max": 6.9958034712,
            "times": [
                6.8890679652,
                6.4035562042,
                6.1832531952,
                6.1588434652,
                6.1376304542,
                6.1860992342,
                6.8924923902,
                6.8788148542,
                6.8204042662,
                6.9958034712
            ],
            "exit_codes": [
                0,
                0,
                0,
                0,
                0,
                0,
                0,
                0,
                0,
                0
            ],
            "parameters": {
                "Congestion": "1.0"
            }
        }
    ]
}