{
    "results": [
        {
            "command": ".//target/release/lprq_epoch_mpmc 1 1 8 true 0.0",
            "mean": 10.5143784103,
            "stddev": 0.15148326341730523,
            "median": 10.509232997599998,
            "user": 20.987437300000003,
            "system": 0.03361824,
            "min": 10.3418297266,
            "max": 10.7337064036,
            "times": [
                10.369824206599999,
                10.5911779006,
                10.3418297266,
                10.3499522086,
                10.398414019599999,
                10.6118975296,
                10.7337064036,
                10.563781668599999,
                10.454684326599999,
                10.7285161126
            ],
            "exit_codes": [
                0,
                0,
                0,
                0,
                0,
                0,
                0,
                0,
                0,
                0
            ],
            "parameters": {
                "Threads": "2"
            }
        },
        {
            "command": ".//target/release/lprq_epoch_mpmc 2 2 8 true 0.0",
            "mean": 13.863697605899997,
            "stddev": 1.1523206509525399,
            "median": 13.2202933648,
            "user": 55.35951714,
            "system": 0.05805104,
            "min": 12.6929123213,
            "max": 16.3993861073,
            "times": [
                14.9294208533,
                14.0143628703,
                13.2295488183,
                12.6929123213,
                13.2110379113,
                16.3993861073,
                14.6835935603,
                13.1680709683,
                13.1766926033,
                13.1319500453
            ],
            "exit_codes": [
                0,
                0,
                0,
                0,
                0,
                0,
                0,
                0,
                0,
                0
            ],
            "parameters": {
                "Threads": "4"
            }
        },
        {
            "command": ".//target/release/lprq_epoch_mpmc 3 3 8 true 0.0",
            "mean": 16.08897131458,
            "stddev": 0.8853809365697635,
            "median": 16.08869999028,
            "user": 96.35764884,
            "system": 0.042057,
            "min": 14.59383035878,
            "max": 17.20798750978,
            "times": [
                16.91407686678,
                17.09902675178,
                16.57695440078,
                15.71731848178,
                17.20798750978,
                16.37740887778,
                15.09729782578,
                15.79999110278,
                15.505820969779998,
                14.59383035878
            ],
            "exit_codes": [
                0,
                0,
                0,
                0,
                0,
                0,
                0,
                0,
                0,
                0
            ],
            "parameters": {
                "Threads": "6"
            }
        },
        {
            "command": ".//target/release/lprq_epoch_mpmc 4 4 8 true 0.0",
            "mean": 15.83212956106,
            "stddev": 0.39901220205213755,
            "median": 15.81758694886,
            "user": 126.43252073999997,
            "system": 0.052351459999999995,
            "min": 15.32211446736,
            "max": 16.667178642360003,
            "times": [
                15.32211446736,
                16.13282924636,
                16.066324690360002,
                16.667178642360003,
                15.62919823136,
                15.83332771536,
                15.34803748036,
                15.61287683736,
                15.80184618236,
                15.90756211736
            ],
            "exit_codes": [
                0,
                0,
                0,
                0,
                0,
                0,
                0,
                0,
                0,
                0
            ],
            "parameters": {
                "Threads": "8"
            }
        },
        {
            "command": ".//target/release/lprq_epoch_mpmc 5 5 8 true 0.0",
            "mean": 16.85103147024,
            "stddev": 0.5834067338918841,
            "median": 16.73685843674,
            "user": 168.18732968,
            "system": 0.07721794,
            "min": 16.147746176240002,
            "max": 17.73267101424,
            "times": [
                16.88523553224,
                17.287677000240002,
                16.28434747424,
                16.147746176240002,
                16.58848134124,
                17.73267101424,
                16.34516437424,
                17.67478282524,
                17.146460100240002,
                16.41774886424
            ],
            "exit_codes": [
                0,
                0,
                0,
                0,
                0,
                0,
                0,
                0,
                0,
                0
            ],
            "parameters": {
                "Threads": "10"
            }
        },
        {
            "command": ".//target/release/lprq_epoch_mpmc 6 6 8 true 0.0",
            "mean": 19.65379007532,
            "stddev": 0.7132324833011662,
            "median": 19.771908951920004,
            "user": 235.44798152000004,
            "system": 0.11085612,
            "min": 18.575238359420002,
            "max": 20.83524776042,
            "times": [
                19.88482114142,
                19.206765981420002,
                18.77878835842,
                18.575238359420002,
                19.834541239420002,
                19.203706857420002,
                19.709276664420003,
                20.83524776042,
                20.113853671420003,
                20.39566071942
            ],
            "exit_codes": [
                0,
                0,
                0,
                0,
                0,
                0,
                0,
                0,
                0,
                0
            ],
            "parameters": {
                "Threads": "12"
            }
        },
        {
            "command": ".//target/release/lprq_epoch_mpmc 7 7 8 true 0.0",
            "mean": 20.34914923056,
            "stddev": 0.7300244780707755,
            "median": 20.44998832216,
            "user": 284.36777682,
            "system": 0.11908211999999999,
            "min": 19.04273982666,
            "max": 21.475855347659998,
            "times": [
                20.566344329659998,
                20.22930023966,
                20.42222658766,
                20.83097090666,
                19.27157640766,
                20.248229135659997,
                21.475855347659998,
                20.47775005666,
                20.926499467659998,
                19.04273982666
            ],
            "exit_codes": [
                0,
                0,
                0,
                0,
                0,
                0,
                0,
                0,
                0,
                0
            ],
            "parameters": {
                "Threads": "14"
            }
        },
        {
            "command": ".//target/release/lprq_epoch_mpmc 8 8 8 true 0.0",
            "mean": 20.6178701132,
            "stddev": 0.6350405760985577,
            "median": 20.537905908200003,
            "user": 329.23756992,
            "system": 0.1704859,
            "min": 19.7650103277,
            "max": 21.7709245527,
            "times": [
                20.7972021517,
                21.7709245527,
                20.718938456700002,
                20.1621616577,
                21.2908036547,
                20.3568733597,
                21.0907843187,
                20.2975924587,
                19.9284101937,
                19.7650103277
            ],