{
    "results": [
        {
            "command": ".//target/release/lprq_epoch_mpmc 18 18 8 true 0.0",
            "mean": 13.91513893072,
            "stddev": 2.1455626815660276,
            "median": 13.127627046019999,
            "user": 478.11920818,
            "system": 0.11421816,
            "min": 11.63135661402,
            "max": 18.30994797902,
            "times": [
                13.11820539002,
                17.28865479002,
                18.30994797902,
                11.63135661402,
                13.88195369702,
                13.48506555702,
                12.467204112020001,
                12.932950033020001,
                13.13704870202,
                12.89900243302
            ],
            "exit_codes": [
                0,
                0,
                0,
                0,
                0,
                0,
                0,
                0,
                0,
                0
            ],
            "parameters": {
                "Congestion": "0.0"
            }
        },
        {
            "command": ".//target/release/lprq_epoch_mpmc 18 18 8 true 0.25",
            "mean": 14.156478117280002,
            "stddev": 2.167831482214019,
            "median": 13.66984025868,
            "user": 485.12210017999996,
            "system": 0.11710574,
            "min": 12.380845604180001,
            "max": 20.16647755018,
            "times": [
                13.80973452518,
                13.21287327318,
                12.380845604180001,
                13.08892492318,
                13.63031416418,
                13.70362897418,
                13.63605154318,
                14.12344221918,
                13.812488396180001,
                20.16647755018
            ],
            "exit_codes": [
                0,
                0,
                0,
                0,
                0,
                0,
                0,
                0,
                0,
                0
            ],
            "parameters": {
                "Congestion": "0.25"
            }
        },
        {
            "command": ".//target/release/lprq_epoch_mpmc 18 18 8 true 0.5",
            "mean": 13.34639844676,
            "stddev": 0.8821281156246555,
            "median": 13.36179765526,
            "user": 460.75051563999995,
            "system": 0.102738,
            "min": 11.92850703626,
            "max": 14.62759406526,
            "times": [
                12.51363603826,
                12.82292678426,
                14.17015783826,
                12.56009823126,
                13.87184602226,
                14.24562314126,
                14.62759406526,
                13.39289423926,
                11.92850703626,
                13.33070107126
            ],
            "exit_codes": [
                0,
                0,
                0,
                0,
                0,
                0,
                0,
                0,
                0,
                0
            ],
            "parameters": {
                "Congestion": "0.5"
            }
        },
        {
            "command": ".//target/release/lprq_epoch_mpmc 18 18 8 true 1.0",
            "mean": 13.726640313559997,
            "stddev": 0.9682140100929839,
            "median": 13.37808252196,
            "user": 474.50139013999996,
            "system": 0.07605003999999999,
            "min": 12.80997599496,
            "max": 15.23164329696,
            "times": [
                13.33180656596,
                13.42435847796,
                15.23164329696,
                12.83527451896,
                12.88113206796,
                12.80997599496,
                12.96264036696,
                15.200286071959999,
                14.58991489296,
                13.999370880959999
            ],
            "exit_codes": [
                0,
                0,
                0,
                0,
                0,
                0,
                0,
                0,
                0,
                0
            ],
            "parameters": {
                "Congestion": "1.0"
            }
        }
    ]
}