{
    "results": [
        {
            "command": ".//target/release/lprq_epoch_pairwise 36 8 true 0.0",
            "mean": 6.647570036120001,
            "stddev": 0.3832788758333913,
            "median": 6.48890043702,
            "user": 232.48800189999997,
            "system": 0.03329274,
            "min": 6.24089142502,
            "max": 7.36825895302,
            "times": [
                6.54075919902,
                6.24089142502,
                6.36324008002,
                6.43704167502,
                6.2779158410199996,
                7.067242676019999,
                6.7717126820199995,
                6.99254484802,
                7.36825895302,
                6.4160929820199994
            ],
            "exit_codes": [
                0,
                0,
                0,
                0,
                0,
                0,
                0,
                0,
                0,
                0
            ],
            "parameters": {
                "Congestion": "0.0"
            }
        },
        {
            "command": ".//target/release/lprq_epoch_pairwise 36 8 true 0.25",
            "mean": 6.387469038619999,
            "stddev": 0.26038366244616695,
            "median": 6.32510621232,
            "user": 223.24789724000001,
            "system": 0.02454892,
            "min": 6.11990466282,
            "max": 6.94049976482,
            "times": [
                6.94049976482,
                6.45607350482,
                6.37942417782,
                6.45870504982,
                6.6822981508199994,
                6.22787249582,
                6.11990466282,
                6.20071376982,
                6.13841056282,
                6.27078824682
            ],
            "exit_codes": [
                0,
                0,
                0,
                0,
                0,
                0,
                0,
                0,
                0,
                0
            ],
            "parameters": {
                "Congestion": "0.25"
            }
        },
        {
            "command": ".//target/release/lprq_epoch_pairwise 36 8 true 0.5",
            "mean": 6.450118148699998,
            "stddev": 0.26449056878477417,
            "median": 6.4671238633999995,
            "user": 225.52674082,
            "system": 0.0215914,
            "min": 6.1224836984,
            "max": 6.9455054374,
            "times": [
                6.6718442864,
                6.4927244773999995,
                6.205966280399999,
                6.1556855513999995,
                6.1224836984,
                6.441523249399999,
                6.2670666754,
                6.6269297664,
                6.5714520644,
                6.9455054374
            ],
            "exit_codes": [
                0,
                0,
                0,
                0,
                0,
                0,
                0,
                0,
                0,
                0
            ],
            "parameters": {
                "Congestion": "0.5"
            }
        },
        {
            "command": ".//target/release/lprq_epoch_pairwise 36 8 true 1.0",
            "mean": 6.967041012760001,
            "stddev": 0.3693537594302317,
            "median": 6.9895278227599995,
            "user": 243.8447782,
            "system": 0.030883639999999997,
            "min": 6.12640328526,
            "max": 7.39926915526,
            "times": [
                7.15361692326,
                6.88267865926,
                7.09637698626,
                7.39926915526,
                7.36464476826,
                7.19143857526,
                6.8226025442600005,
                6.79286840426,
                6.84051082626,
                6.12640328526
            ],
            "exit_codes": [
                0,
                0,
                0,
                0,
                0,
                0,
                0,
                0,
                0,
                0
            ],
            "parameters": {
                "Congestion": "1.0"
            }
        }
    ]
}