{
    "results": [
        {
            "command": ".//target/release/lprq_epoch_mpmc 1 2 1 true 0.0",
            "mean": 0.0015039518800000005,
            "stddev": 4.576395087839327e-06,
            "median": 0.0015039518800000005,
            "user": 0.0007100800000000001,
            "system": 0.00111072,
            "min": 0.0015007158800000005,
            "max": 0.0015071878800000005,
            "times": [
                0.0015071878800000005,
                0.0015007158800000005
            ],
            "exit_codes": [
                0,
                0
            ],
            "parameters": {
                "Threads": "3"
            }
        },
        {
            "command": ".//target/release/lprq_epoch_mpmc 2 4 1 true 0.0",
            "mean": 0.0018812241200000003,
            "stddev": 0.00011300556312854712,
            "median": 0.0018812241200000003,
            "user": 0.0010398599999999997,
            "system": 0.0017510999999999998,
            "min": 0.0018013171200000001,
            "max": 0.0019611311200000005,
            "times": [
                0.0018013171200000001,
                0.0019611311200000005
            ],
            "exit_codes": [
                0,
                0
            ],
            "parameters": {
                "Threads": "6"
            }
        },
        {
            "command": ".//target/release/lprq_epoch_mpmc 3 6 1 true 0.0",
            "mean": 0.00205787846,
            "stddev": 0.00021559332204987235,
            "median": 0.00205787846,
            "user": 0.00024139999999999996,
            "system": 0.0036080599999999997,
            "min": 0.0019054309600000001,
            "max": 0.00221032596,
            "times": [
                0.00221032596,
                0.0019054309600000001
            ],
            "exit_codes": [
                0,
                0
            ],
            "parameters": {
                "Threads": "9"
            }
        },
        {
            "command": ".//target/release/lprq_epoch_mpmc 4 8 1 true 0.0",
            "mean": 0.00282967368,
            "stddev": 0.0007362120034069667,
            "median": 0.00282967368,
            "user": 0.0028759,
            "system": 0.00299373,
            "min": 0.00230909318,
            "max": 0.0033502541799999997,
            "times": [
                0.00230909318,
                0.0033502541799999997
            ],
            "exit_codes": [
                0,
                0
            ],
            "parameters": {
                "Threads": "12"
            }
        },
        {
            "command": ".//target/release/lprq_epoch_mpmc 5 10 1 true 0.0",
            "mean": 0.00233166666,
            "stddev": 5.405194946068089e-05,
            "median": 0.00233166666,
            "user": 0.0036927,
            "system": 0.00309128,
            "min": 0.00229344616,
            "max": 0.00236988716,
            "times": [
                0.00236988716,
                0.00229344616
            ],
            "exit_codes": [
                0,
                0
            ],
            "parameters": {
                "Threads": "15"
            }
        },
        {
            "command": ".//target/release/lprq_epoch_mpmc 6 12 1 true 0.0",
            "mean": 0.0025601934600000004,
            "stddev": 1.0800348975843338e-05,
            "median": 0.0025601934600000004,
            "user": 0.0045557,
            "system": 0.004161359999999999,
            "min": 0.0025525564600000004,
            "max": 0.0025678304600000004,
            "times": [
                0.0025678304600000004,
                0.0025525564600000004
            ],
            "exit_codes": [
                0,
                0
            ],
            "parameters": {
                "Threads": "18"
            }
        },
        {
            "command": ".//target/release/lprq_epoch_mpmc 7 14 1 true 0.0",
            "mean": 0.0028260925400000005,
            "stddev": 6.765385550358513e-05,
            "median": 0.0028260925400000005,
            "user": 0.004638939999999999,
            "system": 0.006254579999999999,
            "min": 0.0027782540400000007,
            "max": 0.0028739310400000004,
            "times": [
                0.0027782540400000007,
                0.0028739310400000004
            ],
            "exit_codes": [
                0,
                0
            ],
            "parameters": {
                "Threads": "21"
            }
        },
        {
            "command": ".//target/release/lprq_epoch_mpmc 8 16 1 true 0.0",
            "mean": 0.0032495973400000003,
            "stddev": 0.00011017289336311322,
            "median": 0.0032495973400000003,
            "user": 0.00719712,
            "system": 0.00651758,
            "min": 0.0031716933400000005,
            "max": 0.00332750134,
            "times": [
                0.0031716933400000005,
                0.00332750134
            ],
            "exit_codes": [
                0,
                0
            ],
            "parameters": {
                "Threads": "24"
            }
        },
        {
            "command": ".//target/release/lprq_epoch_mpmc 9 18 1 true 0.0",
            "mean": 0.0036565868800000003,
            "stddev": 0.00012129285460405331,
            "median": 0.0036565868800000003,
            "user": 0.0004099799999999999,
            "system": 0.01647408,
            "min": 0.00357081988,
            "max": 0.0037423538800000003,
            "times": [
                0.0037423538800000003,
                0.00357081988
            ],
            "exit_codes": [
                0,
                0
            ],
            "parameters": {
                "Threads": "27"
            }
        },
        {
            "command": ".//target/release/lprq_epoch_mpmc 10 20 1 true 0.0",
            "mean": 0.004453629300000001,
            "stddev": 0.0003324073623018896,
            "median": 0.004453629300000001,
            "user": 0.009227339999999999,
            "system": 0.01758948,
            "min": 0.004218581800000001,
            "max": 0.0046886768,
            "times": [
                0.0046886768,
                0.004218581800000001
            ],
            "exit_codes": [
                0,
                0
            ],
            "parameters": {
                "Threads": "30"
            }
        },
        {
            "command": ".//target/release/lprq_epoch_mpmc 11 22 1 true 0.0",
            "mean": 0.0060159239,
            "stddev": 0.00012424714673585046,
            "median": 0.0060159239,
            "user": 0.049849920000000006,
            "system": 0.00810734,
            "min": 0.0059280679,
            "max": 0.0061037799,
            "times": [
                0.0061037799,
                0.0059280679
            ],
            "exit_codes": [
                0,
                0
            ],
            "parameters": {
                "Threads": "33"
            }
        },
        {
            "command": ".//target/release/lprq_epoch_mpmc 12 24 1 true 0.0",
            "mean": 0.0042420722000000004,
            "stddev": 1.8618121548636718e-06,
            "median": 0.0042420722000000004,
            "user": 0.00013671999999999984,
            "system": 0.02493468,
            "min": 0.0042407557,
            "max": 0.0042433887,
            "times": [
                0.0042407557,
                0.0042433887
            ],
            "exit_codes": [
                0,
                0
            ],
            "parameters": {
                "Threads": "36"
            }
        }
    ]
}