{
    "results": [
        {
            "command": ".//target/release/lprq_epoch_mpmc 18 18 8 true 0.0",
            "mean": 14.116310515040002,
            "stddev": 1.8272019562888349,
            "median": 13.50851037884,
            "user": 484.9267352,
            "system": 0.15523482,
            "min": 12.12284781834,
            "max": 17.95933212434,
            "times": [
                16.578787972340002,
                12.58103657334,
                13.58320308134,
                14.43487902634,
                13.06868676334,
                13.43381767634,
                13.157472296340002,
                14.24304181834,
                17.95933212434,
                12.12284781834
            ],
            "exit_codes": [
                0,
                0,
                0,
                0,
                0,
                0,
                0,
                0,
                0,
                0
            ],
            "parameters": {
                "Congestion": "0.0"
            }
        },
        {
            "command": ".//target/release/lprq_epoch_mpmc 18 18 8 true 0.25",
            "mean": 14.37028220738,
            "stddev": 2.1310266745343855,
            "median": 13.73026072598,
            "user": 493.56999135999996,
            "system": 0.11392822,
            "min": 12.29405009998,
            "max": 18.43871151698,
            "times": [
                13.98954521298,
                13.67852462698,
                12.29405009998,
                13.58193940698,
                17.936294907980002,
                12.536410198979999,
                12.85947873898,
                14.60587053898,
                18.43871151698,
                13.78199682498
            ],
            "exit_codes": [
                0,
                0,
                0,
                0,
                0,
                0,
                0,
                0,
                0,
                0
            ],
            "parameters": {
                "Congestion": "0.25"
            }
        },
        {
            "command": ".//target/release/lprq_epoch_mpmc 18 18 8 true 0.5",
            "mean": 14.4064346854,
            "stddev": 1.5760098896071173,
            "median": 13.994542468,
            "user": 495.44769977999994,
            "system": 0.09691651999999999,
            "min": 12.713822699,
            "max": 18.337664798,
            "times": [
                14.381869602,
                18.337664798,
                14.339074928,
                12.713822699,
                13.424080248000001,
                14.031696149,
                13.532929419,
                13.719627088000001,
                13.957388787000001,
                15.626193136
            ],
            "exit_codes": [
                0,
                0,
                0,
                0,
                0,
                0,
                0,
                0,
                0,
                0
            ],
            "parameters": {
                "Congestion": "0.5"
            }
        },
        {
            "command": ".//target/release/lprq_epoch_mpmc 18 18 8 true 1.0",
            "mean": 14.600134699679998,
            "stddev": 1.9245600939440575,
            "median": 13.89117297058,
            "user": 501.90896788,
            "system": 0.12694149999999998,
            "min": 12.84285999858,
            "max": 18.484244113579997,
            "times": [
                14.84829637658,
                13.93124281858,
                13.75183463758,
                12.95106103758,
                12.84285999858,
                17.41309709758,
                18.484244113579997,
                14.945986833580001,
                13.85110312258,
                12.98162096058
            ],
            "exit_codes": [
                0,
                0,
                0,
                0,
                0,
                0,
                0,
                0,
                0,
                0
            ],
            "parameters": {
                "Congestion": "1.0"
            }
        }
    ]
}