{
    "results": [
        {
            "command": ".//target/release/lprq_epoch_mpmc 24 12 1 true 0.0",
            "mean": 0.005587784760000001,
            "stddev": 0.002239407176017796,
            "median": 0.005587784760000001,
            "user": 0.01171362,
            "system": 0.0138135,
            "min": 0.004004284760000001,
            "max": 0.00717128476,
            "times": [
                0.004004284760000001,
                0.00717128476
            ],
            "exit_codes": [
                0,
                0
            ],
            "parameters": {
                "Congestion": "0.0"
            }
        },
        {
            "command": ".//target/release/lprq_epoch_mpmc 24 12 1 true 0.25",
            "mean": 0.0046985562,
            "stddev": 0.0009649256917817558,
            "median": 0.0046985562,
            "user": 0.008050779999999999,
            "system": 0.010281479999999999,
            "min": 0.0040162507,
            "max": 0.0053808617,
            "times": [
                0.0053808617,
                0.0040162507
            ],
            "exit_codes": [
                0,
                0
            ],
            "parameters": {
                "Congestion": "0.25"
            }
        },
        {
            "command": ".//target/release/lprq_epoch_mpmc 24 12 1 true 0.5",
            "mean": 0.0048279581600000005,
            "stddev": 0.00037255617823088113,
            "median": 0.0048279581600000005,
            "user": 0.00995458,
            "system": 0.00922068,
            "min": 0.00456452116,
            "max": 0.0050913951600000005,
            "times": [
                0.00456452116,
                0.0050913951600000005
            ],
            "exit_codes": [
                0,
                0
            ],
            "parameters": {
                "Congestion": "0.5"
            }
        },
        {
            "command": ".//target/release/lprq_epoch_mpmc 24 12 1 true 1.0",
            "mean": 0.00414867202,
            "stddev": 0.00022062367969123367,
            "median": 0.00414867202,
            "user": 0.00018204000000000012,
            "system": 0.014843739999999998,
            "min": 0.00399266752,
            "max": 0.00430467652,
            "times": [
                0.00430467652,
                0.00399266752
            ],
            "exit_codes": [
                0,
                0
            ],
            "parameters": {
                "Congestion": "1.0"
            }
        }
    ]
}