{
    "results": [
        {
            "command": ".//target/release/lprq_leak_mpmc 24 12 8 true 0.0",
            "mean": 7.15945227526,
            "stddev": 0.14107606168645506,
            "median": 7.14849115856,
            "user": 243.41258215999997,
            "system": 0.91948502,
            "min": 6.94430066406,
            "max": 7.45086227606,
            "times": [
                7.14940089706,
                7.45086227606,
                7.09702633506,
                6.94430066406,
                7.15785580906,
                7.02889956106,
                7.14758142006,
                7.29737715206,
                7.09855838106,
                7.22266025706
            ],
            "exit_codes": [
                0,
                0,
                0,
                0,
                0,
                0,
                0,
                0,
                0,
                0
            ],
            "parameters": {
                "Congestion": "0.0"
            }
        },
        {
            "command": ".//target/release/lprq_leak_mpmc 24 12 8 true 0.25",
            "mean": 7.3984703536200005,
            "stddev": 0.19039002412093728,
            "median": 7.37675573402,
            "user": 249.73346980000002,
            "system": 0.62113818,
            "min": 7.0651465700200005,
            "max": 7.75816082902,
            "times": [
                7.4819546930200005,
                7.60013902102,
                7.2845464710200005,
                7.26271732702,
                7.75816082902,
                7.44095628502,
                7.36559785502,
                7.38791361302,
                7.0651465700200005,
                7.337570872020001
            ],
            "exit_codes": [
                0,
                0,
                0,
                0,
                0,
                0,
                0,
                0,
                0,
                0
            ],
            "parameters": {
                "Congestion": "0.25"
            }
        },
        {
            "command": ".//target/release/lprq_leak_mpmc 24 12 8 true 0.5",
            "mean": 7.4392145149,
            "stddev": 0.11306518613189435,
            "median": 7.4325794137,
            "user": 253.63425107999996,
            "system": 0.5944764599999999,
            "min": 7.2425661287,
            "max": 7.6182524327,
            "times": [
                7.3189935757,
                7.377441874700001,
                7.4017564637,
                7.6182524327,
                7.481932323700001,
                7.4541587357,
                7.5316125377,
                7.4110000917,
                7.2425661287,
                7.5544309847
            ],
            "exit_codes": [
                0,
                0,
                0,
                0,
                0,
                0,
                0,
                0,
                0,
                0
            ],
            "parameters": {
                "Congestion": "0.5"
            }
        },
        {
            "command": ".//target/release/lprq_leak_mpmc 24 12 8 true 1.0",
            "mean": 7.490101997159999,
            "stddev": 0.1482952363770898,
            "median": 7.443448479059999,
            "user": 256.69142916,
            "system": 0.58531792,
            "min": 7.33579497456,
            "max": 7.77238372356,
            "times": [
                7.460969051559999,
                7.55337317656,
                7.542350034559999,
                7.37270901256,
                7.425927906559999,
                7.38255219756,
                7.36227215756,
                7.33579497456,
                7.69268773656,
                7.77238372356
            ],
            "exit_codes": [
                0,
                0,
                0,
                0,
                0,
                0,
                0,
                0,
                0,
                0
            ],
            "parameters": {
                "Congestion": "1.0"
            }
        }
    ]
}