{
    "results": [
        {
            "command": ".//target/release/lprq_leak_mpmc 18 18 8 true 0.0",
            "mean": 14.830834713200002,
            "stddev": 0.8428792581982951,
            "median": 14.7517661428,
            "user": 514.77607292,
            "system": 0.07143015999999999,
            "min": 13.7417779943,
            "max": 16.0129573823,
            "times": [
                15.2878436253,
                13.7417779943,
                14.1301519713,
                15.6904402343,
                14.6403384883,
                16.0129573823,
                15.8468221193,
                14.2407276473,
                14.8631937973,
                13.8540938723
            ],
            "exit_codes": [
                0,
                0,
                0,
                0,
                0,
                0,
                0,
                0,
                0,
                0
            ],
            "parameters": {
                "Congestion": "0.0"
            }
        },
        {
            "command": ".//target/release/lprq_leak_mpmc 18 18 8 true 0.25",
            "mean": 15.378101647019998,
            "stddev": 1.1772868905127016,
            "median": 15.141248919319999,
            "user": 533.5126069800001,
            "system": 0.16965828,
            "min": 13.87895019582,
            "max": 17.30161049182,
            "times": [
                14.64468606182,
                17.23405066882,
                13.87895019582,
                16.13020370682,
                15.17908868182,
                14.21099851382,
                15.42636915082,
                14.671649841819999,
                15.10340915682,
                17.30161049182
            ],
            "exit_codes": [
                0,
                0,
                0,
                0,
                0,
                0,
                0,
                0,
                0,
                0
            ],
            "parameters": {
                "Congestion": "0.25"
            }
        },
        {
            "command": ".//target/release/lprq_leak_mpmc 18 18 8 true 0.5",
            "mean": 15.397229555260003,
            "stddev": 1.2218601998557888,
            "median": 15.206358318860001,
            "user": 534.0290819999999,
            "system": 0.08002603999999999,
            "min": 14.181316286360001,
            "max": 18.400069649360002,
            "times": [
                18.400069649360002,
                15.02876563336,
                14.204111046360001,
                14.51304008536,
                15.244703235360001,
                16.07323547636,
                15.168013402360002,
                15.56148211536,
                14.181316286360001,
                15.597558622360001
            ],
            "exit_codes": [
                0,
                0,
                0,
                0,
                0,
                0,
                0,
                0,
                0,
                0
            ],
            "parameters": {
                "Congestion": "0.5"
            }
        },
        {
            "command": ".//target/release/lprq_leak_mpmc 18 18 8 true 1.0",
            "mean": 15.38608749668,
            "stddev": 1.574474320307546,
            "median": 15.64971705868,
            "user": 531.6494436400001,
            "system": 0.061249139999999994,
            "min": 12.63233135268,
            "max": 18.36733674068,
            "times": [
                15.73531411268,
                15.626171078679999,
                16.68446138168,
                14.15788715968,
                12.63233135268,
                15.67326303868,
                14.169280345679999,
                14.73590345068,
                18.36733674068,
                16.07892630568
            ],
            "exit_codes": [
                0,
                0,
                0,
                0,
                0,
                0,
                0,
                0,
                0,
                0
            ],
            "parameters": {
                "Congestion": "1.0"
            }
        }
    ]
}