{
    "results": [
        {
            "command": ".//target/release/lprq_leak_mpmc 1 2 8 true 0.0",
            "mean": 10.64937907048,
            "stddev": 0.09276611295244225,
            "median": 10.65661888308,
            "user": 30.075869039999997,
            "system": 1.61650772,
            "min": 10.50919474808,
            "max": 10.81073968308,
            "times": [
                10.73449234908,
                10.665603536079999,
                10.68161373608,
                10.64763423008,
                10.81073968308,
                10.56322572308,
                10.50919474808,
                10.58627724308,
                10.72431679108,
                10.57069266508
            ],
            "exit_codes": [
                0,
                0,
                0,
                0,
                0,
                0,
                0,
                0,
                0,
                0
            ],
            "parameters": {
                "Threads": "3"
            }
        },
        {
            "command": ".//target/release/lprq_leak_mpmc 2 4 8 true 0.0",
            "mean": 12.856305266979998,
            "stddev": 0.06052185521290057,
            "median": 12.853408182079999,
            "user": 76.53801591999999,
            "system": 0.36812122,
            "min": 12.78257117958,
            "max": 12.94186954158,
            "times": [
                12.78409189158,
                12.90605368358,
                12.812349555579999,
                12.94102852558,
                12.80720815958,
                12.78257117958,
                12.881063768579999,
                12.86697259658,
                12.94186954158,
                12.83984376758
            ],
            "exit_codes": [
                0,
                0,
                0,
                0,
                0,
                0,
                0,
                0,
                0,
                0
            ],
            "parameters": {
                "Threads": "6"
            }
        },
        {
            "command": ".//target/release/lprq_leak_mpmc 3 6 8 true 0.0",
            "mean": 13.920074849739999,
            "stddev": 0.07865872154758499,
            "median": 13.95269407134,
            "user": 124.63783179999999,
            "system": 0.30267518000000004,
            "min": 13.79257455534,
            "max": 14.01513559034,
            "times": [
                13.95284479834,
                13.84568814034,
                13.95254334434,
                13.79257455534,
                13.89079740034,
                13.81752489334,
                13.97185011834,
                14.01513559034,
                14.00617273334,
                13.95561692334
            ],
            "exit_codes": [
                0,
                0,
                0,
                0,
                0,
                0,
                0,
                0,
                0,
                0
            ],
            "parameters": {
                "Threads": "9"
            }
        },
        {
            "command": ".//target/release/lprq_leak_mpmc 4 8 8 true 0.0",
            "mean": 15.245722382279999,
            "stddev": 0.10843650305635176,
            "median": 15.22161401468,
            "user": 181.83563257999998,
            "system": 0.48086029999999996,
            "min": 15.12472929418,
            "max": 15.46292059718,
            "times": [
                15.20419989518,
                15.29092592418,
                15.12819247018,
                15.17451580418,
                15.178656974179999,
                15.12472929418,
                15.28461764618,
                15.46292059718,
                15.36943708318,
                15.23902813418
            ],
            "exit_codes": [
                0,
                0,
                0,
                0,
                0,
                0,
                0,
                0,
                0,
                0
            ],
            "parameters": {
                "Threads": "12"
            }
        },
        {
            "command": ".//target/release/lprq_leak_mpmc 5 10 8 true 0.0",
            "mean": 16.5597210029,
            "stddev": 0.10726604786739673,
            "median": 16.58394573,
            "user": 246.43914157999998,
            "system": 0.81492986,
            "min": 16.3383975245,
            "max": 16.6983246695,
            "times": [
                16.3383975245,
                16.4703970805,
                16.5423002015,
                16.4778294395,
                16.6697082775,
                16.6206765575,
                16.6024365115,
                16.5654549485,
                16.6116848185,
                16.6983246695
            ],
            "exit_codes": [
                0,
                0,
                0,
                0,
                0,
                0,
                0,
                0,
                0,
                0
            ],
            "parameters": {
                "Threads": "15"
            }
        },
        {
            "command": ".//target/release/lprq_leak_mpmc 6 12 8 true 0.0",
            "mean": 18.37948614468,
            "stddev": 0.1642560271808972,
            "median": 18.30779469898,
            "user": 327.7888867399999,
            "system": 1.1924531200000001,
            "min": 18.19186639348,
            "max": 18.66568550848,
            "times": [
                18.40617158748,
                18.24613529648,
                18.19186639348,
                18.58267220648,
                18.26503166948,
                18.32839129548,
                18.26990357948,
                18.66568550848,
                18.55180580748,
                18.28719810248
            ],
            "exit_codes": [
                0,
                0,
                0,
                0,
                0,
                0,
                0,
                0,
                0,
                0
            ],
            "parameters": {
                "Threads": "18"
            }
        },
        {
            "command": ".//target/release/lprq_leak_mpmc 7 14 8 true 0.0",
            "mean": 16.867412803399997,
            "stddev": 0.11908927028341387,
            "median": 16.874642369999997,
            "user": 349.31661556,
            "system": 1.9144933800000001,
            "min": 16.6650695915,
            "max": 17.033604810499998,
            "times": [
                17.033604810499998,
                16.7670300385,
                16.7658851005,
                16.809636624499998,
                16.8485025315,
                16.6650695915,
                16.9088685395,
                17.0285073525,
                16.900782208499997,
                16.946241236499997
            ],
            "exit_codes": [
                0,
                0,
                0,
                0,
                0,
                0,
                0,
                0,
                0,
                0
            ],
            "parameters": {
                "Threads": "21"
            }
        },
        {
            "command": ".//target/release/lprq_leak_mpmc 8 16 8 true 0.0",
            "mean": 16.07683799986,
            "stddev": 0.09960920337150381,
            "median": 16.06798523586,
            "user": 378.7734077399999,
            "system": 2.6130321,
            "min": 15.952263604859999,
            "max": 16.31120939186,
            "times": [
                16.31120939186,
                15.952263604859999,
                16.114767036860002,
                16.07687789686,
                16.061425272860003,
                15.985528301859999,
                16.07454519886,
                16.01048277086,
                16.04566078586,
                16.13561973786
            ],