{
    "results": [
        {
            "command": ".//target/release/lprq_leak_mpmc 2 1 8 true 0.0",
            "mean": 10.971660868859997,
            "stddev": 1.112168511779624,
            "median": 11.388974720459998,
            "user": 32.879924239999994,
            "system": 0.00647386,
            "min": 8.989220588959999,
            "max": 12.23558623696,
            "times": [
                11.296408349959998,
                11.051230254959998,
                8.989220588959999,
                11.481541090959999,
                11.709191407959999,
                12.23558623696,
                10.150169064959998,
                11.64195575696,
                9.30412395196,
                11.857181984959999
            ],
            "exit_codes": [
                0,
                0,
                0,
                0,
                0,
                0,
                0,
                0,
                0,
                0
            ],
            "parameters": {
                "Threads": "3"
            }
        },
        {
            "command": ".//target/release/lprq_leak_mpmc 4 2 8 true 0.0",
            "mean": 9.10831819766,
            "stddev": 1.949056099051574,
            "median": 8.410250095259999,
            "user": 54.1483651,
            "system": 0.0075845800000000005,
            "min": 7.36974290276,
            "max": 12.84117630176,
            "times": [
                7.36974290276,
                12.84117630176,
                8.621876259759999,
                12.424100526759998,
                8.90635953576,
                7.65677290076,
                9.29209940176,
                8.198623930759998,
                7.83472220376,
                7.93770801276
            ],
            "exit_codes": [
                0,
                0,
                0,
                0,
                0,
                0,
                0,
                0,
                0,
                0
            ],
            "parameters": {
                "Threads": "6"
            }
        },
        {
            "command": ".//target/release/lprq_leak_mpmc 6 3 8 true 0.0",
            "mean": 10.29190285956,
            "stddev": 1.6393742420152508,
            "median": 10.54338315036,
            "user": 92.20589744000002,
            "system": 0.010311180000000001,
            "min": 8.15981443286,
            "max": 12.71691062886,
            "times": [
                9.792346860859999,
                8.15981443286,
                11.17849785686,
                10.60965840886,
                12.492576031859999,
                8.18796958486,
                10.77062833086,
                10.47710789186,
                8.53351856786,
                12.71691062886
            ],
            "exit_codes": [
                0,
                0,
                0,
                0,
                0,
                0,
                0,
                0,
                0,
                0
            ],
            "parameters": {
                "Threads": "9"
            }
        },
        {
            "command": ".//target/release/lprq_leak_mpmc 8 4 8 true 0.0",
            "mean": 10.74444210478,
            "stddev": 2.279761059320232,
            "median": 9.462723668979999,
            "user": 127.90634809999999,
            "system": 0.01114602,
            "min": 8.936367361479999,
            "max": 15.292465199479999,
            "times": [
                9.01042444548,
                11.10023725448,
                12.813420922479999,
                15.292465199479999,
                9.03076739048,
                13.268304599479999,
                9.49466785548,
                8.936367361479999,
                9.430779482479998,
                9.06698653648
            ],
            "exit_codes": [
                0,
                0,
                0,
                0,
                0,
                0,
                0,
                0,
                0,
                0
            ],
            "parameters": {
                "Threads": "12"
            }
        },
        {
            "command": ".//target/release/lprq_leak_mpmc 10 5 8 true 0.0",
            "mean": 12.02297085676,
            "stddev": 2.115315918486444,
            "median": 12.28722738946,
            "user": 177.66247073999997,
            "system": 0.01503796,
            "min": 9.28384294996,
            "max": 15.14902673996,
            "times": [
                12.511007683959999,
                12.063447094959999,
                12.894474688959999,
                15.14902673996,
                9.51096892296,
                12.65168439896,
                11.97526581196,
                14.85892200396,
                9.28384294996,
                9.33106827196
            ],
            "exit_codes": [
                0,
                0,
                0,
                0,
                0,
                0,
                0,
                0,
                0,
                0
            ],
            "parameters": {
                "Threads": "15"
            }
        },
        {
            "command": ".//target/release/lprq_leak_mpmc 12 6 8 true 0.0",
            "mean": 11.78576015524,
            "stddev": 1.84883504394233,
            "median": 11.61961870874,
            "user": 207.01399325999995,
            "system": 0.02659864,
            "min": 9.65222309624,
            "max": 14.78053048624,
            "times": [
                10.635322801240001,
                14.78053048624,
                9.77092737624,
                14.555496036240001,
                12.573492529240001,
                12.27777302924,
                9.65222309624,
                12.37929112324,
                10.96146438824,
                10.27108068624
            ],
            "exit_codes": [
                0,
                0,
                0,
                0,
                0,
                0,
                0,
                0,
                0,
                0
            ],
            "parameters": {
                "Threads": "18"
            }
        },
        {
            "command": ".//target/release/lprq_leak_mpmc 14 7 8 true 0.0",
            "mean": 10.304514456900002,
            "stddev": 0.6498029945819668,
            "median": 10.255526429800002,
            "user": 207.56426413999998,
            "system": 0.02570074,
            "min": 9.570614006800001,
            "max": 11.324531308800001,
            "times": [
                10.086106307800002,
                10.7363910108,
                10.424946551800002,
                9.570614006800001,
                11.224887152800001,
                10.5104339998,
                11.324531308800001,
                9.622000058800001,
                9.612486697800001,
                9.932747473800001
            ],
            "exit_codes": [
                0,
                0,
                0,
                0,
                0,
                0,
                0,
                0,
                0,
                0
            ],
            "parameters": {
                "Threads": "21"
            }
        },
        {
            "command": ".//target/release/lprq_leak_mpmc 16 8 8 true 0.0",
            "mean": 8.82485875866,
            "stddev": 0.39952246881124326,
            "median": 8.82061830696,
            "user": 201.01941336000002,
            "system": 0.03077174,
            "min": 8.28496654546,
            "max": 9.29407790546,
            "times": [
                9.28464214446,
                8.44090879346,
                9.04223874046,
                8.59899787346,
                8.55915646846,
                9.24504921946,
                9.29407790546,
                8.28496654546,
                8.42582129646,
                9.07272859946
            ],