{
    "results": [
        {
            "command": ".//target/release/lprq_leak_mpmc 1 1 8 true 0.0",
            "mean": 12.119360064999999,
            "stddev": 0.07501028147622582,
            "median": 12.1446885493,
            "user": 21.726330599999994,
            "system": 2.30834332,
            "min": 11.9568113828,
            "max": 12.206047226799999,
            "times": [
                11.9568113828,
                12.1570951308,
                12.1215799308,
                12.1900403228,
                12.0821632958,
                12.151896259799999,
                12.1409129668,
                12.148464131799999,
                12.206047226799999,
                12.0385900018
            ],
            "exit_codes": [
                0,
                0,
                0,
                0,
                0,
                0,
                0,
                0,
                0,
                0
            ],
            "parameters": {
                "Threads": "2"
            }
        },
        {
            "command": ".//target/release/lprq_leak_mpmc 2 2 8 true 0.0",
            "mean": 12.22698861784,
            "stddev": 0.19823266809618953,
            "median": 12.23171924324,
            "user": 48.390469120000006,
            "system": 0.3631095,
            "min": 11.887673096239999,
            "max": 12.52543761324,
            "times": [
                11.887673096239999,
                12.20928918524,
                12.52543761324,
                12.17606665724,
                12.387203893239999,
                12.08866561324,
                12.418512248239999,
                12.328386286239999,
                12.25414930124,
                11.99450228424
            ],
            "exit_codes": [
                0,
                0,
                0,
                0,
                0,
                0,
                0,
                0,
                0,
                0
            ],
            "parameters": {
                "Threads": "4"
            }
        },
        {
            "command": ".//target/release/lprq_leak_mpmc 3 3 8 true 0.0",
            "mean": 14.583539032180003,
            "stddev": 0.41549581339499525,
            "median": 14.623223792080001,
            "user": 87.33406203999999,
            "system": 0.06084645999999999,
            "min": 13.968202144080001,
            "max": 15.50467887708,
            "times": [
                14.380207549080001,
                14.63749440708,
                14.12268357308,
                14.631287655080001,
                14.61515992908,
                14.77457920808,
                14.72219429908,
                14.478902680080001,
                13.968202144080001,
                15.50467887708
            ],
            "exit_codes": [
                0,
                0,
                0,
                0,
                0,
                0,
                0,
                0,
                0,
                0
            ],
            "parameters": {
                "Threads": "6"
            }
        },
        {
            "command": ".//target/release/lprq_leak_mpmc 4 4 8 true 0.0",
            "mean": 16.33780009852,
            "stddev": 0.2219473188143724,
            "median": 16.289183848120004,
            "user": 130.4537115,
            "system": 0.09979531999999999,
            "min": 16.054544543120002,
            "max": 16.63377388812,
            "times": [
                16.054544543120002,
                16.58955054412,
                16.14108578712,
                16.293184106120002,
                16.285183590120003,
                16.54189580512,
                16.53948381412,
                16.06148847212,
                16.63377388812,
                16.23781043512
            ],
            "exit_codes": [
                0,
                0,
                0,
                0,
                0,
                0,
                0,
                0,
                0,
                0
            ],
            "parameters": {
                "Threads": "8"
            }
        },
        {
            "command": ".//target/release/lprq_leak_mpmc 5 5 8 true 0.0",
            "mean": 19.214637949720004,
            "stddev": 0.3641328044686865,
            "median": 19.34600717912,
            "user": 191.77968178,
            "system": 0.15247454,
            "min": 18.35193068262,
            "max": 19.58589116562,
            "times": [
                19.30818637062,
                19.43249852362,
                19.58589116562,
                18.97447436962,
                18.35193068262,
                19.383827987620002,
                19.09186995362,
                19.48712066362,
                19.07258141162,
                19.45799836862
            ],
            "exit_codes": [
                0,
                0,
                0,
                0,
                0,
                0,
                0,
                0,
                0,
                0
            ],
            "parameters": {
                "Threads": "10"
            }
        },
        {
            "command": ".//target/release/lprq_leak_mpmc 6 6 8 true 0.0",
            "mean": 22.536514527919998,
            "stddev": 0.568005894164213,
            "median": 22.52650467602,
            "user": 270.05410316000007,
            "system": 0.12630663999999997,
            "min": 21.91761147552,
            "max": 23.63549644152,
            "times": [
                23.25096802752,
                22.61164966452,
                22.58073756952,
                22.47227178252,
                23.63549644152,
                22.07319613452,
                22.08361636352,
                21.91761147552,
                21.97272633952,
                22.76687148052
            ],
            "exit_codes": [
                0,
                0,
                0,
                0,
                0,
                0,
                0,
                0,
                0,
                0
            ],
            "parameters": {
                "Threads": "12"
            }
        },
        {
            "command": ".//target/release/lprq_leak_mpmc 7 7 8 true 0.0",
            "mean": 23.162449686820004,
            "stddev": 0.6074446357455253,
            "median": 23.26721743292,
            "user": 323.93208704,
            "system": 0.08156352,
            "min": 21.86165275092,
            "max": 23.91594350992,
            "times": [
                23.734827212920003,
                23.91594350992,
                23.243260338920003,
                22.475642019920002,
                23.28217115292,
                21.86165275092,
                23.25226371292,
                23.36854684492,
                22.94786757492,
                23.542321749920003
            ],
            "exit_codes": [
                0,
                0,
                0,
                0,
                0,
                0,
                0,
                0,
                0,
                0
            ],
            "parameters": {
                "Threads": "14"
            }
        },
        {
            "command": ".//target/release/lprq_leak_mpmc 8 8 8 true 0.0",
            "mean": 22.80468951954,
            "stddev": 0.8106914629040871,
            "median": 22.675168968839998,
            "user": 364.36825325999996,
            "system": 0.12103599999999999,
            "min": 21.37733154784,
            "max": 23.93894406284,
            "times": [
                22.38833090284,
                22.47094468184,
                23.93894406284,
                22.87939325584,
                22.333634150840002,
                23.03995432984,
                23.599236399840002,
                21.37733154784,
                23.81835439284,
                22.20077147084
            ],