{
    "results": [
        {
            "command": ".//target/release/lprq_leak_mpmc 24 12 8 true 0.0",
            "mean": 7.143290258600001,
            "stddev": 0.180858517323518,
            "median": 7.130685006,
            "user": 243.12342454,
            "system": 0.41191836000000004,
            "min": 6.8702404085,
            "max": 7.3710734115,
            "times": [
                7.3680128425,
                6.9713865005,
                6.9613170135,
                7.1153903555,
                6.8702404085,
                7.2201967875,
                7.3470439295,
                7.0622616805,
                7.3710734115,
                7.1459796565
            ],
            "exit_codes": [
                0,
                0,
                0,
                0,
                0,
                0,
                0,
                0,
                0,
                0
            ],
            "parameters": {
                "Congestion": "0.0"
            }
        },
        {
            "command": ".//target/release/lprq_leak_mpmc 24 12 8 true 0.25",
            "mean": 7.28588035406,
            "stddev": 0.1397242259997428,
            "median": 7.333706361059999,
            "user": 249.08355569999998,
            "system": 0.54804702,
            "min": 6.94231010656,
            "max": 7.41418853056,
            "times": [
                7.28102075156,
                7.16134342456,
                7.33042775556,
                6.94231010656,
                7.41418853056,
                7.30102785056,
                7.33760449356,
                7.40506910456,
                7.34882655656,
                7.336984966559999
            ],
            "exit_codes": [
                0,
                0,
                0,
                0,
                0,
                0,
                0,
                0,
                0,
                0
            ],
            "parameters": {
                "Congestion": "0.25"
            }
        },
        {
            "command": ".//target/release/lprq_leak_mpmc 24 12 8 true 0.5",
            "mean": 7.36783919096,
            "stddev": 0.07586687729710552,
            "median": 7.39192408156,
            "user": 252.88867992000002,
            "system": 0.5864014399999999,
            "min": 7.1954475675600005,
            "max": 7.43624245356,
            "times": [
                7.41702707756,
                7.42464898856,
                7.1954475675600005,
                7.29791175956,
                7.32534910456,
                7.39874085856,
                7.38510730456,
                7.43624245356,
                7.36836261156,
                7.4295541835600005
            ],
            "exit_codes": [
                0,
                0,
                0,
                0,
                0,
                0,
                0,
                0,
                0,
                0
            ],
            "parameters": {
                "Congestion": "0.5"
            }
        },
        {
            "command": ".//target/release/lprq_leak_mpmc 24 12 8 true 1.0",
            "mean": 7.25545041912,
            "stddev": 0.09482476526072077,
            "median": 7.24148818902,
            "user": 252.73018784,
            "system": 0.7026252399999999,
            "min": 7.12285684252,
            "max": 7.39861743252,
            "times": [
                7.33314267152,
                7.12285684252,
                7.35165084752,
                7.17250275052,
                7.15484472752,
                7.39861743252,
                7.33726290452,
                7.25680238152,
                7.22617399652,
                7.20064963652
            ],
            "exit_codes": [
                0,
                0,
                0,
                0,
                0,
                0,
                0,
                0,
                0,
                0
            ],
            "parameters": {
                "Congestion": "1.0"
            }
        }
    ]
}