{
    "results": [
        {
            "command": ".//target/release/lprq_leak_mpmc 18 18 8 true 0.0",
            "mean": 13.602829252140001,
            "stddev": 0.4170628502924348,
            "median": 13.53130109684,
            "user": 476.43804650000004,
            "system": 0.15253078,
            "min": 12.89961697084,
            "max": 14.194815314840001,
            "times": [
                13.43910846384,
                13.58475831784,
                13.41206981684,
                14.030348230840001,
                13.94410087184,
                14.194815314840001,
                13.92860651084,
                13.11702414784,
                12.89961697084,
                13.47784387584
            ],
            "exit_codes": [
                0,
                0,
                0,
                0,
                0,
                0,
                0,
                0,
                0,
                0
            ],
            "parameters": {
                "Congestion": "0.0"
            }
        },
        {
            "command": ".//target/release/lprq_leak_mpmc 18 18 8 true 0.25",
            "mean": 14.376682139,
            "stddev": 1.3041631928217632,
            "median": 14.382653799,
            "user": 500.15930485999996,
            "system": 0.07292612000000001,
            "min": 12.444981161500001,
            "max": 16.2449706935,
            "times": [
                15.8470804705,
                13.477215625500001,
                15.2871068175,
                14.6574945465,
                12.9639067575,
                13.3341066285,
                12.444981161500001,
                16.2449706935,
                14.1078130515,
                15.4021456375
            ],
            "exit_codes": [
                0,
                0,
                0,
                0,
                0,
                0,
                0,
                0,
                0,
                0
            ],
            "parameters": {
                "Congestion": "0.25"
            }
        },
        {
            "command": ".//target/release/lprq_leak_mpmc 18 18 8 true 0.5",
            "mean": 14.90168342762,
            "stddev": 1.737818220992122,
            "median": 14.60896796472,
            "user": 516.86312398,
            "system": 0.09157685999999998,
            "min": 13.38494394372,
            "max": 19.26289735672,
            "times": [
                13.49401812272,
                14.76355685872,
                14.63000369572,
                15.37024308972,
                19.26289735672,
                13.86682288272,
                15.92029135572,
                13.38494394372,
                14.58793223372,
                13.73612473672
            ],
            "exit_codes": [
                0,
                0,
                0,
                0,
                0,
                0,
                0,
                0,
                0,
                0
            ],
            "parameters": {
                "Congestion": "0.5"
            }
        },
        {
            "command": ".//target/release/lprq_leak_mpmc 18 18 8 true 1.0",
            "mean": 14.893243289559999,
            "stddev": 0.753769867504089,
            "median": 14.840299401960001,
            "user": 517.5733657599999,
            "system": 0.09265498,
            "min": 13.95307803596,
            "max": 16.20621318696,
            "times": [
                14.730715719960001,
                13.95307803596,
                16.20621318696,
                14.09265344896,
                14.556716448960001,
                15.375017593960001,
                14.04908623396,
                15.41581884396,
                14.949883083960001,
                15.60325029896
            ],
            "exit_codes": [
                0,
                0,
                0,
                0,
                0,
                0,
                0,
                0,
                0,
                0
            ],
            "parameters": {
                "Congestion": "1.0"
            }
        }
    ]
}