{
    "results": [
        {
            "command": ".//target/release/lprq_leak_mpmc 1 1 8 true 0.0",
            "mean": 12.056860703439998,
            "stddev": 0.08185669711808162,
            "median": 12.042917092540002,
            "user": 21.57271484,
            "system": 2.3406427799999996,
            "min": 11.92906507154,
            "max": 12.19432224354,
            "times": [
                11.955733571540001,
                11.92906507154,
                12.15689252654,
                12.19432224354,
                12.03811876654,
                12.04361853654,
                12.074841799540001,
                12.02460142154,
                12.042215648540001,
                12.10919744854
            ],
            "exit_codes": [
                0,
                0,
                0,
                0,
                0,
                0,
                0,
                0,
                0,
                0
            ],
            "parameters": {
                "Threads": "2"
            }
        },
        {
            "command": ".//target/release/lprq_leak_mpmc 2 2 8 true 0.0",
            "mean": 12.34297049494,
            "stddev": 0.15329935526784513,
            "median": 12.30767768904,
            "user": 48.876765539999994,
            "system": 0.36417376,
            "min": 12.16150375554,
            "max": 12.59068652054,
            "times": [
                12.16150375554,
                12.26537407354,
                12.59068652054,
                12.35719163754,
                12.46585220254,
                12.57144014954,
                12.28747863854,
                12.21004324654,
                12.19225798554,
                12.32787673954
            ],
            "exit_codes": [
                0,
                0,
                0,
                0,
                0,
                0,
                0,
                0,
                0,
                0
            ],
            "parameters": {
                "Threads": "4"
            }
        },
        {
            "command": ".//target/release/lprq_leak_mpmc 3 3 8 true 0.0",
            "mean": 14.79894865334,
            "stddev": 0.28910836257947037,
            "median": 14.795815067140001,
            "user": 88.64119389999999,
            "system": 0.05690367999999999,
            "min": 14.38253311214,
            "max": 15.254610553140001,
            "times": [
                14.95490756314,
                15.254610553140001,
                14.90792879914,
                14.69906065614,
                14.49795009214,
                15.17867485014,
                14.53797023814,
                14.89256947814,
                14.38253311214,
                14.68328119114
            ],
            "exit_codes": [
                0,
                0,
                0,
                0,
                0,
                0,
                0,
                0,
                0,
                0
            ],
            "parameters": {
                "Threads": "6"
            }
        },
        {
            "command": ".//target/release/lprq_leak_mpmc 4 4 8 true 0.0",
            "mean": 16.516517725940002,
            "stddev": 0.17391356189249016,
            "median": 16.567372731840003,
            "user": 131.89799248,
            "system": 0.08227218,
            "min": 16.17523729434,
            "max": 16.71791960534,
            "times": [
                16.350210857340002,
                16.585065781340003,
                16.54362996934,
                16.71791960534,
                16.549679682340003,
                16.63321129834,
                16.67591244434,
                16.60333391034,
                16.33097641634,
                16.17523729434
            ],
            "exit_codes": [
                0,
                0,
                0,
                0,
                0,
                0,
                0,
                0,
                0,
                0
            ],
            "parameters": {
                "Threads": "8"
            }
        },
        {
            "command": ".//target/release/lprq_leak_mpmc 5 5 8 true 0.0",
            "mean": 18.92940130844,
            "stddev": 0.32709877890064687,
            "median": 18.89715637954,
            "user": 188.93794948,
            "system": 0.15351264,
            "min": 18.316856728039998,
            "max": 19.39067322204,
            "times": [
                18.89165259904,
                18.316856728039998,
                18.90266016004,
                19.39067322204,
                19.34688457404,
                18.599490923039998,
                18.86130672104,
                18.79797054704,
                19.00936247204,
                19.17715513804
            ],
            "exit_codes": [
                0,
                0,
                0,
                0,
                0,
                0,
                0,
                0,
                0,
                0
            ],
            "parameters": {
                "Threads": "10"
            }
        },
        {
            "command": ".//target/release/lprq_leak_mpmc 6 6 8 true 0.0",
            "mean": 22.29013173434,
            "stddev": 0.3088287555880618,
            "median": 22.20157971134,
            "user": 266.98272326,
            "system": 0.17116901999999998,
            "min": 21.83122183034,
            "max": 22.859393893340002,
            "times": [
                22.38368919534,
                22.52591154934,
                22.859393893340002,
                22.21932817534,
                22.02435372534,
                21.83122183034,
                22.18383124734,
                22.11088352534,
                22.62999929934,
                22.13270490234
            ],
            "exit_codes": [
                0,
                0,
                0,
                0,
                0,
                0,
                0,
                0,
                0,
                0
            ],
            "parameters": {
                "Threads": "12"
            }
        },
        {
            "command": ".//target/release/lprq_leak_mpmc 7 7 8 true 0.0",
            "mean": 22.903199965819997,
            "stddev": 0.5710022827420456,
            "median": 22.75604944392,
            "user": 320.20223588,
            "system": 0.11769154,
            "min": 22.160315020920002,
            "max": 23.793161742920002,
            "times": [
                22.160315020920002,
                23.793161742920002,
                23.455891094920002,
                23.46228167492,
                22.94798798192,
                22.488336755920002,
                22.300993740920003,
                23.32903027592,
                22.52989046392,
                22.56411090592
            ],
            "exit_codes": [
                0,
                0,
                0,
                0,
                0,
                0,
                0,
                0,
                0,
                0
            ],
            "parameters": {
                "Threads": "14"
            }
        },
        {
            "command": ".//target/release/lprq_leak_mpmc 8 8 8 true 0.0",
            "mean": 22.24104026434,
            "stddev": 0.7707639719920717,
            "median": 22.06775910284,
            "user": 355.3354657,
            "system": 0.13398659999999998,
            "min": 21.164649714339998,
            "max": 23.30951496734,
            "times": [
                22.05522990434,
                21.972116474339998,
                21.164649714339998,
                23.01576211934,
                21.31946879534,
                23.30951496734,
                22.788284288339998,
                22.080288301339998,
                23.10750174634,
                21.59758633234
            ],