{
    "results": [
        {
            "command": ".//target/release/lprq_leak_pairwise 36 8 true 0.0",
            "mean": 6.05210887198,
            "stddev": 0.15975454207000048,
            "median": 6.0477403796800004,
            "user": 211.49317917999997,
            "system": 0.030011939999999997,
            "min": 5.738341328180001,
            "max": 6.313640099180001,
            "times": [
                6.313640099180001,
                5.97452584218,
                5.949747830180001,
                6.07969012418,
                6.19153717018,
                5.738341328180001,
                6.125344307180001,
                6.16387151118,
                6.01579063518,
                5.96859987218
            ],
            "exit_codes": [
                0,
                0,
                0,
                0,
                0,
                0,
                0,
                0,
                0,
                0
            ],
            "parameters": {
                "Congestion": "0.0"
            }
        },
        {
            "command": ".//target/release/lprq_leak_pairwise 36 8 true 0.25",
            "mean": 6.058427204199999,
            "stddev": 0.16731557734175354,
            "median": 6.0060286819,
            "user": 211.76226364,
            "system": 0.021996560000000002,
            "min": 5.8711740429,
            "max": 6.3531423059,
            "times": [
                6.2904022058999995,
                6.3531423059,
                5.9986023989,
                6.0011158189,
                6.0213990508999995,
                5.9381021969,
                6.0109415449,
                6.2095355978999995,
                5.8898568789,
                5.8711740429
            ],
            "exit_codes": [
                0,
                0,
                0,
                0,
                0,
                0,
                0,
                0,
                0,
                0
            ],
            "parameters": {
                "Congestion": "0.25"
            }
        },
        {
            "command": ".//target/release/lprq_leak_pairwise 36 8 true 0.5",
            "mean": 6.22410111426,
            "stddev": 0.22373700613636213,
            "median": 6.13264648076,
            "user": 217.73350125999997,
            "system": 0.023518000000000004,
            "min": 6.00578595376,
            "max": 6.62236310176,
            "times": [
                6.4388855757600005,
                6.13513803876,
                6.07834934276,
                6.21093901876,
                6.13015492276,
                6.00578595376,
                6.05840681076,
                6.62236310176,
                6.02935115076,
                6.53163722676
            ],
            "exit_codes": [
                0,
                0,
                0,
                0,
                0,
                0,
                0,
                0,
                0,
                0
            ],
            "parameters": {
                "Congestion": "0.5"
            }
        },
        {
            "command": ".//target/release/lprq_leak_pairwise 36 8 true 1.0",
            "mean": 7.0238370841,
            "stddev": 0.4060111132641075,
            "median": 7.182604541,
            "user": 246.09475485999997,
            "system": 0.02546718,
            "min": 6.455169747499999,
            "max": 7.503512971499999,
            "times": [
                6.455169747499999,
                6.724342656499999,
                6.663384274499999,
                6.4620191945,
                7.1022222655,
                7.3293845355,
                7.3382866694999995,
                7.3970617095,
                7.2629868165,
                7.503512971499999
            ],
            "exit_codes": [
                0,
                0,
                0,
                0,
                0,
                0,
                0,
                0,
                0,
                0
            ],
            "parameters": {
                "Congestion": "1.0"
            }
        }
    ]
}