{
    "results": [
        {
            "command": ".//target/release/lprq_leak_mpmc 1 2 8 true 0.0",
            "mean": 10.70038472348,
            "stddev": 0.04398691801765971,
            "median": 10.69075451718,
            "user": 30.14976668,
            "system": 1.6575878399999997,
            "min": 10.63859500968,
            "max": 10.75303700068,
            "times": [
                10.63859500968,
                10.734526882679999,
                10.752784327679999,
                10.64577128868,
                10.69933134868,
                10.67153533568,
                10.67808734568,
                10.75303700068,
                10.68217768568,
                10.74800100968
            ],
            "exit_codes": [
                0,
                0,
                0,
                0,
                0,
                0,
                0,
                0,
                0,
                0
            ],
            "parameters": {
                "Threads": "3"
            }
        },
        {
            "command": ".//target/release/lprq_leak_mpmc 2 4 8 true 0.0",
            "mean": 12.63604882924,
            "stddev": 0.05382100064635659,
            "median": 12.652002323240001,
            "user": 75.11287638,
            "system": 0.40988267999999994,
            "min": 12.53071351274,
            "max": 12.69945279274,
            "times": [
                12.67986032374,
                12.69945279274,
                12.65628390674,
                12.64772073974,
                12.56002026774,
                12.65876033974,
                12.677067798740001,
                12.53071351274,
                12.63713583674,
                12.613472773740002
            ],
            "exit_codes": [
                0,
                0,
                0,
                0,
                0,
                0,
                0,
                0,
                0,
                0
            ],
            "parameters": {
                "Threads": "6"
            }
        },
        {
            "command": ".//target/release/lprq_leak_mpmc 3 6 8 true 0.0",
            "mean": 13.57477627434,
            "stddev": 0.06726254125581888,
            "median": 13.591185523739998,
            "user": 121.5846474,
            "system": 0.29097881999999997,
            "min": 13.458480483239999,
            "max": 13.671509434239999,
            "times": [
                13.458480483239999,
                13.484556741239999,
                13.671509434239999,
                13.60290184024,
                13.58056175024,
                13.565199612239999,
                13.60799378224,
                13.601809297239999,
                13.52980409224,
                13.64494571024
            ],
            "exit_codes": [
                0,
                0,
                0,
                0,
                0,
                0,
                0,
                0,
                0,
                0
            ],
            "parameters": {
                "Threads": "9"
            }
        },
        {
            "command": ".//target/release/lprq_leak_mpmc 4 8 8 true 0.0",
            "mean": 14.903486551359999,
            "stddev": 0.13704635033390677,
            "median": 14.94186230656,
            "user": 177.54816236000002,
            "system": 0.5554192199999999,
            "min": 14.706185890059999,
            "max": 15.14370777706,
            "times": [
                14.94309309406,
                14.862502164059999,
                14.962429967059999,
                14.73541579206,
                14.940631519059998,
                14.706185890059999,
                14.98116395306,
                15.000079568059999,
                15.14370777706,
                14.75965578906
            ],
            "exit_codes": [
                0,
                0,
                0,
                0,
                0,
                0,
                0,
                0,
                0,
                0
            ],
            "parameters": {
                "Threads": "12"
            }
        },
        {
            "command": ".//target/release/lprq_leak_mpmc 5 10 8 true 0.0",
            "mean": 16.31045131684,
            "stddev": 0.04612553742364336,
            "median": 16.31316690864,
            "user": 242.76550022,
            "system": 0.82980028,
            "min": 16.255028408639998,
            "max": 16.40492317764,
            "times": [
                16.28296004464,
                16.26555699564,
                16.31561631964,
                16.26273433064,
                16.40492317764,
                16.33056837264,
                16.33009825264,
                16.31071749764,
                16.255028408639998,
                16.346309768639998
            ],
            "exit_codes": [
                0,
                0,
                0,
                0,
                0,
                0,
                0,
                0,
                0,
                0
            ],
            "parameters": {
                "Threads": "15"
            }
        },
        {
            "command": ".//target/release/lprq_leak_mpmc 6 12 8 true 0.0",
            "mean": 18.142245196319998,
            "stddev": 0.13459429268072517,
            "median": 18.172892682319997,
            "user": 323.51911570000004,
            "system": 1.15811164,
            "min": 17.85230279332,
            "max": 18.305619441319998,
            "times": [
                17.85230279332,
                18.294805398319998,
                18.115487252319998,
                18.20222956532,
                18.305619441319998,
                18.010397895319997,
                18.09800059532,
                18.159012000319997,
                18.197823657319997,
                18.186773364319997
            ],
            "exit_codes": [
                0,
                0,
                0,
                0,
                0,
                0,
                0,
                0,
                0,
                0
            ],
            "parameters": {
                "Threads": "18"
            }
        },
        {
            "command": ".//target/release/lprq_leak_mpmc 7 14 8 true 0.0",
            "mean": 17.41620501484,
            "stddev": 0.10044075876024183,
            "median": 17.39459410404,
            "user": 359.43377828,
            "system": 1.9824900200000002,
            "min": 17.29547545354,
            "max": 17.57527969754,
            "times": [
                17.50591023854,
                17.57527969754,
                17.55218122254,
                17.32611292854,
                17.34322054554,
                17.45183997654,
                17.39726531254,
                17.32284187754,
                17.29547545354,
                17.39192289554
            ],
            "exit_codes": [
                0,
                0,
                0,
                0,
                0,
                0,
                0,
                0,
                0,
                0
            ],
            "parameters": {
                "Threads": "21"
            }
        },
        {
            "command": ".//target/release/lprq_leak_mpmc 8 16 8 true 0.0",
            "mean": 17.42648223666,
            "stddev": 0.09433911317743253,
            "median": 17.418264643759997,
            "user": 408.19621407999995,
            "system": 3.3562282199999998,
            "min": 17.28011294476,
            "max": 17.56563572676,