{
    "results": [
        {
            "command": ".//target/release/lprq_leak_mpmc 2 1 8 true 0.0",
            "mean": 11.35550747214,
            "stddev": 1.028666945145416,
            "median": 11.09726713664,
            "user": 34.034475719999996,
            "system": 0.005236908,
            "min": 10.18784849964,
            "max": 12.63299223064,
            "times": [
                10.47863295064,
                10.62653437264,
                12.61238091864,
                10.21747192164,
                11.97996135564,
                11.42789171864,
                10.18784849964,
                12.63299223064,
                10.76664255464,
                12.62471819864
            ],
            "exit_codes": [
                0,
                0,
                0,
                0,
                0,
                0,
                0,
                0,
                0,
                0
            ],
            "parameters": {
                "Threads": "3"
            }
        },
        {
            "command": ".//target/release/lprq_leak_mpmc 4 2 8 true 0.0",
            "mean": 9.47270286806,
            "stddev": 1.5089780898773035,
            "median": 9.94872058556,
            "user": 56.48441119999999,
            "system": 0.0122646,
            "min": 7.28349200206,
            "max": 12.37582454606,
            "times": [
                9.988040399059999,
                8.49136679206,
                12.37582454606,
                10.076729973059999,
                9.90940077206,
                10.35430354206,
                8.67976440206,
                7.28349200206,
                7.53229855206,
                10.03580770006
            ],
            "exit_codes": [
                0,
                0,
                0,
                0,
                0,
                0,
                0,
                0,
                0,
                0
            ],
            "parameters": {
                "Threads": "6"
            }
        },
        {
            "command": ".//target/release/lprq_leak_mpmc 6 3 8 true 0.0",
            "mean": 10.403310139399997,
            "stddev": 2.801367389107136,
            "median": 9.7760407819,
            "user": 93.1451417,
            "system": 0.011408119999999999,
            "min": 8.0066769379,
            "max": 15.7205341769,
            "times": [
                15.2906027479,
                9.958507663899999,
                15.7205341769,
                9.460344355899998,
                9.7949424379,
                8.0066769379,
                9.7571391259,
                8.211103886899998,
                8.0150523489,
                9.8181977119
            ],
            "exit_codes": [
                0,
                0,
                0,
                0,
                0,
                0,
                0,
                0,
                0,
                0
            ],
            "parameters": {
                "Threads": "9"
            }
        },
        {
            "command": ".//target/release/lprq_leak_mpmc 8 4 8 true 0.0",
            "mean": 12.56062250994,
            "stddev": 1.9216398515543565,
            "median": 12.849690517340001,
            "user": 149.93874968,
            "system": 0.017253479999999998,
            "min": 8.96493229884,
            "max": 15.02598014384,
            "times": [
                13.80943583584,
                15.02598014384,
                12.525843211840002,
                10.44201578684,
                13.05173401384,
                13.11833509084,
                11.11092419084,
                8.96493229884,
                12.647647020840001,
                14.90937750584
            ],
            "exit_codes": [
                0,
                0,
                0,
                0,
                0,
                0,
                0,
                0,
                0,
                0
            ],
            "parameters": {
                "Threads": "12"
            }
        },
        {
            "command": ".//target/release/lprq_leak_mpmc 10 5 8 true 0.0",
            "mean": 11.850663080359999,
            "stddev": 2.279788599801695,
            "median": 11.86067374396,
            "user": 174.60671304,
            "system": 0.01594064,
            "min": 9.073313769959999,
            "max": 15.336626875959999,
            "times": [
                9.073313769959999,
                12.68591622196,
                10.08305748296,
                15.336626875959999,
                9.65005338796,
                9.65968515496,
                13.11874837596,
                11.24118188496,
                12.48016560296,
                15.177882045959999
            ],
            "exit_codes": [
                0,
                0,
                0,
                0,
                0,
                0,
                0,
                0,
                0,
                0
            ],
            "parameters": {
                "Threads": "15"
            }
        },
        {
            "command": ".//target/release/lprq_leak_mpmc 12 6 8 true 0.0",
            "mean": 12.30725107418,
            "stddev": 1.7524922443253632,
            "median": 12.08179829658,
            "user": 216.27025709999998,
            "system": 0.020606100000000002,
            "min": 10.43849217258,
            "max": 14.753525512580001,
            "times": [
                14.62411835158,
                10.50219719158,
                10.43849217258,
                10.74772065658,
                12.286599867580001,
                10.941341468580001,
                12.34626005058,
                11.87699672558,
                14.753525512580001,
                14.555258744580001
            ],
            "exit_codes": [
                0,
                0,
                0,
                0,
                0,
                0,
                0,
                0,
                0,
                0
            ],
            "parameters": {
                "Threads": "18"
            }
        },
        {
            "command": ".//target/release/lprq_leak_mpmc 14 7 8 true 0.0",
            "mean": 10.4706143593,
            "stddev": 0.9209729333550705,
            "median": 10.335737715499999,
            "user": 211.56011718000005,
            "system": 0.0260677,
            "min": 9.1889944405,
            "max": 11.5699927515,
            "times": [
                11.3432688355,
                11.4748832985,
                9.1889944405,
                10.4601584465,
                11.439667674499999,
                11.5699927515,
                9.4618482355,
                9.8984776675,
                10.2113169845,
                9.6575352585
            ],
            "exit_codes": [
                0,
                0,
                0,
                0,
                0,
                0,
                0,
                0,
                0,
                0
            ],
            "parameters": {
                "Threads": "21"
            }
        },
        {
            "command": ".//target/release/lprq_leak_mpmc 16 8 8 true 0.0",
            "mean": 8.80581653702,
            "stddev": 0.5383523596045292,
            "median": 8.87452746922,
            "user": 198.89887811999998,
            "system": 0.03385584,
            "min": 8.16024663522,
            "max": 9.88174619622,
            "times": [
                9.35786982222,
                8.90932366322,
                8.21532161122,
                8.93091705922,
                8.41332797522,
                8.16024663522,
                9.88174619622,
                8.38786809822,
                8.96181303422,
                8.83973127522
            ],