{
    "results": [
        {
            "command": ".//target/release/lprq_leak_pairwise 36 8 true 0.0",
            "mean": 5.93034898036,
            "stddev": 0.18104798939046532,
            "median": 5.8525602365600005,
            "user": 206.96968714,
            "system": 0.028983540000000002,
            "min": 5.76831214256,
            "max": 6.35196340856,
            "times": [
                5.95402511856,
                5.83898999756,
                5.80635394256,
                5.9896579265600005,
                5.79885195956,
                5.82419357556,
                6.10501125656,
                5.86613047556,
                5.76831214256,
                6.35196340856
            ],
            "exit_codes": [
                0,
                0,
                0,
                0,
                0,
                0,
                0,
                0,
                0,
                0
            ],
            "parameters": {
                "Congestion": "0.0"
            }
        },
        {
            "command": ".//target/release/lprq_leak_pairwise 36 8 true 0.25",
            "mean": 6.164325551439999,
            "stddev": 0.1635541862639594,
            "median": 6.12388483524,
            "user": 215.5767124,
            "system": 0.019207920000000003,
            "min": 6.01550052524,
            "max": 6.52332544424,
            "times": [
                6.15647643324,
                6.52332544424,
                6.15608435724,
                6.31215987324,
                6.07788589024,
                6.09168531324,
                6.01550052524,
                6.27433426424,
                6.01951443524,
                6.0162889782399995
            ],
            "exit_codes": [
                0,
                0,
                0,
                0,
                0,
                0,
                0,
                0,
                0,
                0
            ],
            "parameters": {
                "Congestion": "0.25"
            }
        },
        {
            "command": ".//target/release/lprq_leak_pairwise 36 8 true 0.5",
            "mean": 6.658433229059999,
            "stddev": 0.5669554442941772,
            "median": 6.595245697259999,
            "user": 233.17010227999998,
            "system": 0.026968799999999998,
            "min": 5.997674873759999,
            "max": 7.50489222176,
            "times": [
                6.4922846417599995,
                6.0971601367599995,
                5.997674873759999,
                6.04502194076,
                6.2583741347599995,
                7.50489222176,
                7.34595931576,
                6.69820675276,
                6.92418695376,
                7.220571318759999
            ],
            "exit_codes": [
                0,
                0,
                0,
                0,
                0,
                0,
                0,
                0,
                0,
                0
            ],
            "parameters": {
                "Congestion": "0.5"
            }
        },
        {
            "command": ".//target/release/lprq_leak_pairwise 36 8 true 1.0",
            "mean": 6.403800275180001,
            "stddev": 0.35639108488954835,
            "median": 6.284252968280001,
            "user": 223.93705382000002,
            "system": 0.022015479999999997,
            "min": 6.11473022128,
            "max": 7.32912637428,
            "times": [
                7.32912637428,
                6.30123084628,
                6.27474541928,
                6.22705008128,
                6.59428708228,
                6.49302485828,
                6.13530193228,
                6.11473022128,
                6.28576308728,
                6.28274284928
            ],
            "exit_codes": [
                0,
                0,
                0,
                0,
                0,
                0,
                0,
                0,
                0,
                0
            ],
            "parameters": {
                "Congestion": "1.0"
            }
        }
    ]
}