{
    "results": [
        {
            "command": ".//../c++-reference/build/bench-lprq-mpmc 20 10 8 true 0.0",
            "mean": 8.09218318996,
            "stddev": 0.023200954606214314,
            "median": 8.09457365066,
            "user": 211.81569879999998,
            "system": 0.52088718,
            "min": 8.06106450816,
            "max": 8.13586433516,
            "times": [
                8.06210154716,
                8.13586433516,
                8.07216519616,
                8.10121403316,
                8.06106450816,
                8.10542331216,
                8.09389824116,
                8.11043256216,
                8.09524906016,
                8.08441910416
            ],
            "exit_codes": [
                0,
                0,
                0,
                0,
                0,
                0,
                0,
                0,
                0,
                0
            ],
            "parameters": {
                "Congestion": "0.0"
            }
        },
        {
            "command": ".//../c++-reference/build/bench-lprq-mpmc 20 10 8 true 0.25",
            "mean": 8.141434291680001,
            "stddev": 0.017854916068880053,
            "median": 8.14341463458,
            "user": 213.79267097999997,
            "system": 0.5394658999999998,
            "min": 8.11447079958,
            "max": 8.16459301358,
            "times": [
                8.116679080579999,
                8.15568405358,
                8.156054427579999,
                8.15143952758,
                8.16459301358,
                8.11447079958,
                8.15649328658,
                8.135372967579999,
                8.13538974158,
                8.12816601858
            ],
            "exit_codes": [
                0,
                0,
                0,
                0,
                0,
                0,
                0,
                0,
                0,
                0
            ],
            "parameters": {
                "Congestion": "0.25"
            }
        },
        {
            "command": ".//../c++-reference/build/bench-lprq-mpmc 20 10 8 true 0.5",
            "mean": 8.113580906540001,
            "stddev": 0.015808432122829442,
            "median": 8.109654308740001,
            "user": 213.01778336,
            "system": 0.5262978799999999,
            "min": 8.09344322574,
            "max": 8.147307381740001,
            "times": [
                8.147307381740001,
                8.112136638740001,
                8.11795416374,
                8.09344322574,
                8.10967043974,
                8.10515909074,
                8.13280048474,
                8.10035698474,
                8.10734247774,
                8.10963817774
            ],
            "exit_codes": [
                0,
                0,
                0,
                0,
                0,
                0,
                0,
                0,
                0,
                0
            ],
            "parameters": {
                "Congestion": "0.5"
            }
        },
        {
            "command": ".//../c++-reference/build/bench-lprq-mpmc 20 10 8 true 1.0",
            "mean": 8.297786354480001,
            "stddev": 0.012548481620539753,
            "median": 8.29568448488,
            "user": 218.44185824000002,
            "system": 0.5675258400000001,
            "min": 8.28384711588,
            "max": 8.31510284788,
            "times": [
                8.31510284788,
                8.29829629988,
                8.31369328088,
                8.28442709088,
                8.30105759588,
                8.28822941788,
                8.28384711588,
                8.28671601688,
                8.29307266988,
                8.31342120888
            ],
            "exit_codes": [
                0,
                0,
                0,
                0,
                0,
                0,
                0,
                0,
                0,
                0
            ],
            "parameters": {
                "Congestion": "1.0"
            }
        }
    ]
}