{
    "results": [
        {
            "command": ".//target/release/lprq_pairwise 36 8 true 0.0",
            "mean": 6.031731886979999,
            "stddev": 0.5498422050412062,
            "median": 5.81824079628,
            "user": 212.56776735999998,
            "system": 0.023833281999999997,
            "min": 5.6686224972799995,
            "max": 7.47428289328,
            "times": [
                7.47428289328,
                6.10546556928,
                6.193229854279999,
                5.70765056928,
                5.76807048428,
                6.1800223792799995,
                5.86841110828,
                5.67767882128,
                5.67388469328,
                5.6686224972799995
            ],
            "exit_codes": [
                0,
                0,
                0,
                0,
                0,
                0,
                0,
                0,
                0,
                0
            ],
            "parameters": {
                "Congestion": "0.0"
            }
        },
        {
            "command": ".//target/release/lprq_pairwise 36 8 true 0.25",
            "mean": 5.99783594276,
            "stddev": 0.1241160531287709,
            "median": 5.97514214096,
            "user": 211.5578906,
            "system": 0.030407299999999998,
            "min": 5.87540736546,
            "max": 6.21811878846,
            "times": [
                6.0249131364599995,
                6.21811878846,
                6.033482267459999,
                6.02086575546,
                5.903135842459999,
                5.891250481459999,
                5.89276216746,
                5.92941852646,
                5.87540736546,
                6.18900509646
            ],
            "exit_codes": [
                0,
                0,
                0,
                0,
                0,
                0,
                0,
                0,
                0,
                0
            ],
            "parameters": {
                "Congestion": "0.25"
            }
        },
        {
            "command": ".//target/release/lprq_pairwise 36 8 true 0.5",
            "mean": 6.35797064588,
            "stddev": 0.22740871919823594,
            "median": 6.349991237879999,
            "user": 224.11369019999998,
            "system": 0.029549759999999998,
            "min": 6.00966906938,
            "max": 6.7988897463799995,
            "times": [
                6.7988897463799995,
                6.4301579453799995,
                6.60926119338,
                6.41376226638,
                6.19453931538,
                6.2772891163799995,
                6.34639543738,
                6.35358703838,
                6.14615533038,
                6.00966906938
            ],
            "exit_codes": [
                0,
                0,
                0,
                0,
                0,
                0,
                0,
                0,
                0,
                0
            ],
            "parameters": {
                "Congestion": "0.5"
            }
        },
        {
            "command": ".//target/release/lprq_pairwise 36 8 true 1.0",
            "mean": 6.438468455580001,
            "stddev": 0.44485651070878623,
            "median": 6.31943385018,
            "user": 226.81323021999998,
            "system": 0.025404899999999998,
            "min": 6.02369247418,
            "max": 7.28902923518,
            "times": [
                6.33455910018,
                6.304308600180001,
                6.49346350218,
                7.28902923518,
                7.1728469631800005,
                6.40245736918,
                6.209363268180001,
                6.07287676018,
                6.02369247418,
                6.08208728318
            ],
            "exit_codes": [
                0,
                0,
                0,
                0,
                0,
                0,
                0,
                0,
                0,
                0
            ],
            "parameters": {
                "Congestion": "1.0"
            }
        }
    ]
}