{
    "results": [
        {
            "command": ".//target/release/lprq_mpmc 1 1 8 true 0.0",
            "mean": 9.8897674156,
            "stddev": 0.07785145458138125,
            "median": 9.8794931308,
            "user": 19.5240462,
            "system": 0.22243893999999997,
            "min": 9.7920813683,
            "max": 10.049158840299999,
            "times": [
                9.860153306299999,
                9.7920813683,
                9.805994867299999,
                9.8582971383,
                10.049158840299999,
                9.9239085193,
                9.8988329553,
                9.926880688299999,
                9.8276024453,
                9.9547640273
            ],
            "exit_codes": [
                0,
                0,
                0,
                0,
                0,
                0,
                0,
                0,
                0,
                0
            ],
            "parameters": {
                "Threads": "2"
            }
        },
        {
            "command": ".//target/release/lprq_mpmc 2 2 8 true 0.0",
            "mean": 11.171287540040002,
            "stddev": 1.1200200333960606,
            "median": 11.51133257374,
            "user": 44.548126520000004,
            "system": 0.038825799999999994,
            "min": 9.434166837740001,
            "max": 13.08616062474,
            "times": [
                11.335175942740001,
                11.446735694740001,
                11.70210527374,
                11.57592945274,
                11.76008556474,
                9.56346061774,
                10.20333912674,
                11.60571626474,
                13.08616062474,
                9.434166837740001
            ],
            "exit_codes": [
                0,
                0,
                0,
                0,
                0,
                0,
                0,
                0,
                0,
                0
            ],
            "parameters": {
                "Threads": "4"
            }
        },
        {
            "command": ".//target/release/lprq_mpmc 3 3 8 true 0.0",
            "mean": 9.396100588360001,
            "stddev": 0.8638945187324981,
            "median": 9.359045807360001,
            "user": 56.022833860000006,
            "system": 0.01321514,
            "min": 8.18874830286,
            "max": 10.54207406686,
            "times": [
                8.78448504486,
                10.02142715686,
                9.46164909386,
                8.26758784486,
                8.18874830286,
                10.54088166186,
                10.54207406686,
                9.98145730786,
                8.91625288286,
                9.25644252086
            ],
            "exit_codes": [
                0,
                0,
                0,
                0,
                0,
                0,
                0,
                0,
                0,
                0
            ],
            "parameters": {
                "Threads": "6"
            }
        },
        {
            "command": ".//target/release/lprq_mpmc 4 4 8 true 0.0",
            "mean": 8.68249091794,
            "stddev": 0.6877595506371268,
            "median": 8.47228094964,
            "user": 68.80666464,
            "system": 0.01915324,
            "min": 7.49917190564,
            "max": 9.87575899164,
            "times": [
                9.16422695764,
                9.22633736264,
                8.39089240064,
                8.21894385564,
                9.87575899164,
                7.49917190564,
                9.25593916164,
                8.24907664464,
                8.48162951064,
                8.46293238864
            ],
            "exit_codes": [
                0,
                0,
                0,
                0,
                0,
                0,
                0,
                0,
                0,
                0
            ],
            "parameters": {
                "Threads": "8"
            }
        },
        {
            "command": ".//target/release/lprq_mpmc 5 5 8 true 0.0",
            "mean": 12.868610458460001,
            "stddev": 0.5714375920285317,
            "median": 12.84693573616,
            "user": 128.48395319999997,
            "system": 0.05675286,
            "min": 11.92328007316,
            "max": 13.85261868916,
            "times": [
                12.753284368160001,
                13.63065626316,
                11.92328007316,
                12.55465983616,
                13.85261868916,
                13.04072393316,
                13.04266196616,
                12.94058710416,
                12.535236797160001,
                12.41239555416
            ],
            "exit_codes": [
                0,
                0,
                0,
                0,
                0,
                0,
                0,
                0,
                0,
                0
            ],
            "parameters": {
                "Threads": "10"
            }
        },
        {
            "command": ".//target/release/lprq_mpmc 6 6 8 true 0.0",
            "mean": 14.41530586946,
            "stddev": 0.4464886326024733,
            "median": 14.38591902136,
            "user": 172.68161299999997,
            "system": 0.0636504,
            "min": 13.554215789859999,
            "max": 14.98778028186,
            "times": [
                14.904088949859998,
                14.191934182859999,
                14.37143939886,
                14.98778028186,
                14.811841961859999,
                13.554215789859999,
                14.40039864386,
                14.709161780859999,
                14.162768586859999,
                14.059429117859999
            ],
            "exit_codes": [
                0,
                0,
                0,
                0,
                0,
                0,
                0,
                0,
                0,
                0
            ],
            "parameters": {
                "Threads": "12"
            }
        },
        {
            "command": ".//target/release/lprq_mpmc 7 7 8 true 0.0",
            "mean": 14.538366191699996,
            "stddev": 0.3410398603591747,
            "median": 14.567133793299998,
            "user": 203.04855286,
            "system": 0.08887976,
            "min": 14.0422391198,
            "max": 15.032335635799999,
            "times": [
                14.4385719278,
                14.8670392048,
                15.032335635799999,
                14.7049156048,
                14.0422391198,
                14.0765291118,
                14.842887743799999,
                14.2448759818,
                14.6595559908,
                14.474711595799999
            ],
            "exit_codes": [
                0,
                0,
                0,
                0,
                0,
                0,
                0,
                0,
                0,
                0
            ],
            "parameters": {
                "Threads": "14"
            }
        },
        {
            "command": ".//target/release/lprq_mpmc 8 8 8 true 0.0",
            "mean": 14.53133015522,
            "stddev": 0.27481889518857133,
            "median": 14.42083801722,
            "user": 231.84080464000004,
            "system": 0.10465266000000002,
            "min": 14.259780387220001,
            "max": 15.123285366220001,
            "times": [
                14.71440346722,
                14.69582725022,
                14.45208611022,
                14.71356250122,
                14.28022295922,
                14.363295044220001,
                14.321248542220001,
                15.123285366220001,
                14.389589924220001,
                14.259780387220001
            ],