{
    "results": [
        {
            "command": ".//target/release/lprq_mpmc 24 12 8 true 0.0",
            "mean": 7.377730667420001,
            "stddev": 0.2358620880827022,
            "median": 7.39970256832,
            "user": 250.10029949999998,
            "system": 0.21726922,
            "min": 6.9832411828200005,
            "max": 7.73508894482,
            "times": [
                7.0851043788200005,
                7.24299525982,
                6.9832411828200005,
                7.29028038282,
                7.73508894482,
                7.58457608182,
                7.60307494282,
                7.34658761982,
                7.452817516820001,
                7.45354036382
            ],
            "exit_codes": [
                0,
                0,
                0,
                0,
                0,
                0,
                0,
                0,
                0,
                0
            ],
            "parameters": {
                "Congestion": "0.0"
            }
        },
        {
            "command": ".//target/release/lprq_mpmc 24 12 8 true 0.25",
            "mean": 7.4785688721599985,
            "stddev": 0.18535528582509875,
            "median": 7.47809970286,
            "user": 253.39152571999998,
            "system": 0.34968166,
            "min": 7.217729922359999,
            "max": 7.76421950836,
            "times": [
                7.49356528736,
                7.73766102636,
                7.39963502136,
                7.217729922359999,
                7.58002974236,
                7.46263411836,
                7.39145886336,
                7.51771838136,
                7.76421950836,
                7.22103685036
            ],
            "exit_codes": [
                0,
                0,
                0,
                0,
                0,
                0,
                0,
                0,
                0,
                0
            ],
            "parameters": {
                "Congestion": "0.25"
            }
        },
        {
            "command": ".//target/release/lprq_mpmc 24 12 8 true 0.5",
            "mean": 7.364796473779999,
            "stddev": 0.13364791736698547,
            "median": 7.3539551555800005,
            "user": 251.60536296000004,
            "system": 0.4102149199999999,
            "min": 7.19905208408,
            "max": 7.60963614908,
            "times": [
                7.19905208408,
                7.60963614908,
                7.4205769550800005,
                7.41314047308,
                7.25167188808,
                7.26250970408,
                7.25326099008,
                7.294769838080001,
                7.42455302608,
                7.51879363008
            ],
            "exit_codes": [
                0,
                0,
                0,
                0,
                0,
                0,
                0,
                0,
                0,
                0
            ],
            "parameters": {
                "Congestion": "0.5"
            }
        },
        {
            "command": ".//target/release/lprq_mpmc 24 12 8 true 1.0",
            "mean": 7.3432619466,
            "stddev": 0.18767022211873766,
            "median": 7.341542786,
            "user": 254.11058618,
            "system": 0.5698918,
            "min": 6.9101956845000005,
            "max": 7.561015358500001,
            "times": [
                7.4762582425,
                7.254669000500001,
                7.561015358500001,
                7.3073820275,
                7.303328645500001,
                7.5271468955000005,
                7.4540404115,
                7.262879655500001,
                7.3757035445,
                6.9101956845000005
            ],
            "exit_codes": [
                0,
                0,
                0,
                0,
                0,
                0,
                0,
                0,
                0,
                0
            ],
            "parameters": {
                "Congestion": "1.0"
            }
        }
    ]
}