{
    "results": [
        {
            "command": ".//../c++-reference/build/bench-lprq-mpmc 2 1 8 true 0.0",
            "mean": 16.45304837452,
            "stddev": 0.3579641002929999,
            "median": 16.51225837632,
            "user": 47.31610185999999,
            "system": 0.0017484360000000001,
            "min": 15.95496606132,
            "max": 16.92173147732,
            "times": [
                16.92173147732,
                16.75542584932,
                16.82853218532,
                15.97631644132,
                16.43977778332,
                16.389331401320003,
                15.95496606132,
                16.04101169032,
                16.63865188632,
                16.58473896932
            ],
            "exit_codes": [
                0,
                0,
                0,
                0,
                0,
                0,
                0,
                0,
                0,
                0
            ],
            "parameters": {
                "Threads": "3"
            }
        },
        {
            "command": ".//../c++-reference/build/bench-lprq-mpmc 4 2 8 true 0.0",
            "mean": 10.063681742220002,
            "stddev": 0.258183016179684,
            "median": 10.067836865820002,
            "user": 59.21584389999998,
            "system": 0.00188597,
            "min": 9.63975523382,
            "max": 10.44989148382,
            "times": [
                10.157573043820001,
                10.071078448820002,
                10.194230599820001,
                10.44989148382,
                10.42812775982,
                9.84215127282,
                9.63975523382,
                10.064595282820001,
                9.839304180820001,
                9.950110115820001
            ],
            "exit_codes": [
                0,
                0,
                0,
                0,
                0,
                0,
                0,
                0,
                0,
                0
            ],
            "parameters": {
                "Threads": "6"
            }
        },
        {
            "command": ".//../c++-reference/build/bench-lprq-mpmc 6 3 8 true 0.0",
            "mean": 7.995925916139998,
            "stddev": 0.25376787587291655,
            "median": 8.00730397684,
            "user": 71.25574751999999,
            "system": 0.0033406959999999998,
            "min": 7.63867781984,
            "max": 8.42550688684,
            "times": [
                7.76645103084,
                8.42550688684,
                8.20632407584,
                7.63867781984,
                7.78396233784,
                7.92316463884,
                8.162135254839999,
                8.184587771839999,
                7.77700602984,
                8.09144331484
            ],
            "exit_codes": [
                0,
                0,
                0,
                0,
                0,
                0,
                0,
                0,
                0,
                0
            ],
            "parameters": {
                "Threads": "9"
            }
        },
        {
            "command": ".//../c++-reference/build/bench-lprq-mpmc 8 4 8 true 0.0",
            "mean": 7.753500366919999,
            "stddev": 0.29708556188840946,
            "median": 7.72142278582,
            "user": 92.30705852,
            "system": 0.0044338599999999995,
            "min": 7.24504911232,
            "max": 8.24540900032,
            "times": [
                7.24504911232,
                7.68301308432,
                7.64501440932,
                7.4796119143199995,
                7.75983248732,
                7.9153427893199995,
                7.62751897532,
                7.78172783732,
                8.15248405932,
                8.24540900032
            ],
            "exit_codes": [
                0,
                0,
                0,
                0,
                0,
                0,
                0,
                0,
                0,
                0
            ],
            "parameters": {
                "Threads": "12"
            }
        },
        {
            "command": ".//../c++-reference/build/bench-lprq-mpmc 10 5 8 true 0.0",
            "mean": 8.126388976920001,
            "stddev": 0.23773804802466092,
            "median": 8.23629278552,
            "user": 120.28581639999997,
            "system": 0.005069036,
            "min": 7.67609540902,
            "max": 8.43924151302,
            "times": [
                8.23060444202,
                8.24198112902,
                7.85198170102,
                8.315855299019999,
                8.43924151302,
                8.27753288302,
                8.24487136702,
                7.99891431102,
                7.67609540902,
                7.98681171502
            ],
            "exit_codes": [
                0,
                0,
                0,
                0,
                0,
                0,
                0,
                0,
                0,
                0
            ],
            "parameters": {
                "Threads": "15"
            }
        },
        {
            "command": ".//../c++-reference/build/bench-lprq-mpmc 12 6 8 true 0.0",
            "mean": 8.01434931508,
            "stddev": 0.4265819369814717,
            "median": 8.05420662278,
            "user": 141.9560088,
            "system": 0.004221440000000001,
            "min": 7.381977545780001,
            "max": 8.77466813678,
            "times": [
                8.23630396978,
                7.96604744678,
                7.4082317597800005,
                8.17476074878,
                8.14236579878,
                7.381977545780001,
                8.379581334780001,
                7.79324582978,
                8.77466813678,
                7.886310579780001
            ],
            "exit_codes": [
                0,
                0,
                0,
                0,
                0,
                0,
                0,
                0,
                0,
                0
            ],
            "parameters": {
                "Threads": "18"
            }
        },
        {
            "command": ".//../c++-reference/build/bench-lprq-mpmc 14 7 8 true 0.0",
            "mean": 7.974562012440001,
            "stddev": 0.25202995606399164,
            "median": 7.99037540124,
            "user": 160.5635042,
            "system": 0.003540748,
            "min": 7.57640155724,
            "max": 8.37348370324,
            "times": [
                8.13489024324,
                7.89617796424,
                8.37348370324,
                8.08457283824,
                7.57640155724,
                8.18324745624,
                7.8569748302399995,
                8.14587154524,
                7.84639260324,
                7.64760738324
            ],
            "exit_codes": [
                0,
                0,
                0,
                0,
                0,
                0,
                0,
                0,
                0,
                0
            ],
            "parameters": {
                "Threads": "21"
            }
        },
        {
            "command": ".//../c++-reference/build/bench-lprq-mpmc 16 8 8 true 0.0",
            "mean": 7.80625533778,
            "stddev": 0.43830174008868655,
            "median": 7.79757170708,
            "user": 180.3441985,
            "system": 0.010030257999999997,
            "min": 7.23333073658,
            "max": 8.52149942758,
            "times": [
                8.52149942758,
                8.09396218158,
                7.34734537558,
                7.54283885758,
                7.55031769258,
                7.23333073658,
                8.17219374458,
                8.04482572158,
                7.41172988458,
                8.14450975558
            ],