{
    "results": [
        {
            "command": ".//target/release/lprq_mpmc 2 1 8 true 0.0",
            "mean": 11.4333139682,
            "stddev": 0.5454229444383344,
            "median": 11.380074948099999,
            "user": 34.20305802,
            "system": 0.012544759999999999,
            "min": 10.5115188786,
            "max": 12.189792157600001,
            "times": [
                11.9391051376,
                11.104873020600001,
                10.9556774196,
                11.635009461600001,
                12.090741747600001,
                11.1462719626,
                10.5115188786,
                12.189792157600001,
                11.6065933406,
                11.1535565556
            ],
            "exit_codes": [
                0,
                0,
                0,
                0,
                0,
                0,
                0,
                0,
                0,
                0
            ],
            "parameters": {
                "Threads": "3"
            }
        },
        {
            "command": ".//target/release/lprq_mpmc 4 2 8 true 0.0",
            "mean": 8.93571006582,
            "stddev": 0.21129068504588813,
            "median": 8.927313935419999,
            "user": 52.28653014,
            "system": 0.10212740000000001,
            "min": 8.629762788419999,
            "max": 9.33999445742,
            "times": [
                8.99504410142,
                8.98502106642,
                8.66092575642,
                8.85237347442,
                8.629762788419999,
                9.16180161242,
                8.95646564542,
                8.89816222542,
                8.87754953042,
                9.33999445742
            ],
            "exit_codes": [
                0,
                0,
                0,
                0,
                0,
                0,
                0,
                0,
                0,
                0
            ],
            "parameters": {
                "Threads": "6"
            }
        },
        {
            "command": ".//target/release/lprq_mpmc 6 3 8 true 0.0",
            "mean": 7.74016882164,
            "stddev": 0.21371101360590208,
            "median": 7.6667555617400005,
            "user": 67.21269459999999,
            "system": 0.11850575999999999,
            "min": 7.52014829274,
            "max": 8.24348174174,
            "times": [
                7.65516566674,
                7.60655961874,
                7.71091527674,
                7.66105478274,
                7.67245634074,
                8.24348174174,
                7.73695312974,
                7.52014829274,
                7.97908503674,
                7.61586832974
            ],
            "exit_codes": [
                0,
                0,
                0,
                0,
                0,
                0,
                0,
                0,
                0,
                0
            ],
            "parameters": {
                "Threads": "9"
            }
        },
        {
            "command": ".//target/release/lprq_mpmc 8 4 8 true 0.0",
            "mean": 7.10861184406,
            "stddev": 0.2109159421305738,
            "median": 7.142707337459999,
            "user": 82.90489718,
            "system": 0.08746499999999999,
            "min": 6.78140795496,
            "max": 7.34045493696,
            "times": [
                7.25660380096,
                7.32581662496,
                6.80820567296,
                7.34045493696,
                7.302943442959999,
                7.153671355959999,
                6.78140795496,
                7.073263391959999,
                7.13174331896,
                6.91200793996
            ],
            "exit_codes": [
                0,
                0,
                0,
                0,
                0,
                0,
                0,
                0,
                0,
                0
            ],
            "parameters": {
                "Threads": "12"
            }
        },
        {
            "command": ".//target/release/lprq_mpmc 10 5 8 true 0.0",
            "mean": 7.27598068236,
            "stddev": 0.7956461502004198,
            "median": 6.86613135256,
            "user": 102.11836295999998,
            "system": 0.07817983999999999,
            "min": 6.52260270806,
            "max": 8.538098813060001,
            "times": [
                6.78057755306,
                6.52260270806,
                8.47625218706,
                6.57341145906,
                6.89399014406,
                8.15495508206,
                7.1964251600599995,
                6.83827256106,
                6.7852211560599995,
                8.538098813060001
            ],
            "exit_codes": [
                0,
                0,
                0,
                0,
                0,
                0,
                0,
                0,
                0,
                0
            ],
            "parameters": {
                "Threads": "15"
            }
        },
        {
            "command": ".//target/release/lprq_mpmc 12 6 8 true 0.0",
            "mean": 6.90987932,
            "stddev": 0.1333689430750868,
            "median": 6.9118802197,
            "user": 118.41362863999998,
            "system": 0.07799180000000001,
            "min": 6.736439217700001,
            "max": 7.1202260587,
            "times": [
                6.756008080700001,
                6.899349375700001,
                6.736439217700001,
                6.889679846700001,
                6.924411063700001,
                7.0439793347,
                6.9928133827000005,
                7.1202260587,
                6.9963445777,
                6.7395422617000005
            ],
            "exit_codes": [
                0,
                0,
                0,
                0,
                0,
                0,
                0,
                0,
                0,
                0
            ],
            "parameters": {
                "Threads": "18"
            }
        },
        {
            "command": ".//target/release/lprq_mpmc 14 7 8 true 0.0",
            "mean": 8.08413064516,
            "stddev": 0.2714068199330832,
            "median": 8.013311472160002,
            "user": 147.33789711999998,
            "system": 0.12596877999999997,
            "min": 7.71596901116,
            "max": 8.65573392716,
            "times": [
                8.34005873916,
                7.71596901116,
                7.93763176016,
                7.857145502160001,
                7.942914632160001,
                8.03372848216,
                8.105176012160001,
                8.260053923160001,
                7.992894462160001,
                8.65573392716
            ],
            "exit_codes": [
                0,
                0,
                0,
                0,
                0,
                0,
                0,
                0,
                0,
                0
            ],
            "parameters": {
                "Threads": "21"
            }
        },
        {
            "command": ".//target/release/lprq_mpmc 16 8 8 true 0.0",
            "mean": 41.65433414046,
            "stddev": 18.97735232494056,
            "median": 39.43537170066,
            "user": 641.43924484,
            "system": 0.19889101999999997,
            "min": 13.88665500266,
            "max": 75.67416886866,
            "times": [
                75.67416886866,
                29.86950951166,
                60.79280250266,
                52.94107389466,
                13.88665500266,
                35.544418868659996,
                28.80204297166,
                52.78814387066,
                43.326324532659996,
                22.918201380659998
            ],