{
    "results": [
        {
            "command": ".//../c++-reference/build/bench-lprq-mpmc 1 2 7 true",
            "mean": 2.2104890368199994,
            "stddev": 0.23945359207732997,
            "median": 2.13920095672,
            "user": 6.616054,
            "system": 0.0024144600000000002,
            "min": 1.94998621572,
            "max": 2.64890084072,
            "times": [
                2.11422704672,
                2.1824830037200003,
                2.41905125172,
                1.98720562972,
                2.08133824472,
                2.0293383347200002,
                2.1641748667200003,
                2.64890084072,
                1.94998621572,
                2.52818493372
            ],
            "exit_codes": [
                0,
                0,
                0,
                0,
                0,
                0,
                0,
                0,
                0,
                0
            ],
            "parameters": {
                "threads": 3
            }
        },
        {
            "command": ".//../c++-reference/build/bench-lprq-mpmc 2 4 7 true",
            "mean": 2.0233605404999997,
            "stddev": 0.14724546027203514,
            "median": 2.0129140708,
            "user": 12.01138072,
            "system": 0.003998239999999998,
            "min": 1.8556255818,
            "max": 2.2326730268,
            "times": [
                2.0938742618000004,
                1.9027738678,
                2.1360060278,
                2.2326730268,
                2.1735975488,
                1.8586400898,
                1.9319538798,
                2.1525295928,
                1.8959315278,
                1.8556255818
            ],
            "exit_codes": [
                0,
                0,
                0,
                0,
                0,
                0,
                0,
                0,
                0,
                0
            ],
            "parameters": {
                "threads": 6
            }
        },
        {
            "command": ".//../c++-reference/build/bench-lprq-mpmc 3 6 7 true",
            "mean": 1.73547293212,
            "stddev": 0.1684925844830335,
            "median": 1.63412982332,
            "user": 15.42682638,
            "system": 0.004032340000000001,
            "min": 1.59369726332,
            "max": 2.0415785683200003,
            "times": [
                1.62664840332,
                1.85693933632,
                1.60497858432,
                1.9525343373200001,
                1.5979862033199999,
                1.8259955453199999,
                1.64161124332,
                1.59369726332,
                2.0415785683200003,
                1.61275983632
            ],
            "exit_codes": [
                0,
                0,
                0,
                0,
                0,
                0,
                0,
                0,
                0,
                0
            ],
            "parameters": {
                "threads": 9
            }
        },
        {
            "command": ".//../c++-reference/build/bench-lprq-mpmc 4 8 7 true",
            "mean": 1.8149401441600002,
            "stddev": 0.14945899560358047,
            "median": 1.86546538376,
            "user": 21.3851641,
            "system": 0.005517060000000001,
            "min": 1.60651357776,
            "max": 2.02479022576,
            "times": [
                1.61575676476,
                1.98821483976,
                1.76429447776,
                2.02479022576,
                1.89448413576,
                1.60651357776,
                1.86928992576,
                1.65203410076,
                1.8616408417599999,
                1.87238255176
            ],
            "exit_codes": [
                0,
                0,
                0,
                0,
                0,
                0,
                0,
                0,
                0,
                0
            ],
            "parameters": {
                "threads": 12
            }
        },
        {
            "command": ".//../c++-reference/build/bench-lprq-mpmc 5 10 7 true",
            "mean": 1.8161852277200001,
            "stddev": 0.1353649714910387,
            "median": 1.8368189637200003,
            "user": 26.71564896,
            "system": 0.01368148,
            "min": 1.63317728622,
            "max": 2.02403290322,
            "times": [
                1.6710663032200002,
                1.8737491472200003,
                1.9024204952200001,
                1.68368359122,
                1.79988878022,
                1.71335734622,
                1.63317728622,
                1.9618522172200001,
                2.02403290322,
                1.8986242072200001
            ],
            "exit_codes": [
                0,
                0,
                0,
                0,
                0,
                0,
                0,
                0,
                0,
                0
            ],
            "parameters": {
                "threads": 15
            }
        },
        {
            "command": ".//../c++-reference/build/bench-lprq-mpmc 6 12 7 true",
            "mean": 1.81325424258,
            "stddev": 0.10345595874908425,
            "median": 1.83640552638,
            "user": 32.00209182,
            "system": 0.025120439999999994,
            "min": 1.5762711978800001,
            "max": 1.9158912928800003,
            "times": [
                1.77438634188,
                1.8730590798800002,
                1.8274120738800002,
                1.7798963018800003,
                1.91392348388,
                1.8908202388800002,
                1.9158912928800003,
                1.5762711978800001,
                1.7354834358800002,
                1.8453989788800003
            ],
            "exit_codes": [
                0,
                0,
                0,
                0,
                0,
                0,
                0,
                0,
                0,
                0
            ],
            "parameters": {
                "threads": 18
            }
        },
        {
            "command": ".//../c++-reference/build/bench-lprq-mpmc 7 14 7 true",
            "mean": 1.6338004229799998,
            "stddev": 0.08114241452004521,
            "median": 1.6151640789800001,
            "user": 33.00464493999999,
            "system": 0.026645960000000003,
            "min": 1.48018703648,
            "max": 1.72963200648,
            "times": [
                1.48018703648,
                1.5939061004800001,
                1.7172330334800001,
                1.72963200648,
                1.63215953348,
                1.5981686244800002,
                1.58028832948,
                1.7192666894800002,
                1.69966984848,
                1.58749302748
            ],
            "exit_codes": [
                0,
                0,
                0,
                0,
                0,
                0,
                0,
                0,
                0,
                0
            ],
            "parameters": {
                "threads": 21
            }
        },
        {
            "command": ".//../c++-reference/build/bench-lprq-mpmc 8 16 7 true",
            "mean": 1.5096588609600001,
            "stddev": 0.050472078412581126,
            "median": 1.5038286568600001,
            "user": 35.052687000000006,
            "system": 0.0412079,
            "min": 1.4120750893599998,
            "max": 1.59815906536,
            "times": [
                1.49560495536,
                1.50686674336,
                1.4810937523599998,
                1.4120750893599998,
                1.57311929736,
                1.50442918136,
                1.59815906536,
                1.50322813236,
                1.49598683236,
                1.52602556036
            ],