{
    "results": [
        {
            "command": ".//target/release/lprq_mpmc 2 1 7 true",
            "mean": 1.08155933362,
            "stddev": 0.02489698126874915,
            "median": 1.0787794266200001,
            "user": 3.21228802,
            "system": 0.014720979999999998,
            "min": 1.03457064812,
            "max": 1.12837347812,
            "times": [
                1.11185445512,
                1.03457064812,
                1.07473194712,
                1.12837347812,
                1.07737630712,
                1.08018254612,
                1.07336103412,
                1.08409104212,
                1.0705756771200001,
                1.08047620112
            ],
            "exit_codes": [
                0,
                0,
                0,
                0,
                0,
                0,
                0,
                0,
                0,
                0
            ],
            "parameters": {
                "Threads": 3
            }
        },
        {
            "command": ".//target/release/lprq_mpmc 4 2 7 true",
            "mean": 0.93020270116,
            "stddev": 0.01328779051031754,
            "median": 0.92704425516,
            "user": 5.376366419999999,
            "system": 0.0400652,
            "min": 0.91307636416,
            "max": 0.9614539721600001,
            "times": [
                0.9286038761600001,
                0.9237288261600001,
                0.92396645416,
                0.9614539721600001,
                0.93634465016,
                0.92548463416,
                0.91307636416,
                0.91980972216,
                0.9383771401600001,
                0.9311813721600001
            ],
            "exit_codes": [
                0,
                0,
                0,
                0,
                0,
                0,
                0,
                0,
                0,
                0
            ],
            "parameters": {
                "Threads": 6
            }
        },
        {
            "command": ".//target/release/lprq_mpmc 6 3 7 true",
            "mean": 0.79623589256,
            "stddev": 0.009973998043859731,
            "median": 0.7968122724600001,
            "user": 6.902440259999999,
            "system": 0.04902478,
            "min": 0.77565918296,
            "max": 0.80823369996,
            "times": [
                0.8049597759600001,
                0.80168549996,
                0.8044711639600001,
                0.7980237589600001,
                0.79497772296,
                0.79461724596,
                0.78413008896,
                0.80823369996,
                0.77565918296,
                0.7956007859600001
            ],
            "exit_codes": [
                0,
                0,
                0,
                0,
                0,
                0,
                0,
                0,
                0,
                0
            ],
            "parameters": {
                "Threads": 9
            }
        },
        {
            "command": ".//target/release/lprq_mpmc 8 4 7 true",
            "mean": 0.6841073447999999,
            "stddev": 0.015125607740855205,
            "median": 0.683344208,
            "user": 7.937174859999999,
            "system": 0.04714425999999999,
            "min": 0.6593099545,
            "max": 0.7116560345,
            "times": [
                0.7116560345,
                0.6833192115,
                0.6593099545,
                0.6683138184999999,
                0.6833692044999999,
                0.6747483585,
                0.6789159945,
                0.6978682005,
                0.6943139875,
                0.6892586835
            ],
            "exit_codes": [
                0,
                0,
                0,
                0,
                0,
                0,
                0,
                0,
                0,
                0
            ],
            "parameters": {
                "Threads": 12
            }
        },
        {
            "command": ".//target/release/lprq_mpmc 10 5 7 true",
            "mean": 0.63923106106,
            "stddev": 0.041847693535730444,
            "median": 0.63417841056,
            "user": 9.176259919999998,
            "system": 0.05229649999999999,
            "min": 0.5973156080600001,
            "max": 0.72978611806,
            "times": [
                0.63649716406,
                0.72978611806,
                0.60310079306,
                0.6017223270600001,
                0.6713912710600001,
                0.63185965706,
                0.5973156080600001,
                0.60403780606,
                0.65444375006,
                0.66215611606
            ],
            "exit_codes": [
                0,
                0,
                0,
                0,
                0,
                0,
                0,
                0,
                0,
                0
            ],
            "parameters": {
                "Threads": 15
            }
        },
        {
            "command": ".//target/release/lprq_mpmc 12 6 7 true",
            "mean": 0.6917087878800001,
            "stddev": 0.06364221749894629,
            "median": 0.67927409398,
            "user": 11.22446616,
            "system": 0.05076837999999999,
            "min": 0.60426572948,
            "max": 0.8079097364800001,
            "times": [
                0.7716895304800001,
                0.68890469048,
                0.66205973848,
                0.60426572948,
                0.62340687348,
                0.8079097364800001,
                0.73823578948,
                0.68037703348,
                0.6620676024800001,
                0.6781711544800001
            ],
            "exit_codes": [
                0,
                0,
                0,
                0,
                0,
                0,
                0,
                0,
                0,
                0
            ],
            "parameters": {
                "Threads": 18
            }
        },
        {
            "command": ".//target/release/lprq_mpmc 14 7 7 true",
            "mean": 0.7275901733000001,
            "stddev": 0.02987895496124915,
            "median": 0.7244721158,
            "user": 12.975938039999999,
            "system": 0.07051598,
            "min": 0.6863672748,
            "max": 0.7907615938000001,
            "times": [
                0.7281432908000001,
                0.7552034058000001,
                0.7076054598000001,
                0.6863672748,
                0.7115991668,
                0.7259070428000001,
                0.7445207358000001,
                0.7907615938000001,
                0.7027565738000001,
                0.7230371888000001
            ],
            "exit_codes": [
                0,
                0,
                0,
                0,
                0,
                0,
                0,
                0,
                0,
                0
            ],
            "parameters": {
                "Threads": 21
            }
        },
        {
            "command": ".//target/release/lprq_mpmc 16 8 7 true",
            "mean": 0.75904767924,
            "stddev": 0.012391991344322164,
            "median": 0.7643357418400001,
            "user": 16.24472854,
            "system": 0.07015102000000001,
            "min": 0.74042839534,
            "max": 0.77028253934,
            "times": [
                0.74233199434,
                0.74042839534,
                0.7680832843400001,
                0.77028253934,
                0.76238583634,
                0.74242939034,
                0.75978375034,
                0.76879964534,
                0.76628564734,
                0.76966630934
            ],