{
    "results": [
        {
            "command": ".//target/release/lprq_mpmc 18 18 8 true 0.0",
            "mean": 18.71387155944,
            "stddev": 7.314401671552046,
            "median": 15.22822991584,
            "user": 625.33007272,
            "system": 0.31764278,
            "min": 12.312586933339999,
            "max": 33.38714324334,
            "times": [
                15.58750877734,
                14.37338427634,
                27.409067350340003,
                25.73077703334,
                14.881872182339999,
                14.97071284034,
                15.48574699134,
                12.312586933339999,
                12.99991596634,
                33.38714324334
            ],
            "exit_codes": [
                0,
                0,
                0,
                0,
                0,
                0,
                0,
                0,
                0,
                0
            ],
            "parameters": {
                "Congestion": "0.0"
            }
        },
        {
            "command": ".//target/release/lprq_mpmc 18 18 8 true 0.25",
            "mean": 17.361669580679997,
            "stddev": 4.404288625201948,
            "median": 15.389957353379998,
            "user": 582.346986,
            "system": 0.31026237999999995,
            "min": 13.238954393879999,
            "max": 25.44663773588,
            "times": [
                25.44663773588,
                13.93798592088,
                15.42730307388,
                15.352611632879999,
                16.19535255688,
                22.92401273088,
                13.238954393879999,
                22.14096063988,
                13.796019271879999,
                15.15685784988
            ],
            "exit_codes": [
                0,
                0,
                0,
                0,
                0,
                0,
                0,
                0,
                0,
                0
            ],
            "parameters": {
                "Congestion": "0.25"
            }
        },
        {
            "command": ".//target/release/lprq_mpmc 18 18 8 true 0.5",
            "mean": 15.418428662580002,
            "stddev": 3.2603192094372835,
            "median": 14.707675906979999,
            "user": 521.44698226,
            "system": 0.28840052,
            "min": 12.579335947979999,
            "max": 24.251931322980003,
            "times": [
                13.59968916498,
                24.251931322980003,
                14.892679056979999,
                16.322943072980003,
                14.522672756979999,
                15.07493623698,
                14.940107249979999,
                12.579335947979999,
                14.01553755598,
                13.98445425998
            ],
            "exit_codes": [
                0,
                0,
                0,
                0,
                0,
                0,
                0,
                0,
                0,
                0
            ],
            "parameters": {
                "Congestion": "0.5"
            }
        },
        {
            "command": ".//target/release/lprq_mpmc 18 18 8 true 1.0",
            "mean": 15.44583501144,
            "stddev": 2.4760946339872345,
            "median": 15.35320283974,
            "user": 522.1626162800001,
            "system": 0.27560228,
            "min": 12.498537366739999,
            "max": 21.731541604740002,
            "times": [
                15.76246133774,
                15.56726116274,
                12.498537366739999,
                13.12210313274,
                15.27274919474,
                14.61464474174,
                15.43365648474,
                14.656798091739999,
                21.731541604740002,
                15.798596996739999
            ],
            "exit_codes": [
                0,
                0,
                0,
                0,
                0,
                0,
                0,
                0,
                0,
                0
            ],
            "parameters": {
                "Congestion": "1.0"
            }
        }
    ]
}