{
    "results": [
        {
            "command": ".//../c++-reference/build/bench-lprq-pairwise 36 8 true 0.0",
            "mean": 5.28862655988,
            "stddev": 0.1945565703874867,
            "median": 5.29010505638,
            "user": 182.29610811999999,
            "system": 0.007238836,
            "min": 4.93739547738,
            "max": 5.5959970633800005,
            "times": [
                5.44216396738,
                4.93739547738,
                5.28706853838,
                5.48551212238,
                5.5959970633800005,
                5.370226709380001,
                5.18836163038,
                5.1161796523800005,
                5.29314157438,
                5.170218863380001
            ],
            "exit_codes": [
                0,
                0,
                0,
                0,
                0,
                0,
                0,
                0,
                0,
                0
            ],
            "parameters": {
                "Congestion": "0.0"
            }
        },
        {
            "command": ".//../c++-reference/build/bench-lprq-pairwise 36 8 true 0.25",
            "mean": 5.324726915359999,
            "stddev": 0.16904376178763564,
            "median": 5.29286482226,
            "user": 183.97212194000002,
            "system": 0.0069826,
            "min": 5.12325938126,
            "max": 5.60583606226,
            "times": [
                5.28279928226,
                5.30867662026,
                5.60583606226,
                5.18051394026,
                5.30293036226,
                5.20635954926,
                5.12325938126,
                5.19474415626,
                5.57707131726,
                5.46507848226
            ],
            "exit_codes": [
                0,
                0,
                0,
                0,
                0,
                0,
                0,
                0,
                0,
                0
            ],
            "parameters": {
                "Congestion": "0.25"
            }
        },
        {
            "command": ".//../c++-reference/build/bench-lprq-pairwise 36 8 true 0.5",
            "mean": 5.340997788219999,
            "stddev": 0.19581391162104758,
            "median": 5.324906073119999,
            "user": 184.38686798,
            "system": 0.00734934,
            "min": 5.0956162766199995,
            "max": 5.66443995562,
            "times": [
                5.28456447462,
                5.18345918762,
                5.39211468062,
                5.1671261166199995,
                5.36524767162,
                5.0956162766199995,
                5.54093707062,
                5.66443995562,
                5.16042906462,
                5.55604338362
            ],
            "exit_codes": [
                0,
                0,
                0,
                0,
                0,
                0,
                0,
                0,
                0,
                0
            ],
            "parameters": {
                "Congestion": "0.5"
            }
        },
        {
            "command": ".//../c++-reference/build/bench-lprq-pairwise 36 8 true 1.0",
            "mean": 5.89062935808,
            "stddev": 0.14180536981677874,
            "median": 5.8255127592800005,
            "user": 207.71709461999998,
            "system": 0.0065813700000000004,
            "min": 5.75040382228,
            "max": 6.12631982628,
            "times": [
                6.11334251928,
                5.75040382228,
                5.98900651028,
                6.12631982628,
                5.78531277028,
                5.80942435228,
                5.78246930628,
                5.84160116628,
                5.9318115132800004,
                5.77660179428
            ],
            "exit_codes": [
                0,
                0,
                0,
                0,
                0,
                0,
                0,
                0,
                0,
                0
            ],
            "parameters": {
                "Congestion": "1.0"
            }
        }
    ]
}