{
    "results": [
        {
            "command": ".//target/release/lprq_mpmc 24 12 8 true 0.0",
            "mean": 7.41877188768,
            "stddev": 0.13055782523254336,
            "median": 7.45301588928,
            "user": 250.86192682,
            "system": 0.28460089999999993,
            "min": 7.18515093278,
            "max": 7.59066069178,
            "times": [
                7.46126603778,
                7.49410528478,
                7.59066069178,
                7.488684719779999,
                7.38340071478,
                7.324411148779999,
                7.25624956278,
                7.444765740779999,
                7.55902404278,
                7.18515093278
            ],
            "exit_codes": [
                0,
                0,
                0,
                0,
                0,
                0,
                0,
                0,
                0,
                0
            ],
            "parameters": {
                "Congestion": "0.0"
            }
        },
        {
            "command": ".//target/release/lprq_mpmc 24 12 8 true 0.25",
            "mean": 7.556876023380001,
            "stddev": 0.15693807448527372,
            "median": 7.57469252728,
            "user": 255.00131371999996,
            "system": 0.60609208,
            "min": 7.24253535178,
            "max": 7.80641676878,
            "times": [
                7.49698361178,
                7.24253535178,
                7.60677912378,
                7.66458923278,
                7.39526264278,
                7.80641676878,
                7.54260593078,
                7.52541860678,
                7.63024403978,
                7.65792492478
            ],
            "exit_codes": [
                0,
                0,
                0,
                0,
                0,
                0,
                0,
                0,
                0,
                0
            ],
            "parameters": {
                "Congestion": "0.25"
            }
        },
        {
            "command": ".//target/release/lprq_mpmc 24 12 8 true 0.5",
            "mean": 7.5410513868999995,
            "stddev": 0.19526966334247595,
            "median": 7.5792327789,
            "user": 255.44808896,
            "system": 0.5694171,
            "min": 7.258491686899999,
            "max": 7.8242348149,
            "times": [
                7.3793471349,
                7.4339324789,
                7.2766778689,
                7.695201347899999,
                7.6520369229,
                7.8242348149,
                7.5715488329,
                7.258491686899999,
                7.5869167249,
                7.7321260559
            ],
            "exit_codes": [
                0,
                0,
                0,
                0,
                0,
                0,
                0,
                0,
                0,
                0
            ],
            "parameters": {
                "Congestion": "0.5"
            }
        },
        {
            "command": ".//target/release/lprq_mpmc 24 12 8 true 1.0",
            "mean": 7.350178526679999,
            "stddev": 0.22588454484271697,
            "median": 7.30549150898,
            "user": 254.64472185999998,
            "system": 0.76080386,
            "min": 7.04431999348,
            "max": 7.68749946648,
            "times": [
                7.20782381148,
                7.65083223348,
                7.10229183448,
                7.20555118848,
                7.04431999348,
                7.68749946648,
                7.35333800548,
                7.25764501248,
                7.55794990548,
                7.43453381548
            ],
            "exit_codes": [
                0,
                0,
                0,
                0,
                0,
                0,
                0,
                0,
                0,
                0
            ],
            "parameters": {
                "Congestion": "1.0"
            }
        }
    ]
}