{
    "results": [
        {
            "command": ".//../c++-reference/build/bench-lprq-mpmc 2 1 8 true 0.0",
            "mean": 16.417195645699998,
            "stddev": 0.35034200860343373,
            "median": 16.443934349099997,
            "user": 47.2347396,
            "system": 0.001511988,
            "min": 15.752748170099999,
            "max": 17.0754568581,
            "times": [
                16.4552795091,
                16.3396567321,
                15.752748170099999,
                16.140259804099998,
                16.4893752711,
                16.465568884099998,
                16.4325891891,
                17.0754568581,
                16.265053321099998,
                16.7559687181
            ],
            "exit_codes": [
                0,
                0,
                0,
                0,
                0,
                0,
                0,
                0,
                0,
                0
            ],
            "parameters": {
                "Threads": "3"
            }
        },
        {
            "command": ".//../c++-reference/build/bench-lprq-mpmc 4 2 8 true 0.0",
            "mean": 10.067580328640002,
            "stddev": 0.2654029837496922,
            "median": 10.032993141439999,
            "user": 59.31484035999999,
            "system": 0.0033162419999999996,
            "min": 9.74149943944,
            "max": 10.55999016144,
            "times": [
                10.29148250744,
                10.21729803644,
                10.254859851440001,
                9.77195233244,
                9.87592155644,
                10.13751185444,
                10.55999016144,
                9.92847442844,
                9.89681311844,
                9.74149943944
            ],
            "exit_codes": [
                0,
                0,
                0,
                0,
                0,
                0,
                0,
                0,
                0,
                0
            ],
            "parameters": {
                "Threads": "6"
            }
        },
        {
            "command": ".//../c++-reference/build/bench-lprq-mpmc 8 4 8 true 0.0",
            "mean": 7.955949749200002,
            "stddev": 0.4765719629767785,
            "median": 7.8999258022,
            "user": 94.52540158000002,
            "system": 0.00207712,
            "min": 7.148427566700001,
            "max": 8.5796678307,
            "times": [
                7.5177799897,
                8.5796678307,
                8.3698385277,
                8.295223915700001,
                7.8875261597,
                7.5751236747,
                7.148427566700001,
                7.9123254447,
                7.7446530327000005,
                8.5289313497
            ],
            "exit_codes": [
                0,
                0,
                0,
                0,
                0,
                0,
                0,
                0,
                0,
                0
            ],
            "parameters": {
                "Threads": "12"
            }
        },
        {
            "command": ".//../c++-reference/build/bench-lprq-mpmc 12 6 8 true 0.0",
            "mean": 8.04363431994,
            "stddev": 0.26192557872844213,
            "median": 8.06550656044,
            "user": 142.37556192,
            "system": 0.0036037960000000003,
            "min": 7.53885584394,
            "max": 8.44014990694,
            "times": [
                7.53885584394,
                8.30294726294,
                7.92510095794,
                8.05433918494,
                8.07667393594,
                7.78132680694,
                7.94539257794,
                8.14076136494,
                8.44014990694,
                8.23079535694
            ],
            "exit_codes": [
                0,
                0,
                0,
                0,
                0,
                0,
                0,
                0,
                0,
                0
            ],
            "parameters": {
                "Threads": "18"
            }
        },
        {
            "command": ".//../c++-reference/build/bench-lprq-mpmc 16 8 8 true 0.0",
            "mean": 7.943773598340002,
            "stddev": 0.24120052952882198,
            "median": 8.04660826884,
            "user": 184.01090531999998,
            "system": 0.00525064,
            "min": 7.55340154034,
            "max": 8.16698132634,
            "times": [
                8.00292982234,
                8.12640771934,
                7.6027387843400005,
                7.6580733503400005,
                7.55340154034,
                8.16698132634,
                8.16560761234,
                8.068379290340001,
                8.02768313634,
                8.06553340134
            ],
            "exit_codes": [
                0,
                0,
                0,
                0,
                0,
                0,
                0,
                0,
                0,
                0
            ],
            "parameters": {
                "Threads": "24"
            }
        },
        {
            "command": ".//../c++-reference/build/bench-lprq-mpmc 20 10 8 true 0.0",
            "mean": 7.561487640920001,
            "stddev": 0.01585725268049708,
            "median": 7.55992554802,
            "user": 210.17362283999995,
            "system": 1.3501199799999999,
            "min": 7.53174702752,
            "max": 7.58405434452,
            "times": [
                7.55970408352,
                7.54728065652,
                7.58405434452,
                7.56094942452,
                7.5814173275200005,
                7.55537154452,
                7.56014701252,
                7.57617314252,
                7.53174702752,
                7.55803184552
            ],
            "exit_codes": [
                0,
                0,
                0,
                0,
                0,
                0,
                0,
                0,
                0,
                0
            ],
            "parameters": {
                "Threads": "30"
            }
        },
        {
            "command": ".//../c++-reference/build/bench-lprq-mpmc 24 12 8 true 0.0",
            "mean": 7.4996419762599995,
            "stddev": 0.018327568355965447,
            "median": 7.497238250360001,
            "user": 239.72200426,
            "system": 3.36044786,
            "min": 7.47036670936,
            "max": 7.53019089136,
            "times": [
                7.50956997736,
                7.47036670936,
                7.53019089136,
                7.50241279736,
                7.48940386536,
                7.49206370336,
                7.50587710036,
                7.48518973236,
                7.52361476436,
                7.4877302213600005
            ],
            "exit_codes": [
                0,
                0,
                0,
                0,
                0,
                0,
                0,
                0,
                0,
                0
            ],
            "parameters": {
                "Threads": "36"
            }
        }
    ]
}