{
    "results": [
        {
            "command": ".//target/release/lprq_mpmc 18 18 8 true 0.0",
            "mean": 13.65337637186,
            "stddev": 0.9607708948467225,
            "median": 13.34204066266,
            "user": 466.65362811999995,
            "system": 0.29177512,
            "min": 12.54746656616,
            "max": 16.10876575416,
            "times": [
                13.72951048916,
                13.297127037160001,
                13.27879680416,
                13.07296835716,
                13.38695428816,
                12.54746656616,
                13.71232511916,
                14.12833474716,
                16.10876575416,
                13.27151455616
            ],
            "exit_codes": [
                0,
                0,
                0,
                0,
                0,
                0,
                0,
                0,
                0,
                0
            ],
            "parameters": {
                "Congestion": "0.0"
            }
        },
        {
            "command": ".//target/release/lprq_mpmc 18 18 8 true 0.25",
            "mean": 15.16313429182,
            "stddev": 2.1574454861321435,
            "median": 15.50032802242,
            "user": 513.9338393200001,
            "system": 0.29197146,
            "min": 11.23361351542,
            "max": 17.597644258419997,
            "times": [
                17.37385926542,
                15.06266963542,
                11.23361351542,
                13.55649897742,
                13.58991823642,
                15.93798640942,
                17.550353573419997,
                16.294746762419997,
                13.43405228442,
                17.597644258419997
            ],
            "exit_codes": [
                0,
                0,
                0,
                0,
                0,
                0,
                0,
                0,
                0,
                0
            ],
            "parameters": {
                "Congestion": "0.25"
            }
        },
        {
            "command": ".//target/release/lprq_mpmc 18 18 8 true 0.5",
            "mean": 14.10872021378,
            "stddev": 2.9515467559448534,
            "median": 13.295710054379999,
            "user": 480.35138406,
            "system": 0.31728564,
            "min": 11.07431412838,
            "max": 20.48841188638,
            "times": [
                13.682539221379999,
                13.15273437438,
                12.362774434379999,
                11.51425570138,
                13.43868573438,
                20.48841188638,
                11.07431412838,
                17.09380093738,
                12.107619220379998,
                16.17206649938
            ],
            "exit_codes": [
                0,
                0,
                0,
                0,
                0,
                0,
                0,
                0,
                0,
                0
            ],
            "parameters": {
                "Congestion": "0.5"
            }
        },
        {
            "command": ".//target/release/lprq_mpmc 18 18 8 true 1.0",
            "mean": 14.492263886839998,
            "stddev": 2.374982851422132,
            "median": 13.42945746174,
            "user": 492.75279369999987,
            "system": 0.31077518,
            "min": 12.445962343740002,
            "max": 19.54162614074,
            "times": [
                13.41726272174,
                16.717712518739997,
                16.88552950374,
                12.823258216740001,
                13.44165220174,
                12.78420984974,
                19.54162614074,
                13.74368082274,
                12.445962343740002,
                13.12174454874
            ],
            "exit_codes": [
                0,
                0,
                0,
                0,
                0,
                0,
                0,
                0,
                0,
                0
            ],
            "parameters": {
                "Congestion": "1.0"
            }
        }
    ]
}