{
    "results": [
        {
            "command": ".//target/release/lprq_pairwise 36 8 true 0.0",
            "mean": 6.2337861098200005,
            "stddev": 0.17169490189160064,
            "median": 6.27419550792,
            "user": 218.48678488000002,
            "system": 0.06484744,
            "min": 6.0016633294199995,
            "max": 6.56195769042,
            "times": [
                6.29960211842,
                6.16045493642,
                6.02942955942,
                6.31095126642,
                6.0016633294199995,
                6.338323915419999,
                6.06708076142,
                6.56195769042,
                6.31960862342,
                6.24878889742
            ],
            "exit_codes": [
                0,
                0,
                0,
                0,
                0,
                0,
                0,
                0,
                0,
                0
            ],
            "parameters": {
                "Congestion": "0.0"
            }
        },
        {
            "command": ".//target/release/lprq_pairwise 36 8 true 0.25",
            "mean": 6.25999298604,
            "stddev": 0.21843632300108606,
            "median": 6.17526721334,
            "user": 219.14369338,
            "system": 0.07793394000000001,
            "min": 6.02437947734,
            "max": 6.60050146734,
            "times": [
                6.13758320334,
                6.07931030734,
                6.49345676434,
                6.57360532934,
                6.60050146734,
                6.02437947734,
                6.05795988734,
                6.20523680434,
                6.28259899734,
                6.14529762234
            ],
            "exit_codes": [
                0,
                0,
                0,
                0,
                0,
                0,
                0,
                0,
                0,
                0
            ],
            "parameters": {
                "Congestion": "0.25"
            }
        },
        {
            "command": ".//target/release/lprq_pairwise 36 8 true 0.5",
            "mean": 6.411461195700001,
            "stddev": 0.2897400605865444,
            "median": 6.326971564400001,
            "user": 224.90883072000003,
            "system": 0.07749784,
            "min": 6.0624292714,
            "max": 7.0789768134,
            "times": [
                7.0789768134,
                6.4755987934,
                6.2281015104,
                6.6540003004,
                6.3178299744,
                6.3361131544000004,
                6.0624292714,
                6.2432341804,
                6.5064209964,
                6.2119069624
            ],
            "exit_codes": [
                0,
                0,
                0,
                0,
                0,
                0,
                0,
                0,
                0,
                0
            ],
            "parameters": {
                "Congestion": "0.5"
            }
        },
        {
            "command": ".//target/release/lprq_pairwise 36 8 true 1.0",
            "mean": 6.17673707208,
            "stddev": 0.16726946579377255,
            "median": 6.14157989848,
            "user": 216.72041412,
            "system": 0.07887482,
            "min": 5.99778285198,
            "max": 6.57050941398,
            "times": [
                6.26848785398,
                6.16684201098,
                6.57050941398,
                5.99778285198,
                6.14398919098,
                6.13917060598,
                6.06879644098,
                6.07607536098,
                6.29393188298,
                6.04178510798
            ],
            "exit_codes": [
                0,
                0,
                0,
                0,
                0,
                0,
                0,
                0,
                0,
                0
            ],
            "parameters": {
                "Congestion": "1.0"
            }
        }
    ]
}