{
    "results": [
        {
            "command": ".//../c++-reference/build/bench-lprq-mpmc 1 1 7 true",
            "mean": 1.21499310412,
            "stddev": 0.0406332019944875,
            "median": 1.20715049332,
            "user": 2.42032944,
            "system": 0.0029708139999999996,
            "min": 1.15184985982,
            "max": 1.27307688482,
            "times": [
                1.21232558882,
                1.27307688482,
                1.23994544582,
                1.20197539782,
                1.15184985982,
                1.27246100982,
                1.19760378482,
                1.16468724682,
                1.2345222578200001,
                1.2014835648200002
            ],
            "exit_codes": [
                0,
                0,
                0,
                0,
                0,
                0,
                0,
                0,
                0,
                0
            ],
            "parameters": {
                "threads": 2
            }
        },
        {
            "command": ".//../c++-reference/build/bench-lprq-mpmc 2 2 7 true",
            "mean": 1.6972905942599996,
            "stddev": 0.14389615769029077,
            "median": 1.6966422366599998,
            "user": 6.6159554599999995,
            "system": 0.005936059999999999,
            "min": 1.4710327646599999,
            "max": 1.94839842766,
            "times": [
                1.63422794666,
                1.84224081966,
                1.4710327646599999,
                1.7849375396599998,
                1.7526865196599999,
                1.6037704196599998,
                1.7391184526599999,
                1.54232703166,
                1.94839842766,
                1.65416602066
            ],
            "exit_codes": [
                0,
                0,
                0,
                0,
                0,
                0,
                0,
                0,
                0,
                0
            ],
            "parameters": {
                "threads": 4
            }
        },
        {
            "command": ".//../c++-reference/build/bench-lprq-mpmc 3 3 7 true",
            "mean": 1.3907963861199997,
            "stddev": 0.15058670154296872,
            "median": 1.37495384662,
            "user": 8.225464539999999,
            "system": 0.003985656,
            "min": 1.22082635562,
            "max": 1.60948864862,
            "times": [
                1.5028027366199999,
                1.30088038262,
                1.60948864862,
                1.26679631662,
                1.44902731062,
                1.23708072762,
                1.60461592362,
                1.44906468762,
                1.22082635562,
                1.2673807716199998
            ],
            "exit_codes": [
                0,
                0,
                0,
                0,
                0,
                0,
                0,
                0,
                0,
                0
            ],
            "parameters": {
                "threads": 6
            }
        },
        {
            "command": ".//../c++-reference/build/bench-lprq-mpmc 4 4 7 true",
            "mean": 1.3755565356400001,
            "stddev": 0.2166104169462038,
            "median": 1.44389619894,
            "user": 10.7419652,
            "system": 0.00624045,
            "min": 1.08427729394,
            "max": 1.6563835469400001,
            "times": [
                1.15902395394,
                1.51663236594,
                1.52216813194,
                1.61413455694,
                1.08427729394,
                1.41201147394,
                1.09856116894,
                1.21659193994,
                1.4757809239400002,
                1.6563835469400001
            ],
            "exit_codes": [
                0,
                0,
                0,
                0,
                0,
                0,
                0,
                0,
                0,
                0
            ],
            "parameters": {
                "threads": 8
            }
        },
        {
            "command": ".//../c++-reference/build/bench-lprq-mpmc 5 5 7 true",
            "mean": 1.15590653962,
            "stddev": 0.0700837557583129,
            "median": 1.1336663494199999,
            "user": 11.22540418,
            "system": 0.008950099999999999,
            "min": 1.11384083792,
            "max": 1.34987613492,
            "times": [
                1.11573572292,
                1.11384083792,
                1.15547158192,
                1.12643277692,
                1.34987613492,
                1.15849888492,
                1.11994160092,
                1.15193515692,
                1.13019786492,
                1.13713483392
            ],
            "exit_codes": [
                0,
                0,
                0,
                0,
                0,
                0,
                0,
                0,
                0,
                0
            ],
            "parameters": {
                "threads": 10
            }
        },
        {
            "command": ".//../c++-reference/build/bench-lprq-mpmc 6 6 7 true",
            "mean": 1.3206983240199999,
            "stddev": 0.11722498379722636,
            "median": 1.35047950902,
            "user": 15.368515879999999,
            "system": 0.014752859999999998,
            "min": 1.12133879852,
            "max": 1.45218601352,
            "times": [
                1.4323270435200002,
                1.35943285552,
                1.39082414552,
                1.19097509552,
                1.3415261625200001,
                1.12133879852,
                1.26980319352,
                1.45218601352,
                1.44236357452,
                1.20620635752
            ],
            "exit_codes": [
                0,
                0,
                0,
                0,
                0,
                0,
                0,
                0,
                0,
                0
            ],
            "parameters": {
                "threads": 12
            }
        },
        {
            "command": ".//../c++-reference/build/bench-lprq-mpmc 7 7 7 true",
            "mean": 1.3249739489399999,
            "stddev": 0.08901738879962082,
            "median": 1.33840083344,
            "user": 17.99583842,
            "system": 0.01624706,
            "min": 1.1611669549399999,
            "max": 1.4334216229399999,
            "times": [
                1.1611669549399999,
                1.31995210194,
                1.19018774994,
                1.33926965394,
                1.34130941694,
                1.4334216229399999,
                1.39097154294,
                1.33753201294,
                1.42204639294,
                1.31388203994
            ],
            "exit_codes": [
                0,
                0,
                0,
                0,
                0,
                0,
                0,
                0,
                0,
                0
            ],
            "parameters": {
                "threads": 14
            }
        },
        {
            "command": ".//../c++-reference/build/bench-lprq-mpmc 8 8 7 true",
            "mean": 1.25587386336,
            "stddev": 0.09282103728176873,
            "median": 1.22316383636,
            "user": 19.39309514,
            "system": 0.020044179999999998,
            "min": 1.15425994036,
            "max": 1.41810835736,
            "times": [
                1.17892915636,
                1.3750444073599999,
                1.41810835736,
                1.2271389473599998,
                1.15425994036,
                1.32604452536,
                1.18576967236,
                1.3006148813599998,
                1.17364002036,
                1.21918872536
            ],