{
    "results": [
        {
            "command": ".//../c++-reference/build/bench-lprq-mpmc 18 18 8 true 0.0",
            "mean": 8.08089394988,
            "stddev": 0.139767841374647,
            "median": 8.05139402668,
            "user": 287.96327600000006,
            "system": 0.0551863,
            "min": 7.87788855068,
            "max": 8.30032653868,
            "times": [
                8.048221723680001,
                8.17706426268,
                7.87788855068,
                8.01383804968,
                8.30032653868,
                8.18644340768,
                8.23381865768,
                7.90179669568,
                8.01497528268,
                8.05456632968
            ],
            "exit_codes": [
                0,
                0,
                0,
                0,
                0,
                0,
                0,
                0,
                0,
                0
            ],
            "parameters": {
                "Congestion": "0.0"
            }
        },
        {
            "command": ".//../c++-reference/build/bench-lprq-mpmc 18 18 8 true 0.25",
            "mean": 8.16143128054,
            "stddev": 0.2819732258356999,
            "median": 8.13876696734,
            "user": 291.20582958,
            "system": 0.047738199999999995,
            "min": 7.60716021434,
            "max": 8.50126099534,
            "times": [
                7.60716021434,
                8.20891030834,
                8.385339739339999,
                8.068623626339999,
                8.01904086834,
                8.40416423634,
                8.45721826934,
                8.50126099534,
                7.99346595134,
                7.96912859634
            ],
            "exit_codes": [
                0,
                0,
                0,
                0,
                0,
                0,
                0,
                0,
                0,
                0
            ],
            "parameters": {
                "Congestion": "0.25"
            }
        },
        {
            "command": ".//../c++-reference/build/bench-lprq-mpmc 18 18 8 true 0.5",
            "mean": 8.18714067172,
            "stddev": 0.10807000742960447,
            "median": 8.18152941372,
            "user": 291.55628138,
            "system": 0.054402479999999996,
            "min": 8.02894382972,
            "max": 8.32770336572,
            "times": [
                8.15892290072,
                8.27722332572,
                8.10789957572,
                8.10257220372,
                8.326109728719999,
                8.26308276272,
                8.20413592672,
                8.02894382972,
                8.32770336572,
                8.07481309772
            ],
            "exit_codes": [
                0,
                0,
                0,
                0,
                0,
                0,
                0,
                0,
                0,
                0
            ],
            "parameters": {
                "Congestion": "0.5"
            }
        },
        {
            "command": ".//../c++-reference/build/bench-lprq-mpmc 18 18 8 true 1.0",
            "mean": 8.439122116619998,
            "stddev": 0.18620912394420472,
            "median": 8.447625431819999,
            "user": 300.93611436000003,
            "system": 0.052911759999999995,
            "min": 8.146563577819999,
            "max": 8.68053472282,
            "times": [
                8.64835714282,
                8.146563577819999,
                8.299368656819999,
                8.353886682819999,
                8.541364180819999,
                8.593775149819999,
                8.68053472282,
                8.322466454819999,
                8.55566733682,
                8.24923726082
            ],
            "exit_codes": [
                0,
                0,
                0,
                0,
                0,
                0,
                0,
                0,
                0,
                0
            ],
            "parameters": {
                "Congestion": "1.0"
            }
        }
    ]
}