{
    "results": [
        {
            "command": ".//target/release/lprq_mpmc 1 2 8 true 0.0",
            "mean": 8.27688105188,
            "stddev": 0.12135343416593852,
            "median": 8.276270313680001,
            "user": 24.6554744,
            "system": 0.1445781,
            "min": 8.14703903718,
            "max": 8.506664758180001,
            "times": [
                8.38396670018,
                8.172620826180001,
                8.33769979218,
                8.15977957718,
                8.506664758180001,
                8.309556545180001,
                8.242984082180001,
                8.15452462718,
                8.35397457318,
                8.14703903718
            ],
            "exit_codes": [
                0,
                0,
                0,
                0,
                0,
                0,
                0,
                0,
                0,
                0
            ],
            "parameters": {
                "Threads": "3"
            }
        },
        {
            "command": ".//target/release/lprq_mpmc 2 4 8 true 0.0",
            "mean": 10.20854188896,
            "stddev": 0.07474876291348653,
            "median": 10.195944507359998,
            "user": 60.86844239999999,
            "system": 0.23486934,
            "min": 10.100986535859999,
            "max": 10.35034824986,
            "times": [
                10.196886224859998,
                10.35034824986,
                10.15968392686,
                10.26735071886,
                10.155162151859999,
                10.29280822486,
                10.100986535859999,
                10.195002789859998,
                10.158599468859999,
                10.208590597859999
            ],
            "exit_codes": [
                0,
                0,
                0,
                0,
                0,
                0,
                0,
                0,
                0,
                0
            ],
            "parameters": {
                "Threads": "6"
            }
        },
        {
            "command": ".//target/release/lprq_mpmc 3 6 8 true 0.0",
            "mean": 10.78143885224,
            "stddev": 0.07690701989036933,
            "median": 10.78644336384,
            "user": 96.66261932,
            "system": 0.21804323999999994,
            "min": 10.67221509484,
            "max": 10.870981585840001,
            "times": [
                10.83558856784,
                10.798433385840001,
                10.870981585840001,
                10.86394047884,
                10.774453341840001,
                10.67221509484,
                10.67446527184,
                10.75376382984,
                10.71121440884,
                10.85933255684
            ],
            "exit_codes": [
                0,
                0,
                0,
                0,
                0,
                0,
                0,
                0,
                0,
                0
            ],
            "parameters": {
                "Threads": "9"
            }
        },
        {
            "command": ".//target/release/lprq_mpmc 4 8 8 true 0.0",
            "mean": 12.369799927179999,
            "stddev": 0.19674258211218362,
            "median": 12.318632104079999,
            "user": 147.95942567999998,
            "system": 0.26844141999999993,
            "min": 12.12889077808,
            "max": 12.711344821079999,
            "times": [
                12.711344821079999,
                12.24892825508,
                12.56380135508,
                12.62378498408,
                12.30882389808,
                12.16351748008,
                12.32844031008,
                12.27985013408,
                12.12889077808,
                12.34061725608
            ],
            "exit_codes": [
                0,
                0,
                0,
                0,
                0,
                0,
                0,
                0,
                0,
                0
            ],
            "parameters": {
                "Threads": "12"
            }
        },
        {
            "command": ".//target/release/lprq_mpmc 5 10 8 true 0.0",
            "mean": 14.60077191222,
            "stddev": 0.15131551611613184,
            "median": 14.62574691502,
            "user": 218.43806755999998,
            "system": 0.29732396,
            "min": 14.31545138102,
            "max": 14.81157598202,
            "times": [
                14.61665603602,
                14.62738363002,
                14.31545138102,
                14.81157598202,
                14.40092726802,
                14.65298784602,
                14.70597326002,
                14.62411020002,
                14.51751882502,
                14.735134694020001
            ],
            "exit_codes": [
                0,
                0,
                0,
                0,
                0,
                0,
                0,
                0,
                0,
                0
            ],
            "parameters": {
                "Threads": "15"
            }
        },
        {
            "command": ".//target/release/lprq_mpmc 6 12 8 true 0.0",
            "mean": 17.847265251459998,
            "stddev": 0.22107160139468257,
            "median": 17.85457955226,
            "user": 320.6306372199999,
            "system": 0.31965034000000003,
            "min": 17.43818930776,
            "max": 18.153923846759998,
            "times": [
                17.75781300676,
                17.72430911476,
                17.62798303076,
                17.91284287276,
                18.153923846759998,
                18.103534573759998,
                17.984194507759998,
                17.79631623176,
                17.43818930776,
                17.973546021759997
            ],
            "exit_codes": [
                0,
                0,
                0,
                0,
                0,
                0,
                0,
                0,
                0,
                0
            ],
            "parameters": {
                "Threads": "18"
            }
        },
        {
            "command": ".//target/release/lprq_mpmc 7 14 8 true 0.0",
            "mean": 17.02140805254,
            "stddev": 0.15513411144896777,
            "median": 17.03501267024,
            "user": 351.90999286,
            "system": 0.55323386,
            "min": 16.740842004239997,
            "max": 17.20326650424,
            "times": [
                17.20326650424,
                16.876470089239998,
                17.118981718239997,
                17.13385618624,
                17.12203378724,
                17.19838784024,
                16.92545370524,
                16.94374506824,
                16.95104362224,
                16.740842004239997
            ],
            "exit_codes": [
                0,
                0,
                0,
                0,
                0,
                0,
                0,
                0,
                0,
                0
            ],
            "parameters": {
                "Threads": "21"
            }
        },
        {
            "command": ".//target/release/lprq_mpmc 8 16 8 true 0.0",
            "mean": 16.601320534340005,
            "stddev": 0.08228963500325036,
            "median": 16.589264796240002,
            "user": 393.2008868,
            "system": 0.7865399199999998,
            "min": 16.49920935124,
            "max": 16.78172009524,
            "times": [
                16.68344092424,
                16.58502632624,
                16.59562591924,
                16.58379655824,
                16.50399223024,
                16.78172009524,
                16.59350326624,
                16.61543211624,
                16.57145855624,
                16.49920935124
            ],