{
    "results": [
        {
            "command": ".//../c++-reference/build/bench-lprq-mpmc 1 1 8 true 0.0",
            "mean": 17.234653196860002,
            "stddev": 0.12399712038388333,
            "median": 17.25532172816,
            "user": 34.45935429999999,
            "system": 0.002849572,
            "min": 16.97261907166,
            "max": 17.410452132659998,
            "times": [
                16.97261907166,
                17.18011360166,
                17.14123312166,
                17.24783004266,
                17.410452132659998,
                17.17919313366,
                17.27858244966,
                17.34800478266,
                17.32569021866,
                17.262813413659998
            ],
            "exit_codes": [
                0,
                0,
                0,
                0,
                0,
                0,
                0,
                0,
                0,
                0
            ],
            "parameters": {
                "Threads": "2"
            }
        },
        {
            "command": ".//../c++-reference/build/bench-lprq-mpmc 2 2 8 true 0.0",
            "mean": 14.762205369479997,
            "stddev": 0.49059301207405326,
            "median": 14.581418701279999,
            "user": 57.56002855999999,
            "system": 0.006941638,
            "min": 14.205390743779999,
            "max": 15.677446802779999,
            "times": [
                14.205390743779999,
                14.468568658779999,
                14.40347063478,
                14.694268743779999,
                15.415539726779999,
                15.677446802779999,
                14.76319991978,
                15.14167309378,
                14.39220393778,
                14.46029143278
            ],
            "exit_codes": [
                0,
                0,
                0,
                0,
                0,
                0,
                0,
                0,
                0,
                0
            ],
            "parameters": {
                "Threads": "4"
            }
        },
        {
            "command": ".//../c++-reference/build/bench-lprq-mpmc 3 3 8 true 0.0",
            "mean": 11.84315297054,
            "stddev": 0.2726733173730093,
            "median": 11.916058846039999,
            "user": 70.02697244,
            "system": 0.006739982,
            "min": 11.286136983539999,
            "max": 12.126665965539999,
            "times": [
                12.095473820539999,
                11.96781897254,
                11.77171042354,
                12.126665965539999,
                12.03877803854,
                11.286136983539999,
                12.03327362854,
                11.51643551054,
                11.730937642539999,
                11.864298719539999
            ],
            "exit_codes": [
                0,
                0,
                0,
                0,
                0,
                0,
                0,
                0,
                0,
                0
            ],
            "parameters": {
                "Threads": "6"
            }
        },
        {
            "command": ".//../c++-reference/build/bench-lprq-mpmc 4 4 8 true 0.0",
            "mean": 9.457673466900001,
            "stddev": 0.21585957422967458,
            "median": 9.4810939439,
            "user": 74.96790994,
            "system": 0.007272140000000001,
            "min": 9.1365372574,
            "max": 9.815924775400001,
            "times": [
                9.3319291724,
                9.1365372574,
                9.815924775400001,
                9.4814958094,
                9.1837137934,
                9.4806920784,
                9.5698381884,
                9.327051394400002,
                9.6970021884,
                9.552550011400001
            ],
            "exit_codes": [
                0,
                0,
                0,
                0,
                0,
                0,
                0,
                0,
                0,
                0
            ],
            "parameters": {
                "Threads": "8"
            }
        },
        {
            "command": ".//../c++-reference/build/bench-lprq-mpmc 5 5 8 true 0.0",
            "mean": 8.60938128786,
            "stddev": 0.13115307234676166,
            "median": 8.57812371236,
            "user": 85.5960686,
            "system": 0.012142759999999999,
            "min": 8.40580487536,
            "max": 8.84096769736,
            "times": [
                8.68655017236,
                8.67671058736,
                8.49331775536,
                8.40580487536,
                8.84096769736,
                8.57643861136,
                8.54314052836,
                8.52974946036,
                8.57980881336,
                8.76132437736
            ],
            "exit_codes": [
                0,
                0,
                0,
                0,
                0,
                0,
                0,
                0,
                0,
                0
            ],
            "parameters": {
                "Threads": "10"
            }
        },
        {
            "command": ".//../c++-reference/build/bench-lprq-mpmc 6 6 8 true 0.0",
            "mean": 8.5301032855,
            "stddev": 0.23213228912456688,
            "median": 8.527392729099999,
            "user": 101.72590869999999,
            "system": 0.01374166,
            "min": 8.1329657631,
            "max": 8.8332194791,
            "times": [
                8.8332194791,
                8.8155140831,
                8.569128900099999,
                8.485656558099999,
                8.6996888781,
                8.2801656371,
                8.4059256151,
                8.1329657631,
                8.687019785099999,
                8.391748156099998
            ],
            "exit_codes": [
                0,
                0,
                0,
                0,
                0,
                0,
                0,
                0,
                0,
                0
            ],
            "parameters": {
                "Threads": "12"
            }
        },
        {
            "command": ".//../c++-reference/build/bench-lprq-mpmc 7 7 8 true 0.0",
            "mean": 8.58927590262,
            "stddev": 0.27877177449156015,
            "median": 8.55031784722,
            "user": 118.87319298,
            "system": 0.018109359999999998,
            "min": 8.25071773322,
            "max": 9.11291964022,
            "times": [
                8.56569460022,
                8.96923862722,
                8.42183582822,
                9.11291964022,
                8.53494109422,
                8.58780208222,
                8.41400707622,
                8.30130161722,
                8.73430072722,
                8.25071773322
            ],
            "exit_codes": [
                0,
                0,
                0,
                0,
                0,
                0,
                0,
                0,
                0,
                0
            ],
            "parameters": {
                "Threads": "14"
            }
        },
        {
            "command": ".//../c++-reference/build/bench-lprq-mpmc 8 8 8 true 0.0",
            "mean": 8.82168389702,
            "stddev": 0.26622542284123474,
            "median": 8.82615933182,
            "user": 139.41051385999998,
            "system": 0.02129932,
            "min": 8.25453490632,
            "max": 9.238291412319999,
            "times": [
                8.25453490632,
                8.86421394232,
                8.89076594932,
                9.00238100832,
                9.238291412319999,
                8.66376973932,
                8.77754795432,
                8.68018167832,
                8.78810472132,
                9.05704765832
            ],