{
    "results": [
        {
            "command": ".//../c++-reference/build/bench-lprq-pairwise 36 8 true 0.0",
            "mean": 5.79750876112,
            "stddev": 0.15690936134072622,
            "median": 5.74892945682,
            "user": 202.29589751999995,
            "system": 0.044666019999999994,
            "min": 5.61637918032,
            "max": 6.07685049832,
            "times": [
                5.65942458232,
                6.07685049832,
                5.68306779032,
                5.89677624032,
                5.61637918032,
                6.02875804432,
                5.71630321132,
                5.8093576133200004,
                5.70661474832,
                5.78155570232
            ],
            "exit_codes": [
                0,
                0,
                0,
                0,
                0,
                0,
                0,
                0,
                0,
                0
            ],
            "parameters": {
                "Congestion": "0.0"
            }
        },
        {
            "command": ".//../c++-reference/build/bench-lprq-pairwise 36 8 true 0.25",
            "mean": 5.77127028972,
            "stddev": 0.22043517429217646,
            "median": 5.68539362662,
            "user": 201.12070605999997,
            "system": 0.044651979999999994,
            "min": 5.52374681662,
            "max": 6.08278538162,
            "times": [
                5.58810176962,
                5.88636072462,
                5.54306252562,
                5.64745208962,
                6.08278538162,
                5.72333516362,
                6.07350435362,
                5.64054137362,
                6.00381269862,
                5.52374681662
            ],
            "exit_codes": [
                0,
                0,
                0,
                0,
                0,
                0,
                0,
                0,
                0,
                0
            ],
            "parameters": {
                "Congestion": "0.25"
            }
        },
        {
            "command": ".//../c++-reference/build/bench-lprq-pairwise 36 8 true 0.5",
            "mean": 5.714353050120001,
            "stddev": 0.06781511873455956,
            "median": 5.6909973665199995,
            "user": 198.76257854,
            "system": 0.046393619999999997,
            "min": 5.62493706452,
            "max": 5.81208452052,
            "times": [
                5.81208452052,
                5.67986177052,
                5.76914438452,
                5.70213296252,
                5.65014719852,
                5.66682187652,
                5.79688779952,
                5.62493706452,
                5.66495911052,
                5.77655381352
            ],
            "exit_codes": [
                0,
                0,
                0,
                0,
                0,
                0,
                0,
                0,
                0,
                0
            ],
            "parameters": {
                "Congestion": "0.5"
            }
        },
        {
            "command": ".//../c++-reference/build/bench-lprq-pairwise 36 8 true 1.0",
            "mean": 5.9094893514399995,
            "stddev": 0.18453077315088448,
            "median": 5.87327313664,
            "user": 206.58850442,
            "system": 0.04689422,
            "min": 5.67552821514,
            "max": 6.182379495139999,
            "times": [
                6.182379495139999,
                5.67552821514,
                5.83807172214,
                5.688838953139999,
                6.045576630139999,
                5.81162796614,
                6.152229151139999,
                6.0304166941399995,
                5.76175013614,
                5.908474551139999
            ],
            "exit_codes": [
                0,
                0,
                0,
                0,
                0,
                0,
                0,
                0,
                0,
                0
            ],
            "parameters": {
                "Congestion": "1.0"
            }
        }
    ]
}