{
    "results": [
        {
            "command": ".//target/release/lprq_mpmc 2 1 8 true 0.0",
            "mean": 11.716559716399997,
            "stddev": 1.1001210536677555,
            "median": 11.9648651119,
            "user": 35.11838784,
            "system": 0.009557739999999999,
            "min": 9.970715951899999,
            "max": 12.8910123769,
            "times": [
                11.270840177899998,
                9.970715951899999,
                12.7122777449,
                10.323250952899999,
                12.112651526899999,
                11.8170786969,
                12.6107689619,
                10.640665435899999,
                12.8163353379,
                12.8910123769
            ],
            "exit_codes": [
                0,
                0,
                0,
                0,
                0,
                0,
                0,
                0,
                0,
                0
            ],
            "parameters": {
                "Threads": "3"
            }
        },
        {
            "command": ".//target/release/lprq_mpmc 4 2 8 true 0.0",
            "mean": 9.27423539154,
            "stddev": 1.5741465226688889,
            "median": 9.022804672140001,
            "user": 55.34831885999999,
            "system": 0.01139488,
            "min": 7.39921486264,
            "max": 12.37021270664,
            "times": [
                8.65959245664,
                8.98543258664,
                9.06017675764,
                7.93626880764,
                7.59400114864,
                7.39921486264,
                9.35184824964,
                10.850298136640001,
                12.37021270664,
                10.53530820264
            ],
            "exit_codes": [
                0,
                0,
                0,
                0,
                0,
                0,
                0,
                0,
                0,
                0
            ],
            "parameters": {
                "Threads": "6"
            }
        },
        {
            "command": ".//target/release/lprq_mpmc 6 3 8 true 0.0",
            "mean": 9.39247804424,
            "stddev": 2.0507629994985086,
            "median": 8.78069178934,
            "user": 83.96922447999998,
            "system": 0.011841379999999997,
            "min": 7.6088858008399995,
            "max": 14.65923100784,
            "times": [
                7.6088858008399995,
                10.22667970384,
                9.75664159484,
                8.11696018484,
                8.95982194584,
                8.601561632840001,
                9.83101634384,
                8.21524020684,
                14.65923100784,
                7.94874202084
            ],
            "exit_codes": [
                0,
                0,
                0,
                0,
                0,
                0,
                0,
                0,
                0,
                0
            ],
            "parameters": {
                "Threads": "9"
            }
        },
        {
            "command": ".//target/release/lprq_mpmc 8 4 8 true 0.0",
            "mean": 10.10276766438,
            "stddev": 1.7779040067635423,
            "median": 9.27709386398,
            "user": 120.18276501999999,
            "system": 0.0158181,
            "min": 8.225581194979998,
            "max": 12.77034251898,
            "times": [
                12.747662795979998,
                8.79845697998,
                8.74265747698,
                8.225581194979998,
                9.61423225398,
                8.55563416898,
                10.909750042979999,
                11.72340373698,
                12.77034251898,
                8.93995547398
            ],
            "exit_codes": [
                0,
                0,
                0,
                0,
                0,
                0,
                0,
                0,
                0,
                0
            ],
            "parameters": {
                "Threads": "12"
            }
        },
        {
            "command": ".//target/release/lprq_mpmc 10 5 8 true 0.0",
            "mean": 12.024189787040001,
            "stddev": 2.1301012177708945,
            "median": 11.79698500764,
            "user": 176.57153692000003,
            "system": 0.01884354,
            "min": 9.207153206140001,
            "max": 15.41566100314,
            "times": [
                14.60801376214,
                9.207153206140001,
                9.874414121140001,
                11.42358695814,
                14.225714484140001,
                12.28415965714,
                10.15772048114,
                10.87509114014,
                15.41566100314,
                12.17038305714
            ],
            "exit_codes": [
                0,
                0,
                0,
                0,
                0,
                0,
                0,
                0,
                0,
                0
            ],
            "parameters": {
                "Threads": "15"
            }
        },
        {
            "command": ".//target/release/lprq_mpmc 12 6 8 true 0.0",
            "mean": 11.73613613414,
            "stddev": 1.754596873112033,
            "median": 11.934903972339999,
            "user": 206.48927491999993,
            "system": 0.028182339999999993,
            "min": 9.83454748584,
            "max": 14.43738451784,
            "times": [
                14.43738451784,
                9.906338070839999,
                14.348414051839999,
                12.67167760884,
                9.83454748584,
                10.10157455984,
                12.12280525184,
                11.75184302484,
                10.06881184984,
                12.117964919839999
            ],
            "exit_codes": [
                0,
                0,
                0,
                0,
                0,
                0,
                0,
                0,
                0,
                0
            ],
            "parameters": {
                "Threads": "18"
            }
        },
        {
            "command": ".//target/release/lprq_mpmc 14 7 8 true 0.0",
            "mean": 9.975219305059998,
            "stddev": 0.716957973185547,
            "median": 9.80617236576,
            "user": 200.84317082,
            "system": 0.021903900000000004,
            "min": 9.362603332760001,
            "max": 11.87272497176,
            "times": [
                9.59356735576,
                9.362603332760001,
                9.94702586076,
                10.292986151760001,
                9.93172499476,
                9.53031442176,
                9.60890122976,
                9.88307784576,
                11.87272497176,
                9.72926688576
            ],
            "exit_codes": [
                0,
                0,
                0,
                0,
                0,
                0,
                0,
                0,
                0,
                0
            ],
            "parameters": {
                "Threads": "21"
            }
        },
        {
            "command": ".//target/release/lprq_mpmc 16 8 8 true 0.0",
            "mean": 8.741810457380002,
            "stddev": 0.35430701790720154,
            "median": 8.68593712648,
            "user": 199.38340898,
            "system": 0.029269999999999997,
            "min": 8.33662772698,
            "max": 9.42115071898,
            "times": [
                8.56389217798,
                9.20417399998,
                9.42115071898,
                8.34883182498,
                8.69177172698,
                8.81740150798,
                8.33662772698,
                8.47231905498,
                8.68010252598,
                8.881833308980001
            ],