{
    "results": [
        {
            "command": ".//../c++-reference/build/bench-lprq-mpmc 1 2 8 true 0.0",
            "mean": 18.259002616339995,
            "stddev": 0.031578886104028134,
            "median": 18.25137978654,
            "user": 54.75986485999999,
            "system": 0.00389874,
            "min": 18.235231935039998,
            "max": 18.34532221804,
            "times": [
                18.244733019039998,
                18.25599972904,
                18.34532221804,
                18.265804758039998,
                18.254361328039998,
                18.235231935039998,
                18.24839824504,
                18.24582925404,
                18.25467579204,
                18.239669885039998
            ],
            "exit_codes": [
                0,
                0,
                0,
                0,
                0,
                0,
                0,
                0,
                0,
                0
            ],
            "parameters": {
                "Threads": "3"
            }
        },
        {
            "command": ".//../c++-reference/build/bench-lprq-mpmc 2 4 8 true 0.0",
            "mean": 16.49038001436,
            "stddev": 0.2582220856813896,
            "median": 16.42685973386,
            "user": 96.9031105,
            "system": 0.0026618239999999997,
            "min": 16.17865736286,
            "max": 16.913914753860002,
            "times": [
                16.61398080586,
                16.62954269486,
                16.913914753860002,
                16.85852888086,
                16.38789179186,
                16.27288186486,
                16.43243589086,
                16.17865736286,
                16.42128357686,
                16.19468252086
            ],
            "exit_codes": [
                0,
                0,
                0,
                0,
                0,
                0,
                0,
                0,
                0,
                0
            ],
            "parameters": {
                "Threads": "6"
            }
        },
        {
            "command": ".//../c++-reference/build/bench-lprq-mpmc 3 6 8 true 0.0",
            "mean": 12.493958712700001,
            "stddev": 0.2147137956544339,
            "median": 12.5487082651,
            "user": 111.11483849999999,
            "system": 0.005233071999999999,
            "min": 12.1479038341,
            "max": 12.8671524371,
            "times": [
                12.2273930961,
                12.5954963381,
                12.6451996971,
                12.8671524371,
                12.5027682741,
                12.1479038341,
                12.5946482561,
                12.4007078211,
                12.3520763591,
                12.6062410141
            ],
            "exit_codes": [
                0,
                0,
                0,
                0,
                0,
                0,
                0,
                0,
                0,
                0
            ],
            "parameters": {
                "Threads": "9"
            }
        },
        {
            "command": ".//../c++-reference/build/bench-lprq-mpmc 4 8 8 true 0.0",
            "mean": 10.10015092386,
            "stddev": 0.1638134860616538,
            "median": 10.09640142446,
            "user": 120.16632674,
            "system": 0.005268505999999999,
            "min": 9.82156724496,
            "max": 10.37084721896,
            "times": [
                10.229379742959999,
                9.88083620996,
                9.82156724496,
                10.09006735596,
                10.11848882996,
                10.04718328696,
                10.09540399496,
                10.25033649996,
                10.09739885396,
                10.37084721896
            ],
            "exit_codes": [
                0,
                0,
                0,
                0,
                0,
                0,
                0,
                0,
                0,
                0
            ],
            "parameters": {
                "Threads": "12"
            }
        },
        {
            "command": ".//../c++-reference/build/bench-lprq-mpmc 5 10 8 true 0.0",
            "mean": 9.013390520520002,
            "stddev": 0.20276523100216834,
            "median": 9.03444357402,
            "user": 134.43527608,
            "system": 0.002586586,
            "min": 8.64864770952,
            "max": 9.267268042520001,
            "times": [
                8.789912904520001,
                9.067527548520001,
                9.267268042520001,
                9.00130604952,
                9.18511468652,
                9.00135959952,
                9.18399344452,
                9.16766762552,
                8.64864770952,
                8.82110759452
            ],
            "exit_codes": [
                0,
                0,
                0,
                0,
                0,
                0,
                0,
                0,
                0,
                0
            ],
            "parameters": {
                "Threads": "15"
            }
        },
        {
            "command": ".//../c++-reference/build/bench-lprq-mpmc 6 12 8 true 0.0",
            "mean": 8.66682300514,
            "stddev": 0.20771522489217015,
            "median": 8.689139168739999,
            "user": 155.44243728,
            "system": 0.009822804,
            "min": 8.37234645974,
            "max": 9.04786499774,
            "times": [
                8.37234645974,
                8.797693751739999,
                8.40832519074,
                8.80796257474,
                8.71765965774,
                8.59808897374,
                9.04786499774,
                8.660618679739999,
                8.77426360174,
                8.48340616374
            ],
            "exit_codes": [
                0,
                0,
                0,
                0,
                0,
                0,
                0,
                0,
                0,
                0
            ],
            "parameters": {
                "Threads": "18"
            }
        },
        {
            "command": ".//../c++-reference/build/bench-lprq-mpmc 7 14 8 true 0.0",
            "mean": 8.948550661179999,
            "stddev": 0.288131297288138,
            "median": 8.99750753528,
            "user": 183.69174792,
            "system": 0.005560948,
            "min": 8.50713392228,
            "max": 9.31159274228,
            "times": [
                8.98580859428,
                9.20672859728,
                8.70081520628,
                9.31159274228,
                8.89369694128,
                8.50713392228,
                8.52323120928,
                9.14055022828,
                9.20674269428,
                9.00920647628
            ],
            "exit_codes": [
                0,
                0,
                0,
                0,
                0,
                0,
                0,
                0,
                0,
                0
            ],
            "parameters": {
                "Threads": "21"
            }
        },
        {
            "command": ".//../c++-reference/build/bench-lprq-mpmc 8 16 8 true 0.0",
            "mean": 8.606947699620001,
            "stddev": 0.40887489350952294,
            "median": 8.641717312719999,
            "user": 203.79645455999997,
            "system": 0.00929768,
            "min": 8.01785273222,
            "max": 9.13925198922,
            "times": [
                8.22855201522,
                8.08595651522,
                8.66645615922,
                8.01785273222,
                8.919392473219999,
                8.616978466219999,
                8.92656879422,
                8.399728738219999,
                9.13925198922,
                9.06873911322
            ],