{
    "results": [
        {
            "command": ".//target/release/lprq_mpmc 1 2 8 true 0.0",
            "mean": 9.6560551024,
            "stddev": 0.07048814853664989,
            "median": 9.6685672503,
            "user": 28.6096862,
            "system": 0.31255418,
            "min": 9.5554837753,
            "max": 9.759018922300001,
            "times": [
                9.5554837753,
                9.6836548493,
                9.7337702883,
                9.759018922300001,
                9.623612772300001,
                9.6698887903,
                9.5758972083,
                9.713822397300001,
                9.5781563103,
                9.667245710300001
            ],
            "exit_codes": [
                0,
                0,
                0,
                0,
                0,
                0,
                0,
                0,
                0,
                0
            ],
            "parameters": {
                "Threads": "3"
            }
        },
        {
            "command": ".//target/release/lprq_mpmc 2 4 8 true 0.0",
            "mean": 12.7841239555,
            "stddev": 0.09643024779986879,
            "median": 12.8068162695,
            "user": 76.40362686,
            "system": 0.19594638,
            "min": 12.6355263645,
            "max": 12.931792494500002,
            "times": [
                12.931792494500002,
                12.821327105500002,
                12.7550752465,
                12.7045386345,
                12.6515580695,
                12.844105669500001,
                12.792305433500001,
                12.8705289045,
                12.6355263645,
                12.834481632500001
            ],
            "exit_codes": [
                0,
                0,
                0,
                0,
                0,
                0,
                0,
                0,
                0,
                0
            ],
            "parameters": {
                "Threads": "6"
            }
        },
        {
            "command": ".//target/release/lprq_mpmc 3 6 8 true 0.0",
            "mean": 13.88066336958,
            "stddev": 0.11919661015155346,
            "median": 13.87292105278,
            "user": 124.60656008000001,
            "system": 0.1434881,
            "min": 13.68938482378,
            "max": 14.05241655478,
            "times": [
                13.79903566678,
                13.777925355779999,
                14.01649229178,
                14.028126949779999,
                13.81621331478,
                13.88119663278,
                13.86596827178,
                13.87987383378,
                13.68938482378,
                14.05241655478
            ],
            "exit_codes": [
                0,
                0,
                0,
                0,
                0,
                0,
                0,
                0,
                0,
                0
            ],
            "parameters": {
                "Threads": "9"
            }
        },
        {
            "command": ".//target/release/lprq_mpmc 4 8 8 true 0.0",
            "mean": 15.126245655840004,
            "stddev": 0.13966618612453374,
            "median": 15.104940839840001,
            "user": 181.13549282,
            "system": 0.15219586,
            "min": 14.97719791634,
            "max": 15.44423300634,
            "times": [
                15.08044024234,
                15.23758191634,
                15.02979995634,
                15.166557360339999,
                14.97719791634,
                15.040953783339999,
                15.12944143734,
                15.44423300634,
                14.99183560434,
                15.16441533534
            ],
            "exit_codes": [
                0,
                0,
                0,
                0,
                0,
                0,
                0,
                0,
                0,
                0
            ],
            "parameters": {
                "Threads": "12"
            }
        },
        {
            "command": ".//target/release/lprq_mpmc 5 10 8 true 0.0",
            "mean": 16.56204908168,
            "stddev": 0.09709257846045631,
            "median": 16.56328811868,
            "user": 247.97642821999997,
            "system": 0.2241319,
            "min": 16.37785365018,
            "max": 16.72780860918,
            "times": [
                16.62356693218,
                16.596267200179998,
                16.520820203179998,
                16.597945131179998,
                16.52643842618,
                16.37785365018,
                16.53030903718,
                16.64100785318,
                16.47847377418,
                16.72780860918
            ],
            "exit_codes": [
                0,
                0,
                0,
                0,
                0,
                0,
                0,
                0,
                0,
                0
            ],
            "parameters": {
                "Threads": "15"
            }
        },
        {
            "command": ".//target/release/lprq_mpmc 6 12 8 true 0.0",
            "mean": 18.32911039544,
            "stddev": 0.10659060693177928,
            "median": 18.31461332394,
            "user": 329.35028402,
            "system": 0.29207659999999996,
            "min": 18.12282388794,
            "max": 18.45944795894,
            "times": [
                18.38539585394,
                18.44300159194,
                18.28408128294,
                18.45944795894,
                18.343242129940002,
                18.12282388794,
                18.281617980940002,
                18.28598451794,
                18.44239809594,
                18.24311065394
            ],
            "exit_codes": [
                0,
                0,
                0,
                0,
                0,
                0,
                0,
                0,
                0,
                0
            ],
            "parameters": {
                "Threads": "18"
            }
        },
        {
            "command": ".//target/release/lprq_mpmc 7 14 8 true 0.0",
            "mean": 16.976693298820003,
            "stddev": 0.13888963267181645,
            "median": 16.99796243272,
            "user": 355.38351843999993,
            "system": 0.49969446,
            "min": 16.76084361672,
            "max": 17.19641761672,
            "times": [
                16.76084361672,
                17.10587041372,
                17.076619614720002,
                16.95327728872,
                16.99600400172,
                17.00369185972,
                17.19641761672,
                16.91108087372,
                16.99992086372,
                16.763206838720002
            ],
            "exit_codes": [
                0,
                0,
                0,
                0,
                0,
                0,
                0,
                0,
                0,
                0
            ],
            "parameters": {
                "Threads": "21"
            }
        },
        {
            "command": ".//target/release/lprq_mpmc 8 16 8 true 0.0",
            "mean": 16.312966828020002,
            "stddev": 0.14440221250183144,
            "median": 16.27464270232,
            "user": 389.50719556,
            "system": 0.7188693599999999,
            "min": 16.137574238320003,
            "max": 16.53450630232,
            "times": [
                16.52794578532,
                16.22180866632,
                16.37131101132,
                16.137574238320003,
                16.25654970432,
                16.221291876320002,
                16.41732293232,
                16.53450630232,
                16.29273570032,
                16.14862206332
            ],