{
    "results": [
        {
            "command": ".//target/release/lprq_mpmc 18 18 8 true 0.0",
            "mean": 16.228053705100002,
            "stddev": 2.6503584257833506,
            "median": 15.354824328600001,
            "user": 557.92305376,
            "system": 0.07998616,
            "min": 14.9805557506,
            "max": 23.704168927599998,
            "times": [
                16.1471552416,
                15.2208286366,
                15.401142208600001,
                14.9805557506,
                15.587953263600001,
                14.987781141600001,
                23.704168927599998,
                15.7232748146,
                15.219170617600001,
                15.308506448600001
            ],
            "exit_codes": [
                0,
                0,
                0,
                0,
                0,
                0,
                0,
                0,
                0,
                0
            ],
            "parameters": {
                "Congestion": "0.0"
            }
        },
        {
            "command": ".//target/release/lprq_mpmc 18 18 8 true 0.25",
            "mean": 15.1893440849,
            "stddev": 0.7754420731843685,
            "median": 15.1054553968,
            "user": 525.6431643000001,
            "system": 0.10029363999999999,
            "min": 14.022601604799998,
            "max": 16.2329752328,
            "times": [
                15.0574286368,
                15.5955393778,
                16.2202386778,
                14.3778510378,
                16.2329752328,
                15.8378058988,
                14.4215541238,
                14.9739641018,
                14.022601604799998,
                15.153482156799999
            ],
            "exit_codes": [
                0,
                0,
                0,
                0,
                0,
                0,
                0,
                0,
                0,
                0
            ],
            "parameters": {
                "Congestion": "0.25"
            }
        },
        {
            "command": ".//target/release/lprq_mpmc 18 18 8 true 0.5",
            "mean": 14.044248383440001,
            "stddev": 0.48287960605670877,
            "median": 13.93865511624,
            "user": 486.94145323999993,
            "system": 0.07596114,
            "min": 13.237702650740001,
            "max": 14.79511783074,
            "times": [
                14.77415839074,
                13.68723002074,
                13.79645528674,
                13.237702650740001,
                14.04440176274,
                13.832908469740001,
                14.79511783074,
                14.21767641874,
                13.81942108574,
                14.237411917740001
            ],
            "exit_codes": [
                0,
                0,
                0,
                0,
                0,
                0,
                0,
                0,
                0,
                0
            ],
            "parameters": {
                "Congestion": "0.5"
            }
        },
        {
            "command": ".//target/release/lprq_mpmc 18 18 8 true 1.0",
            "mean": 15.17746744264,
            "stddev": 0.927984647729643,
            "median": 14.972375024439998,
            "user": 525.86296524,
            "system": 0.08462713999999999,
            "min": 13.626437591939998,
            "max": 17.124574308939998,
            "times": [
                13.626437591939998,
                15.57436331194,
                17.124574308939998,
                14.85139967094,
                15.74286864094,
                15.682243289939999,
                14.74715404094,
                14.66480534494,
                15.093350377939998,
                14.667477847939999
            ],
            "exit_codes": [
                0,
                0,
                0,
                0,
                0,
                0,
                0,
                0,
                0,
                0
            ],
            "parameters": {
                "Congestion": "1.0"
            }
        }
    ]
}