{
    "results": [
        {
            "command": ".//target/release/lprq_pairwise 36 8 true 0.0",
            "mean": 6.0351486441999995,
            "stddev": 0.35419091172634215,
            "median": 5.8516299178,
            "user": 212.54794944,
            "system": 0.029368219999999993,
            "min": 5.6449516978,
            "max": 6.6239859518,
            "times": [
                5.7072208978,
                5.6449516978,
                5.8306332448,
                5.8655097128,
                5.7643910808,
                5.8377501228,
                6.4777371378,
                6.6239859518,
                6.2557703248,
                6.3435362708
            ],
            "exit_codes": [
                0,
                0,
                0,
                0,
                0,
                0,
                0,
                0,
                0,
                0
            ],
            "parameters": {
                "Congestion": "0.0"
            }
        },
        {
            "command": ".//target/release/lprq_pairwise 36 8 true 0.25",
            "mean": 6.2646806659,
            "stddev": 0.3679846348600582,
            "median": 6.2503892561,
            "user": 220.91519208,
            "system": 0.02105104,
            "min": 5.8835821676,
            "max": 6.6962370856,
            "times": [
                6.6137942696000005,
                6.6043328416,
                6.5809479166000004,
                6.5649546566,
                6.6962370856,
                5.9302465976,
                5.8835821676,
                5.9358238556,
                5.9134062516,
                5.9234810166
            ],
            "exit_codes": [
                0,
                0,
                0,
                0,
                0,
                0,
                0,
                0,
                0,
                0
            ],
            "parameters": {
                "Congestion": "0.25"
            }
        },
        {
            "command": ".//target/release/lprq_pairwise 36 8 true 0.5",
            "mean": 6.1650408898,
            "stddev": 0.13396649773920122,
            "median": 6.1856510405,
            "user": 217.19287015999998,
            "system": 0.021393000000000002,
            "min": 5.9557167374999995,
            "max": 6.3940513325,
            "times": [
                6.2362201455,
                6.0663263315,
                6.2308644995,
                6.2615445835,
                6.1292451095,
                6.1404375815,
                6.3940513325,
                5.9945266975,
                5.9557167374999995,
                6.2414758795
            ],
            "exit_codes": [
                0,
                0,
                0,
                0,
                0,
                0,
                0,
                0,
                0,
                0
            ],
            "parameters": {
                "Congestion": "0.5"
            }
        },
        {
            "command": ".//target/release/lprq_pairwise 36 8 true 1.0",
            "mean": 6.303934375339999,
            "stddev": 0.1417469515462355,
            "median": 6.33102452634,
            "user": 221.92076702,
            "system": 0.01999592,
            "min": 6.04221325784,
            "max": 6.49022456484,
            "times": [
                6.29152238284,
                6.21956743984,
                6.38085747484,
                6.20614700884,
                6.49022456484,
                6.04221325784,
                6.46914181984,
                6.37052666984,
                6.17874490084,
                6.39039823384
            ],
            "exit_codes": [
                0,
                0,
                0,
                0,
                0,
                0,
                0,
                0,
                0,
                0
            ],
            "parameters": {
                "Congestion": "1.0"
            }
        }
    ]
}