{
  "results": [
    {
      "command": "${BINARY} ${THREADS} 4 ${EVEN_CORES} ${CONGESTION}",
      "mean": 0.008604913270924367,
      "stddev": 0.0012499343696030633,
      "median": 0.008432982459999998,
      "user": 0.004807656302521007,
      "system": 0.016051913781512602,
      "min": 0.00629639596,
      "max": 0.01220567896,
      "times": [
        0.01181133696,
        0.010768373959999999,
        0.00851525896,
        0.006925671960000001,
        0.00713296596,
        0.008604757959999999,
        0.00779476796,
        0.007459979960000001,
        0.006698657960000001,
        0.01021695596,
        0.00885430096,
        0.00672571496,
        0.00713756096,
        0.00629639596,
        0.00920052696,
        0.007800483960000001,
        0.007217907960000001,
        0.00772603496,
        0.0065908139600000006,
        0.007203363960000001,
        0.01019160796,
        0.00815668496,
        0.00796242396,
        0.00812338896,
        0.00776026396,
        0.00871262996,
        0.00740044696,
        0.00735842296,
        0.00980659996,
        0.00960005796,
        0.00638907196,
        0.007267119960000001,
        0.00781814996,
        0.00885956696,
        0.00855088496,
        0.007301283960000001,
        0.0064937499600000005,
        0.006794208960000001,
        0.00682954696,
        0.007044296960000001,
        0.00871813696,
        0.0068402229600000005,
        0.00841309996,
        0.00786012496,
        0.007614186960000001,
        0.006786315960000001,
        0.007030874960000001,
        0.00882348996,
        0.007711570960000001,
        0.006973797960000001,
        0.00859676996,
        0.0070177619600000005,
        0.00788446896,
        0.00728757896,
        0.00830032696,
        0.00936855896,
        0.00884200196,
        0.00889579796,
        0.010416482959999999,
        0.00957651096,
        0.008453549959999999,
        0.007773198960000001,
        0.00707548196,
        0.008134635959999999,
        0.01014806896,
        0.01172759296,
        0.01125024296,
        0.009781116959999999,
        0.009484692959999999,
        0.00944746796,
        0.00902136096,
        0.00925801596,
        0.00791539196,
        0.007549639960000001,
        0.00953298096,
        0.007466942960000001,
        0.007315009960000001,
        0.007196229960000001,
        0.007498083960000001,
        0.00810662696,
        0.00887654996,
        0.00834535096,
        0.006910163960000001,
        0.01012900796,
        0.00862480496,
        0.00950421696,
        0.00966166696,
        0.00780930096,
        0.00818685396,
        0.00722419796,
        0.00731259296,
        0.00717894496,
        0.006841805960000001,
        0.007384437960000001,
        0.00860084196,
        0.00712526396,
        0.00769655796,
        0.00750188296,
        0.00792134396,
        0.00705530896,
        0.00787546496,
        0.008288974959999999,
        0.009634374959999999,
        0.00858333796,
        0.00838404796,
        0.00888687096,
        0.00747496696,
        0.00826185196,
        0.00898385996,
        0.01010053796,
        0.007284073960000001,
        0.00798347296,
        0.00805329896,
        0.00734108096,
        0.00916977296,
        0.00998180796,
        0.00800654396,
        0.00919746596,
        0.01106770096,
        0.007137070960000001,
        0.00664359396,
        0.00818242596,
        0.00850660096,
        0.00878727996,
        0.00725663496,
        0.010272749959999999,
        0.00957549896,
        0.008674936959999999,
        0.008347262959999999,
        0.006975961960000001,
        0.01025440196,
        0.01117889896,
        0.00859577796,
        0.00970404096,
        0.00827657796,
        0.00921668896,
        0.00836837296,
        0.00973508296,
        0.00852177696,
        0.00974357696,
        0.00829145196,
        0.00938457596,
        0.00765008496,
        0.01010297796,
        0.00799830296,
        0.00751549796,
        0.00858766096,
        0.00826803196,
        0.00920501196,
        0.01052426196,
        0.00816233696,
        0.01092891496,
        0.00813799796,
        0.01056410296,
        0.00902694396,
        0.007508011960000001,
        0.01013488696,
        0.01061046796,
        0.01220567896,
        0.00906940196,
        0.007938467959999999,
        0.00910242096,
        0.00793356496,
        0.00730188596,
        0.008032916959999999,
        0.01009405496,
        0.00902690996,
        0.00982994796,
        0.00856582596,
        0.00838897196,
        0.00929708196,
        0.007486562960000001,
        0.00794922396,
        0.00813852296,
        0.00804234896,
        0.00830118696,
        0.006570504960000001,
        0.01006132696,
        0.01068722096,
        0.00936926796,
        0.00855157196,
        0.008592935959999999,
        0.00755663196,
        0.01080674196,
        0.00947757196,
        0.008425908959999999,
        0.00791062996,
        0.00971239496,
        0.00793369296,
        0.01151258296,
        0.00844005596,
        0.00773023996,
        0.01044267396,
        0.007504810960000001,
        0.00981139696,
        0.00794051696,
        0.00867599596,
        0.00855357696,
        0.01084163896,
        0.00815216096,
        0.01126564496,
        0.01109908296,
        0.01015506696,
        0.00979727196,
        0.01103961696,
        0.00958057496,
        0.009143845959999999,
        0.00838185696,
        0.00821396896,
        0.007646147960000001,
        0.01047501396,
        0.00917627496,
        0.00855236296,
        0.01111067696,
        0.01089816896,
        0.00920467996,
        0.00860536796,
        0.00925991496,
        0.00898460296,
        0.01092959296,
        0.00906872296,
        0.00830101296,
        0.00844908396,
        0.0077942689600000005,
        0.01048975596,
        0.00831914196,
        0.00850099996,
        0.007561869960000001,
        0.006588941960000001,
        0.00736306696,
        0.00865229396,
        0.00840681896,
        0.007299753960000001,
        0.01041822896,
        0.00899486296,
        0.01015532396,
        0.009219238959999999,
        0.00969521296
      ],