{
    "results": [
        {
            "command": ".//target/release/lprq_mpmc 2 1 8 true 0.0",
            "mean": 8.024539157899998,
            "stddev": 0.44281248433609643,
            "median": 7.952310472,
            "user": 24.025914059999998,
            "system": 0.006694367999999999,
            "min": 7.277552033499999,
            "max": 8.7697572985,
            "times": [
                8.7546612205,
                7.277552033499999,
                8.0094593255,
                7.7973613015,
                7.9274274555,
                8.7697572985,
                7.9931317835,
                7.9418208544999995,
                7.9628000895,
                7.8114202165
            ],
            "exit_codes": [
                0,
                0,
                0,
                0,
                0,
                0,
                0,
                0,
                0,
                0
            ],
            "parameters": {
                "Threads": "3"
            }
        },
        {
            "command": ".//target/release/lprq_mpmc 4 2 8 true 0.0",
            "mean": 6.395645345419999,
            "stddev": 0.4151014148578867,
            "median": 6.14287487092,
            "user": 37.553140819999996,
            "system": 0.038095140000000006,
            "min": 6.09551773242,
            "max": 7.18765431142,
            "times": [
                6.10931991942,
                7.18765431142,
                6.14407906142,
                6.11359627142,
                6.14167068042,
                6.29146208842,
                6.12823433642,
                6.81313459642,
                6.09551773242,
                6.93178445642
            ],
            "exit_codes": [
                0,
                0,
                0,
                0,
                0,
                0,
                0,
                0,
                0,
                0
            ],
            "parameters": {
                "Threads": "6"
            }
        },
        {
            "command": ".//target/release/lprq_mpmc 6 3 8 true 0.0",
            "mean": 7.303895413539999,
            "stddev": 0.613213712421057,
            "median": 7.20122638544,
            "user": 64.52470604,
            "system": 0.01594272,
            "min": 6.39473492694,
            "max": 8.42151127594,
            "times": [
                7.20353548794,
                6.39473492694,
                7.22790713494,
                7.54983144794,
                8.42151127594,
                7.12246957894,
                7.049640022939999,
                7.19891728294,
                8.17318908294,
                6.6972178939399996
            ],
            "exit_codes": [
                0,
                0,
                0,
                0,
                0,
                0,
                0,
                0,
                0,
                0
            ],
            "parameters": {
                "Threads": "9"
            }
        },
        {
            "command": ".//target/release/lprq_mpmc 8 4 8 true 0.0",
            "mean": 8.86772024926,
            "stddev": 1.0106116240419702,
            "median": 9.08838155606,
            "user": 104.46410728000001,
            "system": 0.013497321999999997,
            "min": 6.92992288056,
            "max": 9.99668197756,
            "times": [
                9.38334784456,
                8.81590936856,
                9.73225872356,
                9.02799414556,
                9.99668197756,
                9.40097558956,
                9.12039700956,
                6.92992288056,
                9.05636610256,
                7.21334885056
            ],
            "exit_codes": [
                0,
                0,
                0,
                0,
                0,
                0,
                0,
                0,
                0,
                0
            ],
            "parameters": {
                "Threads": "12"
            }
        },
        {
            "command": ".//target/release/lprq_mpmc 10 5 8 true 0.0",
            "mean": 8.86000848186,
            "stddev": 0.5652700008206083,
            "median": 8.792718562960001,
            "user": 129.27359923999998,
            "system": 0.01993836,
            "min": 7.98682753596,
            "max": 9.831783765960001,
            "times": [
                9.22504624896,
                8.83395979896,
                7.98682753596,
                9.831783765960001,
                8.07206491496,
                9.283758778960001,
                8.732761548960001,
                9.25222752796,
                8.751477326960002,
                8.63017737096
            ],
            "exit_codes": [
                0,
                0,
                0,
                0,
                0,
                0,
                0,
                0,
                0,
                0
            ],
            "parameters": {
                "Threads": "15"
            }
        },
        {
            "command": ".//target/release/lprq_mpmc 12 6 8 true 0.0",
            "mean": 9.494739392420001,
            "stddev": 0.2612445356817425,
            "median": 9.472408554520001,
            "user": 163.84479522,
            "system": 0.03651893999999999,
            "min": 9.03536121452,
            "max": 9.87597712452,
            "times": [
                9.74797850952,
                9.87597712452,
                9.29474866352,
                9.37933429752,
                9.41136650352,
                9.53345060552,
                9.03536121452,
                9.60301978552,
                9.29089155552,
                9.775265664520001
            ],
            "exit_codes": [
                0,
                0,
                0,
                0,
                0,
                0,
                0,
                0,
                0,
                0
            ],
            "parameters": {
                "Threads": "18"
            }
        },
        {
            "command": ".//target/release/lprq_mpmc 14 7 8 true 0.0",
            "mean": 9.356085562619999,
            "stddev": 0.25567889564495416,
            "median": 9.35398795722,
            "user": 178.6536564,
            "system": 0.05315666,
            "min": 9.01953372172,
            "max": 9.81480835272,
            "times": [
                9.45092706472,
                9.01953372172,
                9.04333778972,
                9.81480835272,
                9.65188579472,
                9.43922423872,
                9.45272081672,
                9.25278939172,
                9.16687677972,
                9.26875167572
            ],
            "exit_codes": [
                0,
                0,
                0,
                0,
                0,
                0,
                0,
                0,
                0,
                0
            ],
            "parameters": {
                "Threads": "21"
            }
        },
        {
            "command": ".//target/release/lprq_mpmc 16 8 8 true 0.0",
            "mean": 10.0425047277,
            "stddev": 0.28193719254589544,
            "median": 10.0088648772,
            "user": 206.42030685999993,
            "system": 0.05438082000000001,
            "min": 9.6866731562,
            "max": 10.5142175962,
            "times": [
                10.0845742112,
                9.9331555432,
                10.5142175962,
                9.7500656072,
                10.0930113482,
                10.181425041199999,
                9.874478050199999,
                9.6866731562,
                9.843724606199999,
                10.4637221172
            ],