{
    "results": [
        {
            "command": ".//../c++-reference/build/bench-lprq-mpmc 2 1 8 true 0.0",
            "mean": 16.253916906580002,
            "stddev": 0.2824678001769304,
            "median": 16.280727795380002,
            "user": 46.804557620000004,
            "system": 0.00244746,
            "min": 15.820785287880001,
            "max": 16.58881088888,
            "times": [
                15.820785287880001,
                16.206520054880002,
                15.971943187880001,
                15.920901931880001,
                16.56166535988,
                16.50556357088,
                16.14212652088,
                16.35493553588,
                16.58881088888,
                16.46591672688
            ],
            "exit_codes": [
                0,
                0,
                0,
                0,
                0,
                0,
                0,
                0,
                0,
                0
            ],
            "parameters": {
                "Threads": "3"
            }
        },
        {
            "command": ".//../c++-reference/build/bench-lprq-mpmc 4 2 8 true 0.0",
            "mean": 10.20447409598,
            "stddev": 0.26806279939685823,
            "median": 10.172261862980001,
            "user": 60.110977559999995,
            "system": 0.005676332,
            "min": 9.78865999648,
            "max": 10.67314558448,
            "times": [
                10.45555968848,
                10.03382602248,
                10.10314854848,
                10.67314558448,
                10.24137517748,
                10.00444922848,
                10.372386819479999,
                9.98423963048,
                10.38795026348,
                9.78865999648
            ],
            "exit_codes": [
                0,
                0,
                0,
                0,
                0,
                0,
                0,
                0,
                0,
                0
            ],
            "parameters": {
                "Threads": "6"
            }
        },
        {
            "command": ".//../c++-reference/build/bench-lprq-mpmc 6 3 8 true 0.0",
            "mean": 7.929369670960002,
            "stddev": 0.3150921817247975,
            "median": 7.99008130276,
            "user": 70.75629606,
            "system": 0.0029855,
            "min": 7.48011607876,
            "max": 8.40612958376,
            "times": [
                8.028869205760001,
                7.67832257276,
                8.40612958376,
                7.48011607876,
                8.06878661176,
                8.102254291760001,
                7.61827431876,
                8.326102271760002,
                7.63354837476,
                7.95129339976
            ],
            "exit_codes": [
                0,
                0,
                0,
                0,
                0,
                0,
                0,
                0,
                0,
                0
            ],
            "parameters": {
                "Threads": "9"
            }
        },
        {
            "command": ".//../c++-reference/build/bench-lprq-mpmc 8 4 8 true 0.0",
            "mean": 7.725388109540001,
            "stddev": 0.3000720170758951,
            "median": 7.66923780474,
            "user": 91.97563011999998,
            "system": 0.003403587999999999,
            "min": 7.39138873724,
            "max": 8.168812541240001,
            "times": [
                8.02538238724,
                7.39138873724,
                8.168812541240001,
                7.44539439024,
                8.16743700924,
                7.66545144724,
                7.52916911124,
                7.67302416224,
                7.42215657424,
                7.76566473524
            ],
            "exit_codes": [
                0,
                0,
                0,
                0,
                0,
                0,
                0,
                0,
                0,
                0
            ],
            "parameters": {
                "Threads": "12"
            }
        },
        {
            "command": ".//../c++-reference/build/bench-lprq-mpmc 10 5 8 true 0.0",
            "mean": 7.85032360842,
            "stddev": 0.30139827055991525,
            "median": 7.906911490020001,
            "user": 116.05034918000001,
            "system": 0.00532046,
            "min": 7.36489037802,
            "max": 8.25694237002,
            "times": [
                7.47223489802,
                7.671245062020001,
                8.07753374002,
                7.672964455020001,
                8.04872649502,
                8.08429804402,
                7.36489037802,
                8.08930415702,
                8.25694237002,
                7.76509648502
            ],
            "exit_codes": [
                0,
                0,
                0,
                0,
                0,
                0,
                0,
                0,
                0,
                0
            ],
            "parameters": {
                "Threads": "15"
            }
        },
        {
            "command": ".//../c++-reference/build/bench-lprq-mpmc 12 6 8 true 0.0",
            "mean": 7.8082695,
            "stddev": 0.22853754516119856,
            "median": 7.7476236572,
            "user": 138.02610204,
            "system": 0.003547353999999999,
            "min": 7.5441737312,
            "max": 8.1560993152,
            "times": [
                7.739513773200001,
                7.6148410022,
                7.5441737312,
                7.7557335412,
                7.5875269742,
                8.1560993152,
                7.8219029922,
                8.0834566932,
                7.6700419702,
                8.1094050072
            ],
            "exit_codes": [
                0,
                0,
                0,
                0,
                0,
                0,
                0,
                0,
                0,
                0
            ],
            "parameters": {
                "Threads": "18"
            }
        },
        {
            "command": ".//../c++-reference/build/bench-lprq-mpmc 14 7 8 true 0.0",
            "mean": 8.099284318499999,
            "stddev": 0.18229104191592976,
            "median": 8.1292136753,
            "user": 163.91243188,
            "system": 0.005785159999999999,
            "min": 7.8236297758,
            "max": 8.3390235068,
            "times": [
                7.8930314188,
                8.157553805800001,
                8.2724423238,
                8.3390235068,
                7.9827951968,
                8.1008735448,
                8.315946486800001,
                7.9418954377999995,
                8.1656516878,
                7.8236297758
            ],
            "exit_codes": [
                0,
                0,
                0,
                0,
                0,
                0,
                0,
                0,
                0,
                0
            ],
            "parameters": {
                "Threads": "21"
            }
        },
        {
            "command": ".//../c++-reference/build/bench-lprq-mpmc 16 8 8 true 0.0",
            "mean": 7.722989482520001,
            "stddev": 0.4225061236480174,
            "median": 7.74153496692,
            "user": 178.40589124000002,
            "system": 0.011387799999999998,
            "min": 7.13563575942,
            "max": 8.20496701742,
            "times": [
                7.95259958642,
                7.32257912342,
                8.14897312842,
                7.44623347342,
                7.53047034742,
                8.05428228142,
                7.2635782004200005,
                7.13563575942,
                8.20496701742,
                8.17057590742
            ],