{
    "results": [
        {
            "command": ".//../c++-reference/build/bench-lprq-pairwise 36 8 true 0.0",
            "mean": 5.63576630016,
            "stddev": 0.12298619492594247,
            "median": 5.6046489392600005,
            "user": 196.36408823999997,
            "system": 0.00622682,
            "min": 5.5141976032599995,
            "max": 5.87662432126,
            "times": [
                5.6276461932599995,
                5.725582108259999,
                5.5141976032599995,
                5.5187921082599996,
                5.87662432126,
                5.60534376626,
                5.55905322826,
                5.53636545826,
                5.79010410226,
                5.60395411226
            ],
            "exit_codes": [
                0,
                0,
                0,
                0,
                0,
                0,
                0,
                0,
                0,
                0
            ],
            "parameters": {
                "Congestion": "0.0"
            }
        },
        {
            "command": ".//../c++-reference/build/bench-lprq-pairwise 36 8 true 0.25",
            "mean": 5.589397090240001,
            "stddev": 0.12355032535118485,
            "median": 5.550257544140001,
            "user": 195.38448139999997,
            "system": 0.00730986,
            "min": 5.45797394764,
            "max": 5.82720124264,
            "times": [
                5.490829184640001,
                5.45797394764,
                5.76764709464,
                5.56165513964,
                5.538859948640001,
                5.47385130564,
                5.82720124264,
                5.62214465164,
                5.532118045640001,
                5.621690341640001
            ],
            "exit_codes": [
                0,
                0,
                0,
                0,
                0,
                0,
                0,
                0,
                0,
                0
            ],
            "parameters": {
                "Congestion": "0.25"
            }
        },
        {
            "command": ".//../c++-reference/build/bench-lprq-pairwise 36 8 true 0.5",
            "mean": 5.61208298804,
            "stddev": 0.1871034575570167,
            "median": 5.5827415811400005,
            "user": 195.35954402,
            "system": 0.008282979999999999,
            "min": 5.39671763564,
            "max": 5.9624036706400005,
            "times": [
                5.43593558564,
                5.67920027564,
                5.78787460664,
                5.49110052464,
                5.9624036706400005,
                5.61498118764,
                5.55050197464,
                5.4266343396400005,
                5.39671763564,
                5.77548007964
            ],
            "exit_codes": [
                0,
                0,
                0,
                0,
                0,
                0,
                0,
                0,
                0,
                0
            ],
            "parameters": {
                "Congestion": "0.5"
            }
        },
        {
            "command": ".//../c++-reference/build/bench-lprq-pairwise 36 8 true 1.0",
            "mean": 5.882364944080001,
            "stddev": 0.13319189764455439,
            "median": 5.855302419680001,
            "user": 206.06510095999997,
            "system": 0.008378012,
            "min": 5.712675147680001,
            "max": 6.172449155680001,
            "times": [
                5.79231641568,
                5.948695259680001,
                5.754827719680001,
                5.82175158468,
                6.172449155680001,
                5.878952815680001,
                5.93186180068,
                5.712675147680001,
                5.83165202368,
                5.97846751768
            ],
            "exit_codes": [
                0,
                0,
                0,
                0,
                0,
                0,
                0,
                0,
                0,
                0
            ],
            "parameters": {
                "Congestion": "1.0"
            }
        }
    ]
}