{
    "results": [
        {
            "command": ".//../c++-reference/build/bench-lprq-mpmc 2 1 7 true",
            "mean": 1.3113266318799996,
            "stddev": 0.08771672901044852,
            "median": 1.34123218188,
            "user": 3.8689298800000005,
            "system": 0.0037609040000000002,
            "min": 1.1566940448799998,
            "max": 1.4230607688799999,
            "times": [
                1.25335826888,
                1.39017274788,
                1.3284950678799998,
                1.35396929588,
                1.1566940448799998,
                1.36271607888,
                1.19006845988,
                1.36800533388,
                1.28672625188,
                1.4230607688799999
            ],
            "exit_codes": [
                0,
                0,
                0,
                0,
                0,
                0,
                0,
                0,
                0,
                0
            ],
            "parameters": {
                "Threads": 3
            }
        },
        {
            "command": ".//../c++-reference/build/bench-lprq-mpmc 4 2 7 true",
            "mean": 0.9148207229800001,
            "stddev": 0.07986994601208511,
            "median": 0.90333558778,
            "user": 5.372582499999999,
            "system": 0.00563544,
            "min": 0.7946700142800001,
            "max": 1.0174928762800002,
            "times": [
                0.8507197442800001,
                0.7946700142800001,
                0.95428339328,
                0.86534841728,
                1.0109967772800001,
                1.0174928762800002,
                0.91008627028,
                0.89658490528,
                1.00929897928,
                0.8387258522800001
            ],
            "exit_codes": [
                0,
                0,
                0,
                0,
                0,
                0,
                0,
                0,
                0,
                0
            ],
            "parameters": {
                "Threads": 6
            }
        },
        {
            "command": ".//../c++-reference/build/bench-lprq-mpmc 6 3 7 true",
            "mean": 0.8913665094200001,
            "stddev": 0.15751681310581425,
            "median": 0.9661838469200001,
            "user": 7.71609594,
            "system": 0.01073092,
            "min": 0.6710009819200001,
            "max": 1.09284966892,
            "times": [
                0.9961017769200001,
                0.9692948329200001,
                0.9630728609200001,
                0.9813807809200001,
                1.09284966892,
                0.7457744459200001,
                0.6710009819200001,
                0.69077596892,
                1.0469882669200001,
                0.7564255099200001
            ],
            "exit_codes": [
                0,
                0,
                0,
                0,
                0,
                0,
                0,
                0,
                0,
                0
            ],
            "parameters": {
                "Threads": 9
            }
        },
        {
            "command": ".//../c++-reference/build/bench-lprq-mpmc 8 4 7 true",
            "mean": 0.9942404961800001,
            "stddev": 0.11152245320158645,
            "median": 1.03050365668,
            "user": 11.467654239999998,
            "system": 0.013590860000000001,
            "min": 0.7664741271800001,
            "max": 1.13768020918,
            "times": [
                1.05506706818,
                1.0411195421800001,
                1.03530556118,
                0.82683155218,
                0.9929377821800001,
                1.02570175218,
                1.13768020918,
                0.7664741271800001,
                1.01988856218,
                1.04139880518
            ],
            "exit_codes": [
                0,
                0,
                0,
                0,
                0,
                0,
                0,
                0,
                0,
                0
            ],
            "parameters": {
                "Threads": 12
            }
        },
        {
            "command": ".//../c++-reference/build/bench-lprq-mpmc 10 5 7 true",
            "mean": 0.94395849748,
            "stddev": 0.06606072160982973,
            "median": 0.9423065023800001,
            "user": 13.581253339999998,
            "system": 0.016287379999999997,
            "min": 0.8356041548800001,
            "max": 1.04778024088,
            "times": [
                0.9898873648800001,
                0.9203251978800001,
                0.94940468588,
                0.9352083188800001,
                0.85615504188,
                1.04778024088,
                0.93207196688,
                0.8356041548800001,
                0.9512226688800001,
                1.02192533388
            ],
            "exit_codes": [
                0,
                0,
                0,
                0,
                0,
                0,
                0,
                0,
                0,
                0
            ],
            "parameters": {
                "Threads": 15
            }
        },
        {
            "command": ".//../c++-reference/build/bench-lprq-mpmc 12 6 7 true",
            "mean": 0.9384822856200001,
            "stddev": 0.06441667854931718,
            "median": 0.9240927737200001,
            "user": 16.19972094,
            "system": 0.02155126,
            "min": 0.82093802672,
            "max": 1.0331192597199998,
            "times": [
                0.93570629672,
                0.9667825857200001,
                0.8968633637200001,
                1.01326665172,
                0.9124792507200001,
                0.9093180187200001,
                0.9967788127200001,
                0.89957058972,
                0.82093802672,
                1.0331192597199998
            ],
            "exit_codes": [
                0,
                0,
                0,
                0,
                0,
                0,
                0,
                0,
                0,
                0
            ],
            "parameters": {
                "Threads": 18
            }
        },
        {
            "command": ".//../c++-reference/build/bench-lprq-mpmc 14 7 7 true",
            "mean": 0.84496684726,
            "stddev": 0.03255600084032935,
            "median": 0.8346138288600001,
            "user": 16.595121459999998,
            "system": 0.03449342000000001,
            "min": 0.8051432153600001,
            "max": 0.8953533033600001,
            "times": [
                0.8165591023600001,
                0.8375803963600001,
                0.8837964643600001,
                0.8245327913600001,
                0.8124031143600001,
                0.8714016043600001,
                0.87125121936,
                0.8051432153600001,
                0.8953533033600001,
                0.8316472613600001
            ],
            "exit_codes": [
                0,
                0,
                0,
                0,
                0,
                0,
                0,
                0,
                0,
                0
            ],
            "parameters": {
                "Threads": 21
            }
        },
        {
            "command": ".//../c++-reference/build/bench-lprq-mpmc 16 8 7 true",
            "mean": 0.79641633526,
            "stddev": 0.022108323380339315,
            "median": 0.7841672022600001,
            "user": 17.64217034,
            "system": 0.0321334,
            "min": 0.7733257612600001,
            "max": 0.83115895926,