{
    "results": [
        {
            "command": ".//target/release/lprq_pairwise 36 8 true 0.0",
            "mean": 5.736798456300001,
            "stddev": 0.10684029341623667,
            "median": 5.697961403400001,
            "user": 202.11064605999997,
            "system": 0.026696459999999998,
            "min": 5.5878643894,
            "max": 5.8867676234,
            "times": [
                5.8639756894,
                5.8867676234,
                5.8053767954,
                5.5878643894,
                5.6579054874,
                5.6954944884000005,
                5.856249662400001,
                5.6783499854,
                5.6355721234,
                5.7004283184
            ],
            "exit_codes": [
                0,
                0,
                0,
                0,
                0,
                0,
                0,
                0,
                0,
                0
            ],
            "parameters": {
                "Congestion": "0.0"
            }
        },
        {
            "command": ".//target/release/lprq_pairwise 36 8 true 0.25",
            "mean": 5.98833131302,
            "stddev": 0.12988667164410447,
            "median": 5.97336561732,
            "user": 211.20881924,
            "system": 0.027262260000000003,
            "min": 5.84623012382,
            "max": 6.1832938748199995,
            "times": [
                6.14781260782,
                6.00120884682,
                6.06758064782,
                5.88265594782,
                5.851856714819999,
                5.94552238782,
                6.1832938748199995,
                5.84623012382,
                5.85623288182,
                6.100919096819999
            ],
            "exit_codes": [
                0,
                0,
                0,
                0,
                0,
                0,
                0,
                0,
                0,
                0
            ],
            "parameters": {
                "Congestion": "0.25"
            }
        },
        {
            "command": ".//target/release/lprq_pairwise 36 8 true 0.5",
            "mean": 6.3307040717,
            "stddev": 0.31554244142178833,
            "median": 6.3155943817,
            "user": 223.23938693999995,
            "system": 0.02565796,
            "min": 6.0006615422,
            "max": 6.8520770822,
            "times": [
                6.3693725652,
                6.3597345322,
                6.0006615422,
                6.0365564542,
                6.2714542312,
                6.0231724892,
                6.0415025752,
                6.7308003502,
                6.8520770822,
                6.6217088952
            ],
            "exit_codes": [
                0,
                0,
                0,
                0,
                0,
                0,
                0,
                0,
                0,
                0
            ],
            "parameters": {
                "Congestion": "0.5"
            }
        },
        {
            "command": ".//target/release/lprq_pairwise 36 8 true 1.0",
            "mean": 6.526586538539999,
            "stddev": 0.5700734705115643,
            "median": 6.24495794014,
            "user": 229.82344838,
            "system": 0.030445260000000002,
            "min": 6.05944350364,
            "max": 7.415143255639999,
            "times": [
                7.19336162764,
                7.415143255639999,
                7.411660556639999,
                6.29983911364,
                6.31728674664,
                6.19007676664,
                6.05944350364,
                6.11900545064,
                6.12513582364,
                6.134912540639999
            ],
            "exit_codes": [
                0,
                0,
                0,
                0,
                0,
                0,
                0,
                0,
                0,
                0
            ],
            "parameters": {
                "Congestion": "1.0"
            }
        }
    ]
}