{
    "results": [
        {
            "command": ".//target/release/lprq_mpmc 18 18 8 true 0.0",
            "mean": 15.079575256659998,
            "stddev": 0.7341413947088871,
            "median": 15.20289965196,
            "user": 522.87236906,
            "system": 0.08588918,
            "min": 13.60527281896,
            "max": 16.14676806196,
            "times": [
                15.375985375960001,
                14.91456575396,
                14.17555279596,
                15.02981392796,
                15.53469541696,
                14.98602971096,
                13.60527281896,
                15.43985223396,
                15.58721646996,
                16.14676806196
            ],
            "exit_codes": [
                0,
                0,
                0,
                0,
                0,
                0,
                0,
                0,
                0,
                0
            ],
            "parameters": {
                "Congestion": "0.0"
            }
        },
        {
            "command": ".//target/release/lprq_mpmc 18 18 8 true 0.25",
            "mean": 15.314449313440003,
            "stddev": 1.6596561295219452,
            "median": 15.03555223184,
            "user": 529.745429,
            "system": 0.07398417999999998,
            "min": 13.535894071340001,
            "max": 18.11994111434,
            "times": [
                18.11994111434,
                15.45921703434,
                14.204158748340001,
                14.611887429340001,
                13.93254232534,
                15.765850762340001,
                13.69737462934,
                15.860855476340001,
                13.535894071340001,
                17.95677154334
            ],
            "exit_codes": [
                0,
                0,
                0,
                0,
                0,
                0,
                0,
                0,
                0,
                0
            ],
            "parameters": {
                "Congestion": "0.25"
            }
        },
        {
            "command": ".//target/release/lprq_mpmc 18 18 8 true 0.5",
            "mean": 15.092040260740001,
            "stddev": 1.8904976069594064,
            "median": 15.00537886344,
            "user": 521.5132427599999,
            "system": 0.07592068,
            "min": 12.71543927594,
            "max": 18.46162841894,
            "times": [
                13.61656618294,
                13.40876703694,
                17.74854224194,
                15.82007231194,
                13.57079557894,
                15.56783383294,
                12.71543927594,
                15.077569498939999,
                18.46162841894,
                14.93318822794
            ],
            "exit_codes": [
                0,
                0,
                0,
                0,
                0,
                0,
                0,
                0,
                0,
                0
            ],
            "parameters": {
                "Congestion": "0.5"
            }
        },
        {
            "command": ".//target/release/lprq_mpmc 18 18 8 true 1.0",
            "mean": 14.19905995924,
            "stddev": 0.6620321320386793,
            "median": 14.07891276004,
            "user": 491.81788044000007,
            "system": 0.06698523999999999,
            "min": 13.43279312704,
            "max": 15.15632133704,
            "times": [
                14.95825271104,
                14.81188765304,
                13.57643950704,
                13.982978384039999,
                14.17484713604,
                13.54112918004,
                14.734948124039999,
                13.62100243304,
                13.43279312704,
                15.15632133704
            ],
            "exit_codes": [
                0,
                0,
                0,
                0,
                0,
                0,
                0,
                0,
                0,
                0
            ],
            "parameters": {
                "Congestion": "1.0"
            }
        }
    ]
}