{
    "results": [
        {
            "command": ".//target/release/lprq_mpmc 18 18 8 true 0.0",
            "mean": 15.490116051600001,
            "stddev": 1.0051375352563767,
            "median": 15.7636519314,
            "user": 536.9349766599998,
            "system": 0.051652540000000004,
            "min": 13.4701644669,
            "max": 16.5795124799,
            "times": [
                16.5795124799,
                15.0661365799,
                16.263103469900003,
                13.4701644669,
                15.7020703939,
                16.227906983900002,
                16.400449453900002,
                14.3544649009,
                15.8252334689,
                15.012118317899999
            ],
            "exit_codes": [
                0,
                0,
                0,
                0,
                0,
                0,
                0,
                0,
                0,
                0
            ],
            "parameters": {
                "Congestion": "0.0"
            }
        },
        {
            "command": ".//target/release/lprq_mpmc 18 18 8 true 0.25",
            "mean": 15.92626476628,
            "stddev": 2.6239614240279816,
            "median": 15.09359684658,
            "user": 549.8870102799999,
            "system": 0.0664905,
            "min": 13.76504136908,
            "max": 21.66346439908,
            "times": [
                13.76504136908,
                15.24744387508,
                21.66346439908,
                14.87206598008,
                15.69875630908,
                13.780031840080001,
                19.594178062079997,
                14.939749818080001,
                14.01112525708,
                15.69079075308
            ],
            "exit_codes": [
                0,
                0,
                0,
                0,
                0,
                0,
                0,
                0,
                0,
                0
            ],
            "parameters": {
                "Congestion": "0.25"
            }
        },
        {
            "command": ".//target/release/lprq_mpmc 18 18 8 true 0.5",
            "mean": 14.244683293719998,
            "stddev": 1.3185744068824934,
            "median": 13.828234779519999,
            "user": 494.9396169399999,
            "system": 0.06529070000000001,
            "min": 12.76969589002,
            "max": 17.286646475020003,
            "times": [
                12.76969589002,
                17.286646475020003,
                14.54964920902,
                15.54909966802,
                14.08528356402,
                14.302070217019999,
                13.45029635802,
                13.54245478902,
                13.57118599502,
                13.34045077202
            ],
            "exit_codes": [
                0,
                0,
                0,
                0,
                0,
                0,
                0,
                0,
                0,
                0
            ],
            "parameters": {
                "Congestion": "0.5"
            }
        },
        {
            "command": ".//target/release/lprq_mpmc 18 18 8 true 1.0",
            "mean": 15.10044785128,
            "stddev": 1.559135372891805,
            "median": 14.79975278138,
            "user": 522.17374488,
            "system": 0.08728654,
            "min": 13.55453768938,
            "max": 18.83776906038,
            "times": [
                14.51905320138,
                18.83776906038,
                14.01435107838,
                16.05832808538,
                13.93884673338,
                13.94504600538,
                15.080452361379999,
                15.39536944238,
                15.66072485538,
                13.55453768938
            ],
            "exit_codes": [
                0,
                0,
                0,
                0,
                0,
                0,
                0,
                0,
                0,
                0
            ],
            "parameters": {
                "Congestion": "1.0"
            }
        }
    ]
}