{
    "results": [
        {
            "command": ".//target/release/lprq_mpmc 20 10 8 true 0.0",
            "mean": 10.969553247940002,
            "stddev": 0.690273625106535,
            "median": 10.80740557144,
            "user": 272.48858484,
            "system": 0.35393828,
            "min": 9.93601574244,
            "max": 12.109486392440001,
            "times": [
                10.47498484544,
                10.79889371844,
                10.865875474440001,
                9.93601574244,
                10.76036424144,
                10.48378984244,
                12.109486392440001,
                11.41595764644,
                10.81591742444,
                12.03424715144
            ],
            "exit_codes": [
                0,
                0,
                0,
                0,
                0,
                0,
                0,
                0,
                0,
                0
            ],
            "parameters": {
                "Congestion": "0.0"
            }
        },
        {
            "command": ".//target/release/lprq_mpmc 20 10 8 true 0.25",
            "mean": 10.910635971560001,
            "stddev": 0.8684944703757392,
            "median": 10.82258135746,
            "user": 271.58633019999996,
            "system": 0.3598365599999999,
            "min": 9.65008310846,
            "max": 12.15184702746,
            "times": [
                11.702623538460001,
                10.78089026946,
                9.65008310846,
                11.595576690460002,
                11.705704589460002,
                10.79191540046,
                9.91288660446,
                12.15184702746,
                10.85324731446,
                9.961585172460001
            ],
            "exit_codes": [
                0,
                0,
                0,
                0,
                0,
                0,
                0,
                0,
                0,
                0
            ],
            "parameters": {
                "Congestion": "0.25"
            }
        },
        {
            "command": ".//target/release/lprq_mpmc 20 10 8 true 0.5",
            "mean": 10.913461700860001,
            "stddev": 0.41379507649002595,
            "median": 10.87248739536,
            "user": 272.29584091999993,
            "system": 0.38154576000000007,
            "min": 10.14098014586,
            "max": 11.53780792786,
            "times": [
                11.04339066686,
                10.88563466986,
                11.18448599686,
                11.53780792786,
                10.76150302186,
                10.64983145186,
                10.85934012086,
                10.14098014586,
                10.62477044886,
                11.44687255786
            ],
            "exit_codes": [
                0,
                0,
                0,
                0,
                0,
                0,
                0,
                0,
                0,
                0
            ],
            "parameters": {
                "Congestion": "0.5"
            }
        },
        {
            "command": ".//target/release/lprq_mpmc 20 10 8 true 1.0",
            "mean": 11.095873463859999,
            "stddev": 0.39271842995898726,
            "median": 11.044846770660001,
            "user": 273.99512062,
            "system": 0.34458920000000004,
            "min": 10.60200188466,
            "max": 11.75072947266,
            "times": [
                11.15357361466,
                11.34416114966,
                11.75072947266,
                11.47466775766,
                11.445465414660001,
                10.72229587366,
                10.75059285366,
                10.60200188466,
                10.77912669066,
                10.93611992666
            ],
            "exit_codes": [
                0,
                0,
                0,
                0,
                0,
                0,
                0,
                0,
                0,
                0
            ],
            "parameters": {
                "Congestion": "1.0"
            }
        }
    ]
}