{
    "results": [
        {
            "command": ".//target/release/lprq_mpmc 1 2 7 true",
            "mean": 1.6558148400199997,
            "stddev": 0.033387977345345404,
            "median": 1.67633031532,
            "user": 4.32853384,
            "system": 0.11456023999999998,
            "min": 1.60088054132,
            "max": 1.68499554532,
            "times": [
                1.61890404532,
                1.68478586432,
                1.63961015132,
                1.67357721432,
                1.67908341632,
                1.67919767532,
                1.61546494432,
                1.60088054132,
                1.68499554532,
                1.6816490023200001
            ],
            "exit_codes": [
                0,
                0,
                0,
                0,
                0,
                0,
                0,
                0,
                0,
                0
            ],
            "parameters": {
                "threads": 3
            }
        },
        {
            "command": ".//target/release/lprq_mpmc 2 4 7 true",
            "mean": 1.5621860172799997,
            "stddev": 0.187270558910651,
            "median": 1.67965358998,
            "user": 7.80964498,
            "system": 0.05648388,
            "min": 1.31169323298,
            "max": 1.73555326198,
            "times": [
                1.71680810098,
                1.70818141698,
                1.3626064899800001,
                1.31169323298,
                1.6970877309799999,
                1.6622194489800002,
                1.32436879698,
                1.71413863198,
                1.38920306098,
                1.73555326198
            ],
            "exit_codes": [
                0,
                0,
                0,
                0,
                0,
                0,
                0,
                0,
                0,
                0
            ],
            "parameters": {
                "threads": 6
            }
        },
        {
            "command": ".//target/release/lprq_mpmc 3 6 7 true",
            "mean": 1.55045674634,
            "stddev": 0.06076527070572976,
            "median": 1.56411160004,
            "user": 11.002644459999997,
            "system": 0.08402169999999999,
            "min": 1.39297291654,
            "max": 1.60636513154,
            "times": [
                1.58417924154,
                1.58286463554,
                1.54474383954,
                1.55808821454,
                1.60636513154,
                1.5251448785400001,
                1.5948543725400002,
                1.39297291654,
                1.57013498554,
                1.5452192475400002
            ],
            "exit_codes": [
                0,
                0,
                0,
                0,
                0,
                0,
                0,
                0,
                0,
                0
            ],
            "parameters": {
                "threads": 9
            }
        },
        {
            "command": ".//target/release/lprq_mpmc 4 8 7 true",
            "mean": 1.4386911832,
            "stddev": 0.02281164228489253,
            "median": 1.4442180135,
            "user": 12.390375319999999,
            "system": 0.05392808,
            "min": 1.4018912135,
            "max": 1.4629057465,
            "times": [
                1.4343649784999999,
                1.4260948985,
                1.4616002195,
                1.4548233314999999,
                1.4232037165,
                1.4088837175,
                1.4540710485,
                1.4018912135,
                1.4590729615,
                1.4629057465
            ],
            "exit_codes": [
                0,
                0,
                0,
                0,
                0,
                0,
                0,
                0,
                0,
                0
            ],
            "parameters": {
                "threads": 12
            }
        },
        {
            "command": ".//target/release/lprq_mpmc 5 10 7 true",
            "mean": 1.34580486256,
            "stddev": 0.01592166779448264,
            "median": 1.3427185713599998,
            "user": 12.837643260000002,
            "system": 0.052400100000000005,
            "min": 1.31905703186,
            "max": 1.3688291418599998,
            "times": [
                1.3688291418599998,
                1.3461362738599998,
                1.3393008688599999,
                1.33687361786,
                1.33214882186,
                1.33680855286,
                1.3664098118599999,
                1.31905703186,
                1.35484769486,
                1.35763680986
            ],
            "exit_codes": [
                0,
                0,
                0,
                0,
                0,
                0,
                0,
                0,
                0,
                0
            ],
            "parameters": {
                "threads": 15
            }
        },
        {
            "command": ".//target/release/lprq_mpmc 6 12 7 true",
            "mean": 1.1491946939000002,
            "stddev": 0.16820952830743277,
            "median": 1.1532051386000002,
            "user": 14.25009424,
            "system": 0.06845739999999999,
            "min": 0.9736401686,
            "max": 1.3136959906,
            "times": [
                1.3032838576,
                0.9975711546,
                0.9736401686,
                1.3097314896,
                0.9802123586,
                1.0031264196,
                0.9946167366,
                1.3136959906,
                1.3049277856000001,
                1.3111409776
            ],
            "exit_codes": [
                0,
                0,
                0,
                0,
                0,
                0,
                0,
                0,
                0,
                0
            ],
            "parameters": {
                "threads": 18
            }
        },
        {
            "command": ".//target/release/lprq_mpmc 7 14 7 true",
            "mean": 1.1802799474799999,
            "stddev": 0.1873276628302335,
            "median": 1.3126443135799999,
            "user": 16.62925674,
            "system": 0.08156944,
            "min": 0.9439398810800002,
            "max": 1.34528521908,
            "times": [
                1.34528521908,
                0.9798311780800001,
                1.33645811708,
                1.31738529708,
                0.95658806508,
                0.97246548608,
                1.31188633708,
                1.31340229008,
                1.32555760408,
                0.9439398810800002
            ],
            "exit_codes": [
                0,
                0,
                0,
                0,
                0,
                0,
                0,
                0,
                0,
                0
            ],
            "parameters": {
                "threads": 21
            }
        },
        {
            "command": ".//target/release/lprq_mpmc 8 16 7 true",
            "mean": 1.23536645374,
            "stddev": 0.18003180008397254,
            "median": 1.3269208382400002,
            "user": 19.749359419999998,
            "system": 0.08905935999999999,
            "min": 0.9598361742400001,
            "max": 1.37977494424,
            "times": [
                1.36506664624,
                1.37977494424,
                1.3086860632400001,
                0.9968824452400001,
                0.9598361742400001,
                0.9731806182400001,
                1.36646692124,
                1.3315046862400002,
                1.34992904824,
                1.3223369902400002
            ],