{
    "results": [
        {
            "command": ".//../c++-reference/build/bench-lprq-mpmc 18 18 8 true 0.0",
            "mean": 8.68776668328,
            "stddev": 0.21099291416713864,
            "median": 8.67203005748,
            "user": 310.33681342,
            "system": 0.01203366,
            "min": 8.43509630498,
            "max": 9.05300122998,
            "times": [
                8.43509630498,
                8.72922683498,
                8.60405866698,
                8.507212946980001,
                8.73182411998,
                8.45900832798,
                9.05300122998,
                9.01417828598,
                8.65219818398,
                8.69186193098
            ],
            "exit_codes": [
                0,
                0,
                0,
                0,
                0,
                0,
                0,
                0,
                0,
                0
            ],
            "parameters": {
                "Congestion": "0.0"
            }
        },
        {
            "command": ".//../c++-reference/build/bench-lprq-mpmc 18 18 8 true 0.25",
            "mean": 8.67505826412,
            "stddev": 0.3112972317760059,
            "median": 8.62249433462,
            "user": 309.8068976999999,
            "system": 0.01491768,
            "min": 8.29194771812,
            "max": 9.35755259112,
            "times": [
                9.35755259112,
                8.422538746119999,
                8.56714720112,
                8.40739857412,
                8.67784146812,
                8.54654474712,
                8.29194771812,
                8.78271205712,
                8.95864697912,
                8.73825255912
            ],
            "exit_codes": [
                0,
                0,
                0,
                0,
                0,
                0,
                0,
                0,
                0,
                0
            ],
            "parameters": {
                "Congestion": "0.25"
            }
        },
        {
            "command": ".//../c++-reference/build/bench-lprq-mpmc 18 18 8 true 0.5",
            "mean": 8.71222551084,
            "stddev": 0.3263223555288608,
            "median": 8.779378614439999,
            "user": 311.49913088000005,
            "system": 0.01002296,
            "min": 8.21686306844,
            "max": 9.23174886244,
            "times": [
                9.23174886244,
                8.83548170544,
                8.317925066439999,
                8.60672853444,
                8.21686306844,
                8.382336670439999,
                8.91771956144,
                8.72327552344,
                8.91621742444,
                8.97395869144
            ],
            "exit_codes": [
                0,
                0,
                0,
                0,
                0,
                0,
                0,
                0,
                0,
                0
            ],
            "parameters": {
                "Congestion": "0.5"
            }
        },
        {
            "command": ".//../c++-reference/build/bench-lprq-mpmc 18 18 8 true 1.0",
            "mean": 8.402003389959997,
            "stddev": 0.3263064039283795,
            "median": 8.467840825459998,
            "user": 300.2921933,
            "system": 0.013048852,
            "min": 7.67930490696,
            "max": 8.771462526959999,
            "times": [
                8.235862119959998,
                8.61740587996,
                8.22250958496,
                8.248312778959999,
                8.750884791959999,
                8.553680197959999,
                7.67930490696,
                8.382001452959999,
                8.55860965896,
                8.771462526959999
            ],
            "exit_codes": [
                0,
                0,
                0,
                0,
                0,
                0,
                0,
                0,
                0,
                0
            ],
            "parameters": {
                "Congestion": "1.0"
            }
        }
    ]
}