{
    "results": [
        {
            "command": ".//target/release/lprq_mpmc 1 2 8 true 0.0",
            "mean": 8.25372504278,
            "stddev": 0.12268745726923803,
            "median": 8.278102235079999,
            "user": 24.572851680000003,
            "system": 0.15276505999999998,
            "min": 8.02529390208,
            "max": 8.36512975608,
            "times": [
                8.36512975608,
                8.22108610308,
                8.25174511108,
                8.36343771308,
                8.28389317408,
                8.02529390208,
                8.057525475079999,
                8.341697933079999,
                8.35512996408,
                8.27231129608
            ],
            "exit_codes": [
                0,
                0,
                0,
                0,
                0,
                0,
                0,
                0,
                0,
                0
            ],
            "parameters": {
                "Threads": "3"
            }
        },
        {
            "command": ".//target/release/lprq_mpmc 2 4 8 true 0.0",
            "mean": 10.14405025852,
            "stddev": 0.08084838268085555,
            "median": 10.138366919820001,
            "user": 60.50531887999999,
            "system": 0.23270351999999997,
            "min": 10.02730628732,
            "max": 10.30284137132,
            "times": [
                10.034493424319999,
                10.11991350432,
                10.15927144232,
                10.14400408232,
                10.22338628432,
                10.02730628732,
                10.16711033132,
                10.13272975732,
                10.12944610032,
                10.30284137132
            ],
            "exit_codes": [
                0,
                0,
                0,
                0,
                0,
                0,
                0,
                0,
                0,
                0
            ],
            "parameters": {
                "Threads": "6"
            }
        },
        {
            "command": ".//target/release/lprq_mpmc 3 6 8 true 0.0",
            "mean": 10.79243728638,
            "stddev": 0.10248483891255412,
            "median": 10.797717855680002,
            "user": 96.70024892,
            "system": 0.23670432,
            "min": 10.64528532918,
            "max": 10.93921559318,
            "times": [
                10.70377152918,
                10.93921559318,
                10.64528532918,
                10.805218252180001,
                10.74190862418,
                10.66842679518,
                10.928596819180001,
                10.85180527418,
                10.79021745918,
                10.84992718818
            ],
            "exit_codes": [
                0,
                0,
                0,
                0,
                0,
                0,
                0,
                0,
                0,
                0
            ],
            "parameters": {
                "Threads": "9"
            }
        },
        {
            "command": ".//target/release/lprq_mpmc 4 8 8 true 0.0",
            "mean": 12.183049365899999,
            "stddev": 0.15018752082109943,
            "median": 12.1470525281,
            "user": 145.68362355999997,
            "system": 0.27155552000000005,
            "min": 12.0145535826,
            "max": 12.502871750599999,
            "times": [
                12.0145535826,
                12.0440987126,
                12.2072522776,
                12.1483176206,
                12.1286149696,
                12.502871750599999,
                12.145787435599999,
                12.1575921776,
                12.1000208856,
                12.3813842466
            ],
            "exit_codes": [
                0,
                0,
                0,
                0,
                0,
                0,
                0,
                0,
                0,
                0
            ],
            "parameters": {
                "Threads": "12"
            }
        },
        {
            "command": ".//target/release/lprq_mpmc 5 10 8 true 0.0",
            "mean": 14.531450771040003,
            "stddev": 0.16289400728730458,
            "median": 14.52749384174,
            "user": 217.33405656,
            "system": 0.29908811999999996,
            "min": 14.315315162740001,
            "max": 14.755214372740001,
            "times": [
                14.755214372740001,
                14.596706066740001,
                14.320813428740001,
                14.698204262740001,
                14.40814482174,
                14.67309717374,
                14.43337680774,
                14.315315162740001,
                14.45828161674,
                14.65535399674
            ],
            "exit_codes": [
                0,
                0,
                0,
                0,
                0,
                0,
                0,
                0,
                0,
                0
            ],
            "parameters": {
                "Threads": "15"
            }
        },
        {
            "command": ".//target/release/lprq_mpmc 6 12 8 true 0.0",
            "mean": 17.674770658259998,
            "stddev": 0.17083664066404045,
            "median": 17.72374374696,
            "user": 317.36082232,
            "system": 0.34230184,
            "min": 17.36187379896,
            "max": 17.86191308396,
            "times": [
                17.529083199960002,
                17.67390993296,
                17.77552513996,
                17.46386140996,
                17.79729246096,
                17.665545483960003,
                17.84512451096,
                17.77357756096,
                17.86191308396,
                17.36187379896
            ],
            "exit_codes": [
                0,
                0,
                0,
                0,
                0,
                0,
                0,
                0,
                0,
                0
            ],
            "parameters": {
                "Threads": "18"
            }
        },
        {
            "command": ".//target/release/lprq_mpmc 7 14 8 true 0.0",
            "mean": 16.41595929166,
            "stddev": 0.10862624778057643,
            "median": 16.411702943359998,
            "user": 339.9642194400001,
            "system": 0.55978846,
            "min": 16.26237190086,
            "max": 16.59367174886,
            "times": [
                16.314800608859997,
                16.42078072286,
                16.500643158859997,
                16.53452793786,
                16.366344104859998,
                16.29652559486,
                16.46730197486,
                16.26237190086,
                16.402625163859998,
                16.59367174886
            ],
            "exit_codes": [
                0,
                0,
                0,
                0,
                0,
                0,
                0,
                0,
                0,
                0
            ],
            "parameters": {
                "Threads": "21"
            }
        },
        {
            "command": ".//target/release/lprq_mpmc 8 16 8 true 0.0",
            "mean": 15.82423710398,
            "stddev": 0.11281365977110043,
            "median": 15.813725579180002,
            "user": 375.00823507999996,
            "system": 0.8327931600000001,
            "min": 15.60136386868,
            "max": 16.01249530168,
            "times": [
                15.766971317680001,
                15.82134169068,
                15.80610946768,
                15.781468098680001,
                15.60136386868,
                15.75301962568,
                15.894191282680001,
                16.01249530168,
                15.873523714680001,
                15.931886671680001
            ],