{
    "results": [
        {
            "command": ".//target/release/lprq_mpmc 1 1 8 true 0.0",
            "mean": 10.391240252,
            "stddev": 0.06711399626337246,
            "median": 10.384542398,
            "user": 20.52183366,
            "system": 0.22559568,
            "min": 10.314192958500001,
            "max": 10.514205207500002,
            "times": [
                10.3971869955,
                10.321088799500002,
                10.514205207500002,
                10.368954503500001,
                10.385758089500001,
                10.314192958500001,
                10.4971353075,
                10.3833267065,
                10.339065703500001,
                10.391488248500002
            ],
            "exit_codes": [
                0,
                0,
                0,
                0,
                0,
                0,
                0,
                0,
                0,
                0
            ],
            "parameters": {
                "Threads": "2"
            }
        },
        {
            "command": ".//target/release/lprq_mpmc 2 2 8 true 0.0",
            "mean": 12.20676122786,
            "stddev": 0.12672654812850906,
            "median": 12.17388840706,
            "user": 48.492758200000004,
            "system": 0.20231482,
            "min": 12.04700209906,
            "max": 12.43308607506,
            "times": [
                12.14810345406,
                12.14812578206,
                12.067812955059999,
                12.19965103206,
                12.280145383059999,
                12.236429125059999,
                12.37791852606,
                12.04700209906,
                12.12933784706,
                12.43308607506
            ],
            "exit_codes": [
                0,
                0,
                0,
                0,
                0,
                0,
                0,
                0,
                0,
                0
            ],
            "parameters": {
                "Threads": "4"
            }
        },
        {
            "command": ".//target/release/lprq_mpmc 3 3 8 true 0.0",
            "mean": 14.76425939826,
            "stddev": 0.2946318862882007,
            "median": 14.79239290626,
            "user": 88.45355474,
            "system": 0.03135,
            "min": 14.28940851226,
            "max": 15.24212832626,
            "times": [
                14.78817945426,
                14.79660635826,
                14.28940851226,
                14.90984218026,
                15.10457689826,
                14.721720489259999,
                14.36997525526,
                15.24212832626,
                14.82334758026,
                14.59680892826
            ],
            "exit_codes": [
                0,
                0,
                0,
                0,
                0,
                0,
                0,
                0,
                0,
                0
            ],
            "parameters": {
                "Threads": "6"
            }
        },
        {
            "command": ".//target/release/lprq_mpmc 4 4 8 true 0.0",
            "mean": 16.51420989954,
            "stddev": 0.3965283301151498,
            "median": 16.47792352754,
            "user": 131.97689678,
            "system": 0.03599854,
            "min": 16.078277856539998,
            "max": 17.29901540754,
            "times": [
                16.72043247254,
                16.43822142354,
                16.717266223539998,
                16.09266044854,
                16.87092622854,
                16.078277856539998,
                16.09896316454,
                16.51762563154,
                16.30871013854,
                17.29901540754
            ],
            "exit_codes": [
                0,
                0,
                0,
                0,
                0,
                0,
                0,
                0,
                0,
                0
            ],
            "parameters": {
                "Threads": "8"
            }
        },
        {
            "command": ".//target/release/lprq_mpmc 5 5 8 true 0.0",
            "mean": 19.213762740459995,
            "stddev": 0.5129485234147223,
            "median": 19.18795006306,
            "user": 191.97813338,
            "system": 0.04563237999999999,
            "min": 18.45914259056,
            "max": 20.16579676256,
            "times": [
                19.439802304559997,
                18.91962092056,
                19.034498013559997,
                20.16579676256,
                18.45914259056,
                18.581770675559998,
                19.34125081356,
                19.03464931256,
                19.52732892156,
                19.63376708956
            ],
            "exit_codes": [
                0,
                0,
                0,
                0,
                0,
                0,
                0,
                0,
                0,
                0
            ],
            "parameters": {
                "Threads": "10"
            }
        },
        {
            "command": ".//target/release/lprq_mpmc 6 6 8 true 0.0",
            "mean": 22.46270743498,
            "stddev": 0.6622921126164146,
            "median": 22.492182067180003,
            "user": 269.3284519,
            "system": 0.04301824,
            "min": 21.379447262680003,
            "max": 23.66238667268,
            "times": [
                21.68182517468,
                22.183604255680002,
                23.66238667268,
                22.49085341568,
                22.65826948368,
                22.599885929680003,
                22.271616996680002,
                22.493510718680003,
                23.205674439680003,
                21.379447262680003
            ],
            "exit_codes": [
                0,
                0,
                0,
                0,
                0,
                0,
                0,
                0,
                0,
                0
            ],
            "parameters": {
                "Threads": "12"
            }
        },
        {
            "command": ".//target/release/lprq_mpmc 7 7 8 true 0.0",
            "mean": 22.52805683324,
            "stddev": 0.9364510975148664,
            "median": 22.59052121354,
            "user": 315.09716139999995,
            "system": 0.059451059999999986,
            "min": 20.918563908040003,
            "max": 23.499906597040003,
            "times": [
                22.48015302604,
                22.133352653040003,
                23.499906597040003,
                21.059018522040002,
                23.459994517040002,
                23.42684246604,
                22.63958422504,
                20.918563908040003,
                22.54145820204,
                23.12169421604
            ],
            "exit_codes": [
                0,
                0,
                0,
                0,
                0,
                0,
                0,
                0,
                0,
                0
            ],
            "parameters": {
                "Threads": "14"
            }
        },
        {
            "command": ".//target/release/lprq_mpmc 8 8 8 true 0.0",
            "mean": 22.009546748419996,
            "stddev": 1.7503961028335504,
            "median": 21.836856724119997,
            "user": 351.81513859999995,
            "system": 0.05635228000000001,
            "min": 19.139131457119998,
            "max": 24.90723606712,
            "times": [
                24.90723606712,
                24.367007812119997,
                20.535126549119997,
                22.38428453212,
                22.977829049119997,
                22.18463115912,
                21.11830245212,
                21.48908228912,
                20.99283611712,
                19.139131457119998
            ],