{
    "results": [
        {
            "command": ".//../c++-reference/build/bench-lprq-mpmc 2 1 8 true 0.0",
            "mean": 16.069660788659995,
            "stddev": 0.4781894464692875,
            "median": 16.115647194459996,
            "user": 46.35830698,
            "system": 0.006061582,
            "min": 15.393444524960001,
            "max": 16.81645282196,
            "times": [
                15.46715736996,
                16.146487434959997,
                16.14939354496,
                16.084806953959998,
                15.393444524960001,
                16.80451658796,
                16.81645282196,
                16.176521045959998,
                15.83812623096,
                15.81970137096
            ],
            "exit_codes": [
                0,
                0,
                0,
                0,
                0,
                0,
                0,
                0,
                0,
                0
            ],
            "parameters": {
                "Threads": "3"
            }
        },
        {
            "command": ".//../c++-reference/build/bench-lprq-mpmc 4 2 8 true 0.0",
            "mean": 10.13937777256,
            "stddev": 0.029282310672085466,
            "median": 10.13157134836,
            "user": 56.87307824,
            "system": 0.07597238,
            "min": 10.103748764859999,
            "max": 10.198216944859999,
            "times": [
                10.12278842786,
                10.112703305859998,
                10.123943732859999,
                10.14464396186,
                10.103748764859999,
                10.17745614886,
                10.12446730386,
                10.13867539286,
                10.14713374186,
                10.198216944859999
            ],
            "exit_codes": [
                0,
                0,
                0,
                0,
                0,
                0,
                0,
                0,
                0,
                0
            ],
            "parameters": {
                "Threads": "6"
            }
        },
        {
            "command": ".//../c++-reference/build/bench-lprq-mpmc 6 3 8 true 0.0",
            "mean": 8.575449196680001,
            "stddev": 0.5251210750507165,
            "median": 8.60862273288,
            "user": 76.38794582,
            "system": 0.015153619999999998,
            "min": 7.70445956488,
            "max": 9.54338505188,
            "times": [
                8.81221252588,
                7.70445956488,
                8.61425820188,
                8.60298726388,
                9.06224873588,
                8.73578000588,
                9.54338505188,
                8.02072176288,
                8.19456303088,
                8.46387582288
            ],
            "exit_codes": [
                0,
                0,
                0,
                0,
                0,
                0,
                0,
                0,
                0,
                0
            ],
            "parameters": {
                "Threads": "9"
            }
        },
        {
            "command": ".//../c++-reference/build/bench-lprq-mpmc 8 4 8 true 0.0",
            "mean": 8.33470932026,
            "stddev": 0.563309900758689,
            "median": 8.40726230846,
            "user": 98.59337552,
            "system": 0.01716144,
            "min": 7.43834615846,
            "max": 9.01611670146,
            "times": [
                8.34377997646,
                8.72714313646,
                9.01611670146,
                7.82786322246,
                7.43834615846,
                8.47074464046,
                8.93503644646,
                8.81350868846,
                8.17758872546,
                7.59696550646
            ],
            "exit_codes": [
                0,
                0,
                0,
                0,
                0,
                0,
                0,
                0,
                0,
                0
            ],
            "parameters": {
                "Threads": "12"
            }
        },
        {
            "command": ".//../c++-reference/build/bench-lprq-mpmc 10 5 8 true 0.0",
            "mean": 8.2013119378,
            "stddev": 0.6284517814900491,
            "median": 8.111348925000001,
            "user": 120.52661205999998,
            "system": 0.02150854,
            "min": 6.745370729999999,
            "max": 8.935238772,
            "times": [
                6.745370729999999,
                8.173344257,
                8.090514416000001,
                8.113651212,
                8.109046638,
                8.055754129,
                8.935238772,
                8.804730361,
                8.097930178,
                8.887538685
            ],
            "exit_codes": [
                0,
                0,
                0,
                0,
                0,
                0,
                0,
                0,
                0,
                0
            ],
            "parameters": {
                "Threads": "15"
            }
        },
        {
            "command": ".//../c++-reference/build/bench-lprq-mpmc 12 6 8 true 0.0",
            "mean": 7.8258693767,
            "stddev": 0.35069694283542235,
            "median": 7.7776146039,
            "user": 137.81826484,
            "system": 0.02254946,
            "min": 7.3408363119,
            "max": 8.4357723249,
            "times": [
                7.8967139119,
                7.3408363119,
                8.4357723249,
                7.676997039900001,
                7.522213074900001,
                7.4809937119,
                8.1030162809,
                7.7417296899000005,
                7.8134995179,
                8.2469219029
            ],
            "exit_codes": [
                0,
                0,
                0,
                0,
                0,
                0,
                0,
                0,
                0,
                0
            ],
            "parameters": {
                "Threads": "18"
            }
        },
        {
            "command": ".//../c++-reference/build/bench-lprq-mpmc 14 7 8 true 0.0",
            "mean": 7.958690528839999,
            "stddev": 0.43172374042916073,
            "median": 7.8822893578399995,
            "user": 161.1784654,
            "system": 0.02868868,
            "min": 7.48006206184,
            "max": 8.82132214084,
            "times": [
                7.65987937384,
                7.57035697784,
                8.14482433084,
                7.48006206184,
                8.82132214084,
                8.10469934184,
                8.33499065084,
                7.61413521884,
                8.19852991284,
                7.65810527884
            ],
            "exit_codes": [
                0,
                0,
                0,
                0,
                0,
                0,
                0,
                0,
                0,
                0
            ],
            "parameters": {
                "Threads": "21"
            }
        },
        {
            "command": ".//../c++-reference/build/bench-lprq-mpmc 16 8 8 true 0.0",
            "mean": 7.491821157420001,
            "stddev": 0.04799139069710658,
            "median": 7.48907809552,
            "user": 170.22751822,
            "system": 0.05903992,
            "min": 7.44604400352,
            "max": 7.61073158652,
            "times": [
                7.51697474852,
                7.44604400352,
                7.49284293152,
                7.47584406852,
                7.44741946452,
                7.488577111520001,
                7.48957907952,
                7.4520992145200005,
                7.61073158652,
                7.49809936552
            ],