{
    "results": [
        {
            "command": ".//target/release/lprq_mpmc 24 12 8 true 0.0",
            "mean": 7.1827568279200005,
            "stddev": 0.220423700207861,
            "median": 7.17669873012,
            "user": 243.79887909999997,
            "system": 0.30530236,
            "min": 6.90993764712,
            "max": 7.53847359412,
            "times": [
                7.27762477712,
                6.90993764712,
                6.91812251312,
                7.11907669812,
                7.234320762119999,
                7.03604399612,
                7.4686780191199995,
                7.53847359412,
                7.31509997512,
                7.010190297119999
            ],
            "exit_codes": [
                0,
                0,
                0,
                0,
                0,
                0,
                0,
                0,
                0,
                0
            ],
            "parameters": {
                "Congestion": "0.0"
            }
        },
        {
            "command": ".//target/release/lprq_mpmc 24 12 8 true 0.25",
            "mean": 7.383627241900001,
            "stddev": 0.1694207998311634,
            "median": 7.3960871949,
            "user": 250.33186228000005,
            "system": 0.43621742,
            "min": 7.1297107494,
            "max": 7.6034070254,
            "times": [
                7.2116080154,
                7.3018408504000005,
                7.2093902584,
                7.5089991704,
                7.5793726524,
                7.3216496124,
                7.4997693074,
                7.6034070254,
                7.4705247774000005,
                7.1297107494
            ],
            "exit_codes": [
                0,
                0,
                0,
                0,
                0,
                0,
                0,
                0,
                0,
                0
            ],
            "parameters": {
                "Congestion": "0.25"
            }
        },
        {
            "command": ".//target/release/lprq_mpmc 24 12 8 true 0.5",
            "mean": 7.366922033200001,
            "stddev": 0.1893983222710007,
            "median": 7.329873470700001,
            "user": 253.24032441999998,
            "system": 0.6536496199999999,
            "min": 7.0234646212000005,
            "max": 7.6024810032,
            "times": [
                7.415461215200001,
                7.223473649200001,
                7.2747775612000005,
                7.6024810032,
                7.2805545742,
                7.0234646212000005,
                7.5967074262,
                7.5925533402,
                7.2848453692,
                7.374901572200001
            ],
            "exit_codes": [
                0,
                0,
                0,
                0,
                0,
                0,
                0,
                0,
                0,
                0
            ],
            "parameters": {
                "Congestion": "0.5"
            }
        },
        {
            "command": ".//target/release/lprq_mpmc 24 12 8 true 1.0",
            "mean": 7.389511101760002,
            "stddev": 0.15269054086550116,
            "median": 7.36472353536,
            "user": 255.49823097999996,
            "system": 1.39737832,
            "min": 7.1765709398599995,
            "max": 7.62492379186,
            "times": [
                7.62492379186,
                7.34651914386,
                7.21110691486,
                7.61065358886,
                7.1765709398599995,
                7.42394678586,
                7.49825354186,
                7.289835807859999,
                7.330372575859999,
                7.38292792686
            ],
            "exit_codes": [
                0,
                0,
                0,
                0,
                0,
                0,
                0,
                0,
                0,
                0
            ],
            "parameters": {
                "Congestion": "1.0"
            }
        }
    ]
}