{
    "results": [
        {
            "command": ".//target/release/lprq_mpmc 2 1 8 true 0.0",
            "mean": 8.732883773880001,
            "stddev": 0.5666729190922847,
            "median": 8.73408327238,
            "user": 26.083553419999998,
            "system": 0.01906998,
            "min": 7.525932364379999,
            "max": 9.54231208938,
            "times": [
                7.525932364379999,
                9.25360025538,
                8.18999993738,
                8.724049190379999,
                9.11563961638,
                8.74411735438,
                8.71656030438,
                8.93723131338,
                9.54231208938,
                8.57939531338
            ],
            "exit_codes": [
                0,
                0,
                0,
                0,
                0,
                0,
                0,
                0,
                0,
                0
            ],
            "parameters": {
                "Threads": "3"
            }
        },
        {
            "command": ".//target/release/lprq_mpmc 4 2 8 true 0.0",
            "mean": 6.416632330680001,
            "stddev": 0.35120362042013814,
            "median": 6.27804469768,
            "user": 37.35771184,
            "system": 0.03455726,
            "min": 6.07514206218,
            "max": 7.10622223818,
            "times": [
                6.07514206218,
                6.11832586818,
                6.26007018318,
                6.30318244318,
                6.19248222318,
                6.90997325618,
                6.29601921218,
                6.2514126371800005,
                7.10622223818,
                6.65349318318
            ],
            "exit_codes": [
                0,
                0,
                0,
                0,
                0,
                0,
                0,
                0,
                0,
                0
            ],
            "parameters": {
                "Threads": "6"
            }
        },
        {
            "command": ".//target/release/lprq_mpmc 6 3 8 true 0.0",
            "mean": 7.995011066480001,
            "stddev": 0.9898381982126401,
            "median": 7.71025825578,
            "user": 70.89961038,
            "system": 0.01036536,
            "min": 6.74500556278,
            "max": 9.26644346678,
            "times": [
                9.26644346678,
                7.31738465278,
                6.74500556278,
                7.58942729578,
                8.682140234779999,
                6.79354210478,
                7.40486111778,
                9.090965601779999,
                9.22925141178,
                7.8310892157800005
            ],
            "exit_codes": [
                0,
                0,
                0,
                0,
                0,
                0,
                0,
                0,
                0,
                0
            ],
            "parameters": {
                "Threads": "9"
            }
        },
        {
            "command": ".//target/release/lprq_mpmc 8 4 8 true 0.0",
            "mean": 9.02437300702,
            "stddev": 0.8527740069108707,
            "median": 9.160578132920001,
            "user": 105.80076220000001,
            "system": 0.01886956,
            "min": 7.793574845419999,
            "max": 10.315658113420001,
            "times": [
                10.315658113420001,
                7.98733056442,
                9.474066698420001,
                8.847089567420001,
                9.70937942842,
                8.32206947042,
                7.793574845419999,
                9.52550115342,
                9.773183662420001,
                8.49587656642
            ],
            "exit_codes": [
                0,
                0,
                0,
                0,
                0,
                0,
                0,
                0,
                0,
                0
            ],
            "parameters": {
                "Threads": "12"
            }
        },
        {
            "command": ".//target/release/lprq_mpmc 10 5 8 true 0.0",
            "mean": 8.977881928480002,
            "stddev": 0.287180282899882,
            "median": 9.04985793438,
            "user": 131.47877824000003,
            "system": 0.026798899999999997,
            "min": 8.46357536738,
            "max": 9.34292996738,
            "times": [
                8.92525904638,
                9.18054099038,
                8.84635042538,
                9.13824995438,
                9.06092623338,
                8.46357536738,
                9.03878963538,
                8.55054464838,
                9.34292996738,
                9.231653016380001
            ],
            "exit_codes": [
                0,
                0,
                0,
                0,
                0,
                0,
                0,
                0,
                0,
                0
            ],
            "parameters": {
                "Threads": "15"
            }
        },
        {
            "command": ".//target/release/lprq_mpmc 12 6 8 true 0.0",
            "mean": 9.6522766847,
            "stddev": 0.2850076160020821,
            "median": 9.5721822232,
            "user": 167.55564022000002,
            "system": 0.04743146,
            "min": 9.314324859200001,
            "max": 10.0920735222,
            "times": [
                9.6693738162,
                9.3893258382,
                9.9862649012,
                9.410668987200001,
                9.8031144292,
                9.4749906302,
                9.9431513552,
                9.4394785082,
                9.314324859200001,
                10.0920735222
            ],
            "exit_codes": [
                0,
                0,
                0,
                0,
                0,
                0,
                0,
                0,
                0,
                0
            ],
            "parameters": {
                "Threads": "18"
            }
        },
        {
            "command": ".//target/release/lprq_mpmc 14 7 8 true 0.0",
            "mean": 9.46907151322,
            "stddev": 0.21588051873984715,
            "median": 9.47232857412,
            "user": 183.1636037,
            "system": 0.05602359999999999,
            "min": 9.20226831612,
            "max": 9.77972867612,
            "times": [
                9.508437821120001,
                9.67716247112,
                9.43621932712,
                9.31513695612,
                9.25744696712,
                9.60931083012,
                9.77972867612,
                9.21051016912,
                9.20226831612,
                9.694493598120001
            ],
            "exit_codes": [
                0,
                0,
                0,
                0,
                0,
                0,
                0,
                0,
                0,
                0
            ],
            "parameters": {
                "Threads": "21"
            }
        },
        {
            "command": ".//target/release/lprq_mpmc 16 8 8 true 0.0",
            "mean": 9.996380018999998,
            "stddev": 0.42519715315813367,
            "median": 9.9577221435,
            "user": 206.02740813999998,
            "system": 0.05150155999999999,
            "min": 9.174393865999999,
            "max": 10.713120099,
            "times": [
                9.993935213,
                9.921509074,
                9.174393865999999,
                10.200811472,
                10.392150221,
                9.837669292,
                9.610969682,
                9.898392362,
                10.220848908999999,
                10.713120099
            ],