{
    "results": [
        {
            "command": ".//target/release/lprq_mpmc 1 1 8 true 0.0",
            "mean": 9.90674793252,
            "stddev": 0.12901028562245234,
            "median": 9.83933601412,
            "user": 19.56223644,
            "system": 0.21945477999999996,
            "min": 9.79562956162,
            "max": 10.162544674620001,
            "times": [
                9.79562956162,
                9.84654956862,
                9.95296383862,
                10.02702297962,
                9.803431985620001,
                9.83212245962,
                10.162544674620001,
                10.03242395362,
                9.805367827620001,
                9.80942247562
            ],
            "exit_codes": [
                0,
                0,
                0,
                0,
                0,
                0,
                0,
                0,
                0,
                0
            ],
            "parameters": {
                "Threads": "2"
            }
        },
        {
            "command": ".//target/release/lprq_mpmc 2 2 8 true 0.0",
            "mean": 11.854086689619999,
            "stddev": 0.8108688988594172,
            "median": 11.866545578619998,
            "user": 47.319738060000006,
            "system": 0.026994360000000002,
            "min": 10.819650418619998,
            "max": 13.159997538619999,
            "times": [
                12.094508591619999,
                10.819650418619998,
                11.223370103619999,
                11.844292511619999,
                11.88879864562,
                11.448058628619998,
                13.134187964619999,
                10.92671385562,
                12.001288637619998,
                13.159997538619999
            ],
            "exit_codes": [
                0,
                0,
                0,
                0,
                0,
                0,
                0,
                0,
                0,
                0
            ],
            "parameters": {
                "Threads": "4"
            }
        },
        {
            "command": ".//target/release/lprq_mpmc 3 3 8 true 0.0",
            "mean": 9.27170821332,
            "stddev": 1.0080153834146683,
            "median": 9.05230044542,
            "user": 55.34009036,
            "system": 0.0127157,
            "min": 8.072360659420001,
            "max": 10.90015908542,
            "times": [
                10.41821543342,
                8.68823871242,
                8.67565799442,
                9.89372996042,
                8.072360659420001,
                8.44896664142,
                8.126547286420001,
                10.90015908542,
                10.07684418142,
                9.41636217842
            ],
            "exit_codes": [
                0,
                0,
                0,
                0,
                0,
                0,
                0,
                0,
                0,
                0
            ],
            "parameters": {
                "Threads": "6"
            }
        },
        {
            "command": ".//target/release/lprq_mpmc 4 4 8 true 0.0",
            "mean": 8.576744745219997,
            "stddev": 0.6730724271375782,
            "median": 8.628392306119999,
            "user": 68.19735694,
            "system": 0.018493159999999998,
            "min": 7.44486712162,
            "max": 9.71562071462,
            "times": [
                8.71401785562,
                8.184763299619998,
                9.080534947619999,
                8.542766756619999,
                7.97269871562,
                8.88735342962,
                8.061183288619999,
                9.71562071462,
                9.163641322619998,
                7.44486712162
            ],
            "exit_codes": [
                0,
                0,
                0,
                0,
                0,
                0,
                0,
                0,
                0,
                0
            ],
            "parameters": {
                "Threads": "8"
            }
        },
        {
            "command": ".//target/release/lprq_mpmc 5 5 8 true 0.0",
            "mean": 12.604950756859997,
            "stddev": 0.5065762575817859,
            "median": 12.618028302759999,
            "user": 125.83495349999998,
            "system": 0.05386975999999999,
            "min": 11.531288823259999,
            "max": 13.37096437326,
            "times": [
                13.138941813259999,
                12.899014403259999,
                12.377600635259999,
                12.754422953259999,
                11.531288823259999,
                12.552763295259998,
                12.317197278259998,
                13.37096437326,
                12.68329331026,
                12.424020683259998
            ],
            "exit_codes": [
                0,
                0,
                0,
                0,
                0,
                0,
                0,
                0,
                0,
                0
            ],
            "parameters": {
                "Threads": "10"
            }
        },
        {
            "command": ".//target/release/lprq_mpmc 6 6 8 true 0.0",
            "mean": 14.46785917518,
            "stddev": 0.28294093292125005,
            "median": 14.387162958080001,
            "user": 173.33380094,
            "system": 0.06410474,
            "min": 14.228651362579999,
            "max": 15.15129641358,
            "times": [
                14.35194698758,
                14.43529040958,
                14.29065807858,
                14.75388787358,
                14.42237892858,
                14.25287770158,
                15.15129641358,
                14.32575079458,
                14.228651362579999,
                14.46585320158
            ],
            "exit_codes": [
                0,
                0,
                0,
                0,
                0,
                0,
                0,
                0,
                0,
                0
            ],
            "parameters": {
                "Threads": "12"
            }
        },
        {
            "command": ".//target/release/lprq_mpmc 7 7 8 true 0.0",
            "mean": 14.40963411228,
            "stddev": 0.1292813331936214,
            "median": 14.468968559379999,
            "user": 201.2720576,
            "system": 0.08247341999999999,
            "min": 14.20498846688,
            "max": 14.564526257879999,
            "times": [
                14.22375587988,
                14.48347821588,
                14.49348344888,
                14.46782339588,
                14.30474001088,
                14.564526257879999,
                14.34840952488,
                14.470113722879999,
                14.53502219888,
                14.20498846688
            ],
            "exit_codes": [
                0,
                0,
                0,
                0,
                0,
                0,
                0,
                0,
                0,
                0
            ],
            "parameters": {
                "Threads": "14"
            }
        },
        {
            "command": ".//target/release/lprq_mpmc 8 8 8 true 0.0",
            "mean": 14.602718193800001,
            "stddev": 0.362620934278473,
            "median": 14.5577853502,
            "user": 233.06525331999995,
            "system": 0.08306097999999999,
            "min": 13.9973635467,
            "max": 15.205047953700001,
            "times": [
                14.758605258700001,
                14.8599843127,
                13.9973635467,
                15.205047953700001,
                14.429021798700001,
                14.419462305700002,
                14.3321030517,
                14.3448960417,
                14.9941487667,
                14.6865489017
            ],