{
    "results": [
        {
            "command": ".//target/release/lprq_mpmc 1 1 7 true",
            "mean": 1.47505490042,
            "stddev": 0.0035216866626319146,
            "median": 1.47445641962,
            "user": 2.657537,
            "system": 0.11090131999999997,
            "min": 1.47096293612,
            "max": 1.48351763512,
            "times": [
                1.47493746812,
                1.48351763512,
                1.47680932112,
                1.47397537112,
                1.47267238312,
                1.47528175712,
                1.47096293612,
                1.4737317431199999,
                1.47204193312,
                1.47661845612
            ],
            "exit_codes": [
                0,
                0,
                0,
                0,
                0,
                0,
                0,
                0,
                0,
                0
            ],
            "parameters": {
                "threads": 2
            }
        },
        {
            "command": ".//target/release/lprq_mpmc 2 2 7 true",
            "mean": 1.35515742632,
            "stddev": 0.1629635184801432,
            "median": 1.3199813525200002,
            "user": 4.7578503,
            "system": 0.05266748000000001,
            "min": 1.16051658102,
            "max": 1.67983823702,
            "times": [
                1.28011779802,
                1.3142943440200001,
                1.58829371502,
                1.32670453002,
                1.67983823702,
                1.30999715802,
                1.16051658102,
                1.18320507002,
                1.32566836102,
                1.38293846902
            ],
            "exit_codes": [
                0,
                0,
                0,
                0,
                0,
                0,
                0,
                0,
                0,
                0
            ],
            "parameters": {
                "threads": 4
            }
        },
        {
            "command": ".//target/release/lprq_mpmc 3 3 7 true",
            "mean": 1.5015687301000002,
            "stddev": 0.06899119920031356,
            "median": 1.5138950386,
            "user": 6.518694179999999,
            "system": 0.0713859,
            "min": 1.3761398026000002,
            "max": 1.5926728526,
            "times": [
                1.4830238396000002,
                1.5480902526,
                1.5544197096,
                1.5340675156,
                1.5557563956000002,
                1.4937225616,
                1.4671356396000002,
                1.3761398026000002,
                1.5926728526,
                1.4106587316
            ],
            "exit_codes": [
                0,
                0,
                0,
                0,
                0,
                0,
                0,
                0,
                0,
                0
            ],
            "parameters": {
                "threads": 6
            }
        },
        {
            "command": ".//target/release/lprq_mpmc 4 4 7 true",
            "mean": 1.3055178364800002,
            "stddev": 0.16324821281664825,
            "median": 1.30261592598,
            "user": 7.36925036,
            "system": 0.045971460000000006,
            "min": 1.13349719998,
            "max": 1.49320423198,
            "times": [
                1.13349719998,
                1.1375172899800001,
                1.14332360098,
                1.45625058698,
                1.18731196298,
                1.41791988898,
                1.46865084598,
                1.15951855298,
                1.45798420398,
                1.49320423198
            ],
            "exit_codes": [
                0,
                0,
                0,
                0,
                0,
                0,
                0,
                0,
                0,
                0
            ],
            "parameters": {
                "threads": 8
            }
        },
        {
            "command": ".//target/release/lprq_mpmc 5 5 7 true",
            "mean": 1.1315400543799998,
            "stddev": 0.1903402838988109,
            "median": 1.05807367948,
            "user": 7.96202378,
            "system": 0.05306362,
            "min": 0.87268276398,
            "max": 1.37274885198,
            "times": [
                1.06451971098,
                0.89075874398,
                1.31934141798,
                0.87268276398,
                1.05162764798,
                1.03036107098,
                1.37274885198,
                1.05099712098,
                1.34374089198,
                1.31862232298
            ],
            "exit_codes": [
                0,
                0,
                0,
                0,
                0,
                0,
                0,
                0,
                0,
                0
            ],
            "parameters": {
                "threads": 10
            }
        },
        {
            "command": ".//target/release/lprq_mpmc 6 6 7 true",
            "mean": 1.07041010304,
            "stddev": 0.13109274512929475,
            "median": 1.0157316778399998,
            "user": 9.24915474,
            "system": 0.05488051999999999,
            "min": 0.97658265184,
            "max": 1.32120826284,
            "times": [
                0.99809860784,
                1.01929482984,
                1.0320313108399999,
                1.00619385984,
                1.31378701484,
                1.02142071684,
                1.01216852584,
                1.00331524984,
                1.32120826284,
                0.97658265184
            ],
            "exit_codes": [
                0,
                0,
                0,
                0,
                0,
                0,
                0,
                0,
                0,
                0
            ],
            "parameters": {
                "threads": 12
            }
        },
        {
            "command": ".//target/release/lprq_mpmc 7 7 7 true",
            "mean": 0.9755046915000001,
            "stddev": 0.01486261077827543,
            "median": 0.9711318679000001,
            "user": 10.059925859999998,
            "system": 0.05458875999999999,
            "min": 0.9610684159000001,
            "max": 1.0012179949,
            "times": [
                0.9720090159000001,
                0.9747823909000001,
                0.9702547199000001,
                0.9637250129000001,
                0.9880899789,
                0.9623145959000001,
                1.0012179949,
                0.9610684159000001,
                0.9973927349000001,
                0.9641920549
            ],
            "exit_codes": [
                0,
                0,
                0,
                0,
                0,
                0,
                0,
                0,
                0,
                0
            ],
            "parameters": {
                "threads": 14
            }
        },
        {
            "command": ".//target/release/lprq_mpmc 8 8 7 true",
            "mean": 0.9503270461,
            "stddev": 0.03452031787402887,
            "median": 0.9511916906,
            "user": 11.18425722,
            "system": 0.05988691999999999,
            "min": 0.8691279191000001,
            "max": 0.9908147781000001,
            "times": [
                0.8691279191000001,
                0.9908147781000001,
                0.9705748051,
                0.9441206771,
                0.9539184921,
                0.9335921921,
                0.9382846341000001,
                0.9484648891,
                0.9682536871,
                0.9861183871
            ],