{
    "results": [
        {
            "command": ".//../c++-reference/build/bench-lprq-mpmc 1 1 8 true 0.0",
            "mean": 18.14585023568,
            "stddev": 0.017216862979637284,
            "median": 18.14011052908,
            "user": 36.2805368,
            "system": 0.003210756,
            "min": 18.13313515608,
            "max": 18.19052825808,
            "times": [
                18.14277396808,
                18.19052825808,
                18.13917563908,
                18.152654186080003,
                18.135932194080002,
                18.13313515608,
                18.14104541908,
                18.133498680080002,
                18.153057977080003,
                18.136700879080003
            ],
            "exit_codes": [
                0,
                0,
                0,
                0,
                0,
                0,
                0,
                0,
                0,
                0
            ],
            "parameters": {
                "Threads": "2"
            }
        },
        {
            "command": ".//../c++-reference/build/bench-lprq-mpmc 2 2 8 true 0.0",
            "mean": 16.51387315998,
            "stddev": 0.3160162319374102,
            "median": 16.515437536580002,
            "user": 63.917916279999986,
            "system": 0.00250968,
            "min": 15.86813603958,
            "max": 16.99303040058,
            "times": [
                16.799917515580002,
                16.99303040058,
                16.25076900258,
                16.403635031580002,
                16.74910520158,
                15.86813603958,
                16.418523038580002,
                16.62474029658,
                16.59388639958,
                16.43698867358
            ],
            "exit_codes": [
                0,
                0,
                0,
                0,
                0,
                0,
                0,
                0,
                0,
                0
            ],
            "parameters": {
                "Threads": "4"
            }
        },
        {
            "command": ".//../c++-reference/build/bench-lprq-mpmc 3 3 8 true 0.0",
            "mean": 12.4373949814,
            "stddev": 0.2808671956372533,
            "median": 12.5085951209,
            "user": 73.26935868000001,
            "system": 0.004766381999999999,
            "min": 11.9443808719,
            "max": 12.8044931629,
            "times": [
                12.684120719900001,
                12.5160488939,
                12.8044931629,
                12.5011413479,
                12.6673800479,
                11.9443808719,
                12.139188302900001,
                12.6336434649,
                12.196154033900001,
                12.287398967900002
            ],
            "exit_codes": [
                0,
                0,
                0,
                0,
                0,
                0,
                0,
                0,
                0,
                0
            ],
            "parameters": {
                "Threads": "6"
            }
        },
        {
            "command": ".//../c++-reference/build/bench-lprq-mpmc 4 4 8 true 0.0",
            "mean": 9.998282756880004,
            "stddev": 0.20148977431344176,
            "median": 9.957187087780001,
            "user": 78.98270409999999,
            "system": 0.00525249,
            "min": 9.83718075778,
            "max": 10.53621336578,
            "times": [
                9.93583080678,
                9.86929991378,
                9.941979679780001,
                10.53621336578,
                9.990266807780001,
                9.83718075778,
                9.843923254780002,
                9.972394495780001,
                10.023337237780002,
                10.032401248780001
            ],
            "exit_codes": [
                0,
                0,
                0,
                0,
                0,
                0,
                0,
                0,
                0,
                0
            ],
            "parameters": {
                "Threads": "8"
            }
        },
        {
            "command": ".//../c++-reference/build/bench-lprq-mpmc 5 5 8 true 0.0",
            "mean": 8.830926551560001,
            "stddev": 0.18582276518416413,
            "median": 8.90764862576,
            "user": 87.48637000000001,
            "system": 0.0030334760000000002,
            "min": 8.52979244626,
            "max": 9.08582577626,
            "times": [
                8.90387082326,
                8.91142642826,
                9.08582577626,
                8.69529329326,
                8.64031455926,
                8.97560902326,
                8.52979244626,
                8.646548409260001,
                8.96993021826,
                8.95065453826
            ],
            "exit_codes": [
                0,
                0,
                0,
                0,
                0,
                0,
                0,
                0,
                0,
                0
            ],
            "parameters": {
                "Threads": "10"
            }
        },
        {
            "command": ".//../c++-reference/build/bench-lprq-mpmc 6 6 8 true 0.0",
            "mean": 8.138683160760001,
            "stddev": 0.1517987442353415,
            "median": 8.13112176376,
            "user": 97.00515401999999,
            "system": 0.006058767999999999,
            "min": 7.915769839759999,
            "max": 8.41678884676,
            "times": [
                8.164053965759999,
                7.915769839759999,
                7.9792430547599995,
                8.09937929376,
                8.16556953476,
                8.13259312776,
                8.34394294676,
                8.12965039976,
                8.41678884676,
                8.03984059776
            ],
            "exit_codes": [
                0,
                0,
                0,
                0,
                0,
                0,
                0,
                0,
                0,
                0
            ],
            "parameters": {
                "Threads": "12"
            }
        },
        {
            "command": ".//../c++-reference/build/bench-lprq-mpmc 7 7 8 true 0.0",
            "mean": 8.195851788839999,
            "stddev": 0.2665691997940417,
            "median": 8.23977768244,
            "user": 114.23241049999997,
            "system": 0.00418633,
            "min": 7.72028810794,
            "max": 8.60570277394,
            "times": [
                8.145432415939998,
                8.60570277394,
                8.36695663994,
                8.34523172794,
                7.72028810794,
                8.11023381994,
                8.31728648194,
                8.363405909939999,
                7.8217111279400005,
                8.16226888294
            ],
            "exit_codes": [
                0,
                0,
                0,
                0,
                0,
                0,
                0,
                0,
                0,
                0
            ],
            "parameters": {
                "Threads": "14"
            }
        },
        {
            "command": ".//../c++-reference/build/bench-lprq-mpmc 8 8 8 true 0.0",
            "mean": 8.22593393264,
            "stddev": 0.40525451157443143,
            "median": 8.24894614814,
            "user": 130.78026156,
            "system": 0.0037442839999999996,
            "min": 7.51416996414,
            "max": 8.64660191414,