{
    "results": [
        {
            "command": ".//../c++-reference/build/bench-lprq-mpmc 24 12 8 true 0.0",
            "mean": 7.493811514479999,
            "stddev": 0.01748761044207029,
            "median": 7.49501274948,
            "user": 238.86610209999998,
            "system": 3.4777412399999994,
            "min": 7.47126628498,
            "max": 7.51863025798,
            "times": [
                7.51863025798,
                7.51701319498,
                7.5047879669799995,
                7.48627555398,
                7.50245050898,
                7.498870699979999,
                7.47126628498,
                7.49115479898,
                7.47197183698,
                7.47569404098
            ],
            "exit_codes": [
                0,
                0,
                0,
                0,
                0,
                0,
                0,
                0,
                0,
                0
            ],
            "parameters": {
                "Congestion": "0.0"
            }
        },
        {
            "command": ".//../c++-reference/build/bench-lprq-mpmc 24 12 8 true 0.25",
            "mean": 7.520862901060001,
            "stddev": 0.018575552288488877,
            "median": 7.52760836626,
            "user": 239.6451934,
            "system": 3.34198324,
            "min": 7.48563027326,
            "max": 7.54185062726,
            "times": [
                7.49488488226,
                7.52796939826,
                7.53073968726,
                7.5080164722600005,
                7.52853094826,
                7.53871331626,
                7.52504607126,
                7.48563027326,
                7.52724733426,
                7.54185062726
            ],
            "exit_codes": [
                0,
                0,
                0,
                0,
                0,
                0,
                0,
                0,
                0,
                0
            ],
            "parameters": {
                "Congestion": "0.25"
            }
        },
        {
            "command": ".//../c++-reference/build/bench-lprq-mpmc 24 12 8 true 0.5",
            "mean": 7.57035741146,
            "stddev": 0.015196030600899682,
            "median": 7.568394626360001,
            "user": 240.51325653999993,
            "system": 3.7173992600000005,
            "min": 7.55107581986,
            "max": 7.6021132508600004,
            "times": [
                7.564123949860001,
                7.57530481986,
                7.56281120486,
                7.5576624178600005,
                7.6021132508600004,
                7.58487366786,
                7.572665302860001,
                7.55107581986,
                7.575701591860001,
                7.557242088860001
            ],
            "exit_codes": [
                0,
                0,
                0,
                0,
                0,
                0,
                0,
                0,
                0,
                0
            ],
            "parameters": {
                "Congestion": "0.5"
            }
        },
        {
            "command": ".//../c++-reference/build/bench-lprq-mpmc 24 12 8 true 1.0",
            "mean": 7.73871728506,
            "stddev": 0.015359288024683946,
            "median": 7.74238134456,
            "user": 248.53450611999997,
            "system": 3.4637638599999994,
            "min": 7.708474827060001,
            "max": 7.76541108406,
            "times": [
                7.742688876060001,
                7.742201047060001,
                7.73011540506,
                7.74256164206,
                7.74818759606,
                7.708474827060001,
                7.723183077060001,
                7.76541108406,
                7.7456687650600005,
                7.738680531060001
            ],
            "exit_codes": [
                0,
                0,
                0,
                0,
                0,
                0,
                0,
                0,
                0,
                0
            ],
            "parameters": {
                "Congestion": "1.0"
            }
        }
    ]
}