{
    "results": [
        {
            "command": ".//target/release/lprq_mpmc 1 1 8 true 0.0",
            "mean": 11.1570230202,
            "stddev": 0.05137372268968955,
            "median": 11.1719227094,
            "user": 21.85455524,
            "system": 0.44744188000000007,
            "min": 11.0543828089,
            "max": 11.208217339900001,
            "times": [
                11.1872962909,
                11.138286494900001,
                11.146217741900001,
                11.0543828089,
                11.0892285169,
                11.1823473939,
                11.198133997900001,
                11.208217339900001,
                11.1614980249,
                11.2046215919
            ],
            "exit_codes": [
                0,
                0,
                0,
                0,
                0,
                0,
                0,
                0,
                0,
                0
            ],
            "parameters": {
                "Threads": "2"
            }
        },
        {
            "command": ".//target/release/lprq_mpmc 2 2 8 true 0.0",
            "mean": 12.29891670772,
            "stddev": 0.24230752039463413,
            "median": 12.29265430152,
            "user": 48.89337482,
            "system": 0.14128904,
            "min": 11.98181412052,
            "max": 12.60045744952,
            "times": [
                11.99248987052,
                12.10686197352,
                12.53835744352,
                12.22252516652,
                12.12886779852,
                12.60045744952,
                11.98181412052,
                12.362783436520001,
                12.47513670752,
                12.57987311052
            ],
            "exit_codes": [
                0,
                0,
                0,
                0,
                0,
                0,
                0,
                0,
                0,
                0
            ],
            "parameters": {
                "Threads": "4"
            }
        },
        {
            "command": ".//target/release/lprq_mpmc 3 3 8 true 0.0",
            "mean": 11.311960858820001,
            "stddev": 0.32253173434251986,
            "median": 11.43833480872,
            "user": 67.63567,
            "system": 0.019474959999999996,
            "min": 10.80455619422,
            "max": 11.79304112822,
            "times": [
                11.44993978022,
                11.454745663219999,
                10.80455619422,
                11.09916133422,
                10.89064697022,
                11.42672983722,
                11.08717661222,
                11.52914384522,
                11.79304112822,
                11.584467223219999
            ],
            "exit_codes": [
                0,
                0,
                0,
                0,
                0,
                0,
                0,
                0,
                0,
                0
            ],
            "parameters": {
                "Threads": "6"
            }
        },
        {
            "command": ".//target/release/lprq_mpmc 4 4 8 true 0.0",
            "mean": 10.410716621039999,
            "stddev": 0.5060536712970469,
            "median": 10.458529673640001,
            "user": 82.99868913999998,
            "system": 0.02545266,
            "min": 9.51179032464,
            "max": 11.15167442064,
            "times": [
                10.255378542639999,
                11.15167442064,
                10.22301132964,
                10.60231063364,
                10.65212428764,
                10.969318250639999,
                9.51179032464,
                10.31474871364,
                9.76940749564,
                10.65740221164
            ],
            "exit_codes": [
                0,
                0,
                0,
                0,
                0,
                0,
                0,
                0,
                0,
                0
            ],
            "parameters": {
                "Threads": "8"
            }
        },
        {
            "command": ".//target/release/lprq_mpmc 5 5 8 true 0.0",
            "mean": 11.270569231359998,
            "stddev": 0.25902110130640593,
            "median": 11.32168922536,
            "user": 112.12168732,
            "system": 0.051205520000000004,
            "min": 10.80688389486,
            "max": 11.61447448086,
            "times": [
                11.02229053386,
                11.28335178986,
                10.97523974786,
                10.80688389486,
                11.440769938859999,
                11.37201597986,
                11.30639171786,
                11.61447448086,
                11.33698673286,
                11.54728749686
            ],
            "exit_codes": [
                0,
                0,
                0,
                0,
                0,
                0,
                0,
                0,
                0,
                0
            ],
            "parameters": {
                "Threads": "10"
            }
        },
        {
            "command": ".//target/release/lprq_mpmc 6 6 8 true 0.0",
            "mean": 11.733730340620001,
            "stddev": 0.2967839483989694,
            "median": 11.87736229652,
            "user": 140.1503386,
            "system": 0.07468118,
            "min": 11.158597972519999,
            "max": 12.09024608352,
            "times": [
                11.89809853752,
                11.878537956519999,
                12.09024608352,
                11.582228989519999,
                11.48944845052,
                11.158597972519999,
                11.87618663652,
                11.91582212752,
                11.99847251452,
                11.44966413752
            ],
            "exit_codes": [
                0,
                0,
                0,
                0,
                0,
                0,
                0,
                0,
                0,
                0
            ],
            "parameters": {
                "Threads": "12"
            }
        },
        {
            "command": ".//target/release/lprq_mpmc 7 7 8 true 0.0",
            "mean": 11.390512649579998,
            "stddev": 0.17585265320174592,
            "median": 11.288280208779998,
            "user": 158.541087,
            "system": 0.07741806,
            "min": 11.19329098828,
            "max": 11.66389728828,
            "times": [
                11.28458954628,
                11.618014230279998,
                11.28263178328,
                11.19329098828,
                11.25935120428,
                11.532139614279998,
                11.536408267279999,
                11.66389728828,
                11.24283270228,
                11.291970871279998
            ],
            "exit_codes": [
                0,
                0,
                0,
                0,
                0,
                0,
                0,
                0,
                0,
                0
            ],
            "parameters": {
                "Threads": "14"
            }
        },
        {
            "command": ".//target/release/lprq_mpmc 8 8 8 true 0.0",
            "mean": 11.904446935139998,
            "stddev": 0.24968801817897943,
            "median": 11.901665069339998,
            "user": 189.48863825999996,
            "system": 0.08144812,
            "min": 11.43557015934,
            "max": 12.30964701734,
            "times": [
                11.90717530934,
                12.047829603339999,
                11.659643185339998,
                12.12350100734,
                12.30964701734,
                11.86932274834,
                11.74419905534,
                12.05142643634,
                11.43557015934,
                11.896154829339999
            ],