{
    "results": [
        {
            "command": ".//target/release/msq_pairwise 36 8 true 0.0",
            "mean": 56.010891593880004,
            "stddev": 1.4592175264189424,
            "median": 55.70183094597999,
            "user": 1952.10544162,
            "system": 0.04337094,
            "min": 54.334407800979996,
            "max": 58.198067232979994,
            "times": [
                57.84262172698,
                56.03510693998,
                55.368554951979995,
                54.334407800979996,
                55.06903199198,
                58.198067232979994,
                56.86592588798,
                54.688419529979996,
                57.33399113998,
                54.372788735979995
            ],
            "exit_codes": [
                0,
                0,
                0,
                0,
                0,
                0,
                0,
                0,
                0,
                0
            ],
            "parameters": {
                "Congestion": "0.0"
            }
        },
        {
            "command": ".//target/release/msq_pairwise 36 8 true 0.25",
            "mean": 56.02585359714,
            "stddev": 1.2833790579173987,
            "median": 55.890252103440005,
            "user": 1951.7414415400003,
            "system": 0.053912419999999996,
            "min": 54.467224252440005,
            "max": 57.89161158044,
            "times": [
                54.599043119440005,
                54.467224252440005,
                55.056277913440006,
                55.27845590644,
                56.84063434144,
                55.02269626244,
                56.50204830044,
                57.89161158044,
                57.64193758244,
                56.95860671244
            ],
            "exit_codes": [
                0,
                0,
                0,
                0,
                0,
                0,
                0,
                0,
                0,
                0
            ],
            "parameters": {
                "Congestion": "0.25"
            }
        },
        {
            "command": ".//target/release/msq_pairwise 36 8 true 0.5",
            "mean": 55.95423738422001,
            "stddev": 0.9714545788794625,
            "median": 55.75693629712,
            "user": 1945.5407756599998,
            "system": 0.051757239999999996,
            "min": 54.74163643762,
            "max": 57.91015923762,
            "times": [
                55.29113597862,
                54.74163643762,
                56.26522787962,
                55.203034335619996,
                55.31329470262,
                55.23095458462,
                57.91015923762,
                56.20057789162,
                56.76413113662,
                56.62222165762
            ],
            "exit_codes": [
                0,
                0,
                0,
                0,
                0,
                0,
                0,
                0,
                0,
                0
            ],
            "parameters": {
                "Congestion": "0.5"
            }
        },
        {
            "command": ".//target/release/msq_pairwise 36 8 true 1.0",
            "mean": 55.42238570144,
            "stddev": 0.7499571502520277,
            "median": 55.14355525674,
            "user": 1927.5383972999996,
            "system": 0.05319771999999999,
            "min": 54.55036908874,
            "max": 56.86197907074,
            "times": [
                56.86197907074,
                54.55036908874,
                55.02808772774,
                55.37915173774,
                56.61842927674,
                55.602417033740004,
                55.12726560474,
                54.98686867374,
                55.15984490874,
                54.909443891740004
            ],
            "exit_codes": [
                0,
                0,
                0,
                0,
                0,
                0,
                0,
                0,
                0,
                0
            ],
            "parameters": {
                "Congestion": "1.0"
            }
        }
    ]
}