{
  "results": [
    {
      "command": "${BINARY} ${THREADS} 4 ${EVEN_CORES}",
      "mean": 0.007755058619148935,
      "stddev": 0.0006914589396809745,
      "median": 0.0076798757999999995,
      "user": 0.007156411063829787,
      "system": 0.009323385815602835,
      "min": 0.0060657833000000005,
      "max": 0.0097503793,
      "times": [
        0.0095110403,
        0.0079903263,
        0.007777034299999999,
        0.006579678300000001,
        0.0070449083,
        0.0068165863,
        0.007307608300000001,
        0.0084586793,
        0.0073002763,
        0.007414966300000001,
        0.006638714300000001,
        0.0068316453,
        0.0076616633,
        0.0080435803,
        0.007785586299999999,
        0.0072669043,
        0.006794048299999999,
        0.0071784663,
        0.0077644173,
        0.0084946033,
        0.0065951663,
        0.0075683503,
        0.0079409723,
        0.0080529973,
        0.007507375300000001,
        0.0071662783,
        0.0069470383,
        0.0076248433,
        0.0077577042999999995,
        0.007374201299999999,
        0.006864903299999999,
        0.006817309299999999,
        0.006407321300000001,
        0.0077397843,
        0.007294758300000001,
        0.0074460572999999995,
        0.006839210300000001,
        0.007712112300000001,
        0.0077623082999999996,
        0.0073098473,
        0.007474286300000001,
        0.007061058300000001,
        0.0085283403,
        0.007086263299999999,
        0.007120921299999999,
        0.007255374300000001,
        0.0073252123,
        0.0074706153,
        0.0074211663,
        0.0074654423,
        0.006889680299999999,
        0.0073128433,
        0.007170733299999999,
        0.0077433343,
        0.0072567403,
        0.0078329733,
        0.0079383183,
        0.0082525403,
        0.0067107673,
        0.0085022803,
        0.0083172083,
        0.0074165423000000005,
        0.0074418633000000005,
        0.0064349053,
        0.007139104300000001,
        0.0077355683000000005,
        0.007062416300000001,
        0.007148698300000001,
        0.007057532300000001,
        0.0078426613,
        0.007356259299999999,
        0.0076165803,
        0.0083585983,
        0.0061051483,
        0.0078772353,
        0.0073994313,
        0.0069113053,
        0.0071778473,
        0.007284277299999999,
        0.0079063303,
        0.0075319033,
        0.0073604953,
        0.0076342792999999996,
        0.007509306299999999,
        0.007415206299999999,
        0.0069255533,
        0.007538585299999999,
        0.0086922693,
        0.006859927300000001,
        0.006553744300000001,
        0.0072411243,
        0.007189018300000001,
        0.0072368633,
        0.0077190023,
        0.0076875113,
        0.007763696299999999,
        0.0081994033,
        0.008632126300000001,
        0.0078830963,
        0.007680357299999999,
        0.007608609299999999,
        0.0077770663,
        0.0070000493,
        0.0073377432999999995,
        0.0070930573,
        0.0091663673,
        0.007475835300000001,
        0.0073194373,
        0.0077195393,
        0.007656200300000001,
        0.0071469653000000005,
        0.007564984300000001,
        0.0074811003,
        0.0083448903,
        0.0065206013,
        0.0084635813,
        0.007594033300000001,
        0.0068334303,
        0.0060657833000000005,
        0.007152105299999999,
        0.0079658933,
        0.007054957299999999,
        0.007546937300000001,
        0.0071396003,
        0.0079609493,
        0.0071926852999999995,
        0.007748773299999999,
        0.0083644003,
        0.006790011299999999,
        0.0079315573,
        0.0069714333,
        0.0079966443,
        0.0078961223,
        0.007536370299999999,
        0.0086313803,
        0.0078851923,
        0.007700290300000001,
        0.0073410153,
        0.0087752133,
        0.0079608143,
        0.0079851553,
        0.0085543593,
        0.0075765343,
        0.0083968933,
        0.0083085013,
        0.0088514803,
        0.0076335833,
        0.0090081763,
        0.0084360743,
        0.007546775299999999,
        0.007775462299999999,
        0.0082031583,
        0.0080413353,
        0.0085955453,
        0.0075832563000000006,
        0.007025214300000001,
        0.007540734299999999,
        0.0079021063,
        0.007581565300000001,
        0.0085954003,
        0.0095477533,
        0.007371443300000001,
        0.007392413299999999,
        0.0078034273000000005,
        0.0090131523,
        0.0071861393,
        0.0076199132999999995,
        0.0084189503,
        0.007638650300000001,
        0.0067698733,
        0.0075632862999999995,
        0.0080852223,
        0.008445944300000001,
        0.0076793943,
        0.0079020823,
        0.006966471300000001,
        0.0070900393,
        0.007807632300000001,
        0.0082594293,
        0.007030111299999999,
        0.0073852512999999995,
        0.006913439299999999,
        0.0075793973,
        0.0080870403,
        0.0083975883,
        0.0072240503,
        0.0073665373,
        0.0075448102999999996,
        0.0087746133,
        0.007413427300000001,
        0.006601459300000001,
        0.0077068133,
        0.006294209300000001,
        0.0078620393,
        0.0082823893,
        0.0080337763,
        0.0088759343,
        0.008535825300000001,
        0.0083121633,
        0.0088851813,
        0.007212246300000001,
        0.007350999299999999,
        0.0072305953,
        0.0069827373,
        0.0077300463,
        0.0069725333,
        0.0086576353,
        0.0085304163,
        0.008780862300000001,
        0.0076052193,
        0.0082981273,
        0.007591551300000001,
        0.0078518183,
        0.0084979293,
        0.007708246300000001,
        0.0075902743,
        0.0087428823,
        0.0082253443,
        0.0086549623,
        0.0094516583,
        0.0082811093,
        0.0079287863,
        0.0080724653,
        0.007791786300000001,
        0.0083944043,
        0.0091390393,
        0.0081677373,
        0.0081594193,
        0.0093350463,
        0.0083761083,
        0.0080164423,
        0.007457718299999999,
        0.0078861223,
        0.007214375299999999,
        0.0089927583,
        0.0069459703,
        0.0095312573,
        0.007553278300000001,
        0.0083484313,
        0.0088165683,
        0.0078839883,
        0.0071554363,
        0.0092347893,
        0.0069862143,
        0.0085176203,
        0.0087581183,
        0.0083386933,
        0.0076238003000000006,
        0.0082732093,
        0.0086226873,
        0.0082648753,
        0.0097503793,
        0.0080622893,
        0.0089238073,
        0.0080049093,
        0.0080253043,
        0.0080605513,
        0.0083234543,
        0.0083764453,
        0.0080651463,
        0.0085277833,
        0.0095070383,
        0.0084058933,
        0.007525794299999999,
        0.0086593033,
        0.0083747203,
        0.006882153300000001,
        0.0072538563,
        0.0082550393,
        0.0071200772999999995,
        0.007211247299999999,
        0.0071410473,
        0.0067866143,
        0.0078563833,
        0.0083705703,
        0.0073053843,
        0.007386666300000001,
        0.009249949300000001,
        0.0095288083,
        0.007151120299999999,
        0.0080818193,
        0.0084472813
      ],