{
    "results": [
        {
            "command": ".//target/release/msq_pairwise 36 8 true 0.0",
            "mean": 59.86221106910001,
            "stddev": 1.0330164402414734,
            "median": 59.519684442400006,
            "user": 1996.34143,
            "system": 0.0973183,
            "min": 58.8057414744,
            "max": 61.9385231194,
            "times": [
                59.046267314400005,
                61.9385231194,
                59.7798798874,
                60.0704862324,
                58.8057414744,
                59.2074782304,
                60.559191375400005,
                59.259488997400005,
                61.015953653400004,
                58.9391004064
            ],
            "exit_codes": [
                0,
                0,
                0,
                0,
                0,
                0,
                0,
                0,
                0,
                0
            ],
            "parameters": {
                "Congestion": "0.0"
            }
        },
        {
            "command": ".//target/release/msq_pairwise 36 8 true 0.25",
            "mean": 60.294143143160014,
            "stddev": 1.1172279376016203,
            "median": 59.88993042096,
            "user": 2010.65654468,
            "system": 0.14194662000000002,
            "min": 59.178602276460005,
            "max": 62.137525245460004,
            "times": [
                60.864653577460004,
                59.480775009460004,
                60.80537185646,
                62.137525245460004,
                59.33767611246,
                62.01113103846,
                59.34583547346,
                59.178602276460005,
                60.24626650346,
                59.53359433846
            ],
            "exit_codes": [
                0,
                0,
                0,
                0,
                0,
                0,
                0,
                0,
                0,
                0
            ],
            "parameters": {
                "Congestion": "0.25"
            }
        },
        {
            "command": ".//target/release/msq_pairwise 36 8 true 0.5",
            "mean": 60.194106435799995,
            "stddev": 1.3130751992037097,
            "median": 59.898998949299994,
            "user": 2009.59751396,
            "system": 0.09605365999999999,
            "min": 58.600042804299996,
            "max": 62.4189022493,
            "times": [
                59.897822549299995,
                59.9001753493,
                59.3376339693,
                60.8550912723,
                61.9661270693,
                60.9893418913,
                58.9809016043,
                58.600042804299996,
                62.4189022493,
                58.9950255993
            ],
            "exit_codes": [
                0,
                0,
                0,
                0,
                0,
                0,
                0,
                0,
                0,
                0
            ],
            "parameters": {
                "Congestion": "0.5"
            }
        },
        {
            "command": ".//target/release/msq_pairwise 36 8 true 1.0",
            "mean": 60.49759493276001,
            "stddev": 1.4797698977058162,
            "median": 59.77901704006,
            "user": 2018.1050482999995,
            "system": 0.11537495999999998,
            "min": 58.458075066060005,
            "max": 62.63145125306,
            "times": [
                59.42596411706,
                59.509230767060004,
                58.458075066060005,
                59.58866161606,
                59.77813849206,
                59.77989558806,
                62.43000821306,
                61.215285738060004,
                62.63145125306,
                62.15923847706
            ],
            "exit_codes": [
                0,
                0,
                0,
                0,
                0,
                0,
                0,
                0,
                0,
                0
            ],
            "parameters": {
                "Congestion": "1.0"
            }
        }
    ]
}