{
    "results": [
        {
            "command": ".//../c-reference/msqueue 36 8 true 0.0",
            "mean": 23.663504921140007,
            "stddev": 0.28443958060781555,
            "median": 23.629150387240003,
            "user": 23.65897102,
            "system": 0.00418926,
            "min": 23.45031268924,
            "max": 24.41459851324,
            "times": [
                23.45031268924,
                23.716933922240003,
                23.48955417024,
                23.638580706240003,
                23.72915739324,
                24.41459851324,
                23.643793431240002,
                23.619720068240003,
                23.47943913424,
                23.45295918324
            ],
            "exit_codes": [
                0,
                0,
                0,
                0,
                0,
                0,
                0,
                0,
                0,
                0
            ],
            "parameters": {
                "Congestion": "0.0"
            }
        },
        {
            "command": ".//../c-reference/msqueue 36 8 true 0.25",
            "mean": 22.80855439626,
            "stddev": 0.20271568976725127,
            "median": 22.836191507260004,
            "user": 22.805112960000002,
            "system": 0.0034816,
            "min": 22.54906383526,
            "max": 23.12885742926,
            "times": [
                22.587702388260002,
                23.039381533260002,
                22.857614415260002,
                22.60132220926,
                22.54906383526,
                22.974296665260002,
                22.662780974260002,
                22.86975591326,
                23.12885742926,
                22.814768599260002
            ],
            "exit_codes": [
                0,
                0,
                0,
                0,
                0,
                0,
                0,
                0,
                0,
                0
            ],
            "parameters": {
                "Congestion": "0.25"
            }
        },
        {
            "command": ".//../c-reference/msqueue 36 8 true 0.5",
            "mean": 21.804307755920004,
            "stddev": 0.3022459500434523,
            "median": 21.696897661820003,
            "user": 21.79952762,
            "system": 0.004518639999999999,
            "min": 21.55805862032,
            "max": 22.54954501232,
            "times": [
                21.690478513320002,
                21.754061969320002,
                21.63004428432,
                22.54954501232,
                21.78865499232,
                21.63647872732,
                21.627441190320003,
                21.70331681032,
                22.10499743932,
                21.55805862032
            ],
            "exit_codes": [
                0,
                0,
                0,
                0,
                0,
                0,
                0,
                0,
                0,
                0
            ],
            "parameters": {
                "Congestion": "0.5"
            }
        },
        {
            "command": ".//../c-reference/msqueue 36 8 true 1.0",
            "mean": 18.74603135758,
            "stddev": 0.27711893733121107,
            "median": 18.63253034638,
            "user": 18.741900159999997,
            "system": 0.004307824,
            "min": 18.532857809379998,
            "max": 19.46395989838,
            "times": [
                18.61742458438,
                18.57672159538,
                18.56463095538,
                18.58993845838,
                19.46395989838,
                18.81883906838,
                18.532857809379998,
                18.64763610838,
                18.84182699138,
                18.80647810638
            ],
            "exit_codes": [
                0,
                0,
                0,
                0,
                0,
                0,
                0,
                0,
                0,
                0
            ],
            "parameters": {
                "Congestion": "1.0"
            }
        }
    ]
}