{
  "results": [
    {
      "command": "${BINARY} ${THREADS} 4 ${EVEN_CORES} ${CONGESTION}",
      "mean": 0.009260618723606555,
      "stddev": 0.0009591921480537434,
      "median": 0.00917427724,
      "user": 0.008308004672131147,
      "system": 0.013980316229508188,
      "min": 0.006947654240000002,
      "max": 0.012800192240000001,
      "times": [
        0.011175182240000001,
        0.00990800724,
        0.009471550240000001,
        0.00932756424,
        0.008367353240000002,
        0.009400164240000002,
        0.009484224240000002,
        0.010793577240000001,
        0.00968049024,
        0.007699157240000001,
        0.00794187424,
        0.00965480024,
        0.008655254240000002,
        0.00860878324,
        0.007854654240000002,
        0.008742185240000002,
        0.009160357240000002,
        0.010798333240000001,
        0.008462267240000002,
        0.00844132124,
        0.009704623240000002,
        0.008429416240000001,
        0.008099559240000002,
        0.00759693124,
        0.008593510240000001,
        0.007213556240000002,
        0.007211632240000002,
        0.008211275240000001,
        0.008897893240000001,
        0.009357393240000001,
        0.008423184240000001,
        0.008910859240000001,
        0.00944737424,
        0.008747018240000001,
        0.009261942240000001,
        0.008273934240000001,
        0.008036094240000001,
        0.009463146240000001,
        0.008808169240000002,
        0.009780500240000002,
        0.009598576240000002,
        0.008889870240000002,
        0.008746361240000002,
        0.00928778824,
        0.008852484240000002,
        0.009531636240000002,
        0.00843187924,
        0.008587296240000002,
        0.009624281240000001,
        0.010748932240000002,
        0.00921500924,
        0.009317593240000002,
        0.010508842240000002,
        0.008773938240000001,
        0.008943654240000001,
        0.009302156240000001,
        0.009602294240000002,
        0.00819708524,
        0.007884853240000001,
        0.006947654240000002,
        0.00928385024,
        0.01025727524,
        0.010693023240000002,
        0.008736310240000001,
        0.00893151724,
        0.009426616240000001,
        0.008165114240000002,
        0.00812453624,
        0.00819262924,
        0.00951280024,
        0.00859540924,
        0.00765948724,
        0.008519200240000002,
        0.008427918240000002,
        0.00909522224,
        0.009837635240000002,
        0.009053573240000001,
        0.008604738240000001,
        0.008695701240000001,
        0.00894707324,
        0.008224559240000002,
        0.00885367524,
        0.00891609624,
        0.00875173524,
        0.009974603240000001,
        0.00821577224,
        0.007036825240000001,
        0.008723958240000001,
        0.008400044240000001,
        0.009257172240000002,
        0.008475496240000002,
        0.008945698240000001,
        0.00824484724,
        0.007538851240000002,
        0.008324467240000001,
        0.00829204524,
        0.008536553240000001,
        0.00896196024,
        0.008988189240000001,
        0.008758461240000001,
        0.008800076240000001,
        0.00745976624,
        0.009423797240000002,
        0.009103769240000002,
        0.00855789724,
        0.009223691240000002,
        0.00972371724,
        0.00913727924,
        0.008835739240000001,
        0.008234090240000002,
        0.00853735924,
        0.00921054624,
        0.009666557240000002,
        0.00986520924,
        0.007957297240000001,
        0.009630516240000001,
        0.009982446240000001,
        0.009749557240000001,
        0.01023082324,
        0.00837583524,
        0.007816550240000001,
        0.00898260824,
        0.007702031240000001,
        0.008040913240000001,
        0.00861212524,
        0.010072317240000002,
        0.009731299240000001,
        0.008530611240000001,
        0.00901270724,
        0.008469911240000001,
        0.00945033024,
        0.00921122224,
        0.010982758240000001,
        0.010854125240000002,
        0.010414302240000001,
        0.008049302240000002,
        0.00904147624,
        0.00865258424,
        0.00811508124,
        0.011322161240000002,
        0.009673940240000001,
        0.007826638240000001,
        0.009762799240000002,
        0.008991405240000002,
        0.008523854240000002,
        0.008787047240000002,
        0.00870782024,
        0.010297768240000001,
        0.010629130240000001,
        0.008582832240000001,
        0.008948123240000001,
        0.009182616240000002,
        0.009406229240000001,
        0.00987661924,
        0.010074347240000002,
        0.010144803240000002,
        0.009476892240000001,
        0.011312289240000002,
        0.009574474240000002,
        0.009845736240000002,
        0.00953049224,
        0.008921079240000001,
        0.008755768240000001,
        0.011010204240000002,
        0.011611462240000002,
        0.009958338240000001,
        0.010051446240000001,
        0.01019532824,
        0.008524432240000001,
        0.009668393240000002,
        0.010404104240000002,
        0.010894324240000001,
        0.009052673240000001,
        0.00914930224,
        0.010604709240000001,
        0.010552834240000001,
        0.00976384224,
        0.009781838240000002,
        0.01059260824,
        0.011775067240000001,
        0.01024745024,
        0.00984186224,
        0.009724173240000002,
        0.00886257424,
        0.00990304424,
        0.009880753240000002,
        0.009962682240000001,
        0.011225266240000002,
        0.009964971240000002,
        0.008312675240000001,
        0.009984764240000001,
        0.00994327524,
        0.010306402240000002,
        0.00898731124,
        0.009616859240000001,
        0.00894883324,
        0.008185729240000002,
        0.01020887724,
        0.009063904240000002,
        0.0072235662400000015,
        0.009499517240000002,
        0.008535275240000001,
        0.008671552240000002,
        0.008843138240000001,
        0.007152439240000001,
        0.008954533240000001,
        0.009530984240000002,
        0.010563707240000001,
        0.010972454240000002,
        0.011076771240000002,
        0.009165938240000001,
        0.01137967624,
        0.010526157240000002,
        0.009277961240000002,
        0.009019478240000002,
        0.009640878240000001,
        0.009717559240000001,
        0.00959369724,
        0.011178315240000002,
        0.009149499240000001,
        0.01020630324,
        0.01012034424,
        0.009603839240000002,
        0.008665927240000001,
        0.010054936240000001,
        0.01088651724,
        0.012800192240000001,
        0.010101948240000002,
        0.009821714240000001,
        0.00916217224,
        0.00977436924,
        0.008761858240000002,
        0.008326598240000002,
        0.009907106240000001,
        0.00913580924,
        0.00931739724,
        0.009878600240000002,
        0.010750731240000002,
        0.010335587240000001,
        0.010043785240000002,
        0.009259354240000002,
        0.008597880240000001,
        0.009118364240000001,
        0.00965318224
      ],