{
    "results": [
        {
            "command": ".//target/release/lprq_arc_mpmc 2 1 8 true 0.0",
            "mean": 20.151826538100003,
            "stddev": 0.1977895921969706,
            "median": 20.1186187092,
            "user": 58.74484957999999,
            "system": 1.1306124,
            "min": 19.9579073747,
            "max": 20.4683461117,
            "times": [
                19.9630025937,
                20.233893156700002,
                20.3948728187,
                20.281559200700002,
                20.2627920487,
                20.4683461117,
                20.0033442617,
                19.9782700437,
                19.9579073747,
                19.974277770700002
            ],
            "exit_codes": [
                0,
                0,
                0,
                0,
                0,
                0,
                0,
                0,
                0,
                0
            ],
            "parameters": {
                "Threads": "3"
            }
        },
        {
            "command": ".//target/release/lprq_arc_mpmc 4 2 8 true 0.0",
            "mean": 16.095325713,
            "stddev": 0.14357632892361516,
            "median": 16.086035637200002,
            "user": 89.39005228,
            "system": 3.22921828,
            "min": 15.8015316322,
            "max": 16.3249491812,
            "times": [
                16.034397985200002,
                16.087998812200002,
                15.8015316322,
                16.0840724622,
                16.0470832172,
                16.3249491812,
                16.1363411172,
                16.0103527322,
                16.1711716702,
                16.255358320200003
            ],
            "exit_codes": [
                0,
                0,
                0,
                0,
                0,
                0,
                0,
                0,
                0,
                0
            ],
            "parameters": {
                "Threads": "6"
            }
        },
        {
            "command": ".//target/release/lprq_arc_mpmc 6 3 8 true 0.0",
            "mean": 16.01640790774,
            "stddev": 0.3263890446033916,
            "median": 15.94324014644,
            "user": 135.7434735,
            "system": 2.9640648999999994,
            "min": 15.599986103440001,
            "max": 16.57349640444,
            "times": [
                15.62883503644,
                16.57349640444,
                15.82137148444,
                15.599986103440001,
                15.84694704644,
                15.84637304944,
                16.42589803344,
                16.19703033044,
                16.03953324644,
                16.18460834244
            ],
            "exit_codes": [
                0,
                0,
                0,
                0,
                0,
                0,
                0,
                0,
                0,
                0
            ],
            "parameters": {
                "Threads": "9"
            }
        },
        {
            "command": ".//target/release/lprq_arc_mpmc 8 4 8 true 0.0",
            "mean": 17.0309549882,
            "stddev": 0.19107438609617994,
            "median": 17.0554375297,
            "user": 193.57196036,
            "system": 2.7258958399999993,
            "min": 16.6555571837,
            "max": 17.3026604987,
            "times": [
                17.0581601757,
                17.1982916557,
                17.115895496700002,
                17.0434845747,
                17.1243676407,
                16.7732120597,
                16.6555571837,
                17.052714883700002,
                17.3026604987,
                16.9852057127
            ],
            "exit_codes": [
                0,
                0,
                0,
                0,
                0,
                0,
                0,
                0,
                0,
                0
            ],
            "parameters": {
                "Threads": "12"
            }
        },
        {
            "command": ".//target/release/lprq_arc_mpmc 10 5 8 true 0.0",
            "mean": 17.48567391642,
            "stddev": 0.3957839824874389,
            "median": 17.51823710672,
            "user": 244.98890846,
            "system": 2.7820207199999993,
            "min": 16.90854295472,
            "max": 18.14963006372,
            "times": [
                17.59626295972,
                17.01235024572,
                17.44723547872,
                17.63157450372,
                17.96292138472,
                18.14963006372,
                17.57802869272,
                16.90854295472,
                17.458445520719998,
                17.11174735972
            ],
            "exit_codes": [
                0,
                0,
                0,
                0,
                0,
                0,
                0,
                0,
                0,
                0
            ],
            "parameters": {
                "Threads": "15"
            }
        },
        {
            "command": ".//target/release/lprq_arc_mpmc 12 6 8 true 0.0",
            "mean": 17.63332023918,
            "stddev": 0.23744616466558255,
            "median": 17.63019718228,
            "user": 299.33141114,
            "system": 2.72128332,
            "min": 17.21673255328,
            "max": 18.01109401028,
            "times": [
                17.562038534280003,
                17.763618710280003,
                17.609578134280003,
                17.922870293280003,
                17.65081623028,
                17.21673255328,
                17.346870394280003,
                17.657965704280002,
                17.59161782728,
                18.01109401028
            ],
            "exit_codes": [
                0,
                0,
                0,
                0,
                0,
                0,
                0,
                0,
                0,
                0
            ],
            "parameters": {
                "Threads": "18"
            }
        },
        {
            "command": ".//target/release/lprq_arc_mpmc 14 7 8 true 0.0",
            "mean": 18.01383516654,
            "stddev": 0.1505157419988535,
            "median": 17.97771517474,
            "user": 338.29083103999994,
            "system": 2.86313602,
            "min": 17.84446422274,
            "max": 18.31188672374,
            "times": [
                17.92768537274,
                18.00613042174,
                18.07482326774,
                17.96167189274,
                18.22473889974,
                18.31188672374,
                17.90286264274,
                17.84446422274,
                17.99375845674,
                17.89032976474
            ],
            "exit_codes": [
                0,
                0,
                0,
                0,
                0,
                0,
                0,
                0,
                0,
                0
            ],
            "parameters": {
                "Threads": "21"
            }
        },
        {
            "command": ".//target/release/lprq_arc_mpmc 16 8 8 true 0.0",
            "mean": 28.283395579399997,
            "stddev": 4.407080503797032,
            "median": 26.6449072723,
            "user": 529.1161168000001,
            "system": 3.05197716,
            "min": 24.2254664803,
            "max": 36.9645698953,
            "times": [
                27.0825988113,
                24.2605833933,
                31.4413583333,
                36.9645698953,
                32.2862967533,
                26.2072157333,
                24.2254664803,
                24.625390521299998,
                31.135038961299998,
                24.6054369113
            ],