{
    "results": [
        {
            "command": ".//target/release/lprq_arc_mpmc 24 12 8 true 0.0",
            "mean": 18.357454393220003,
            "stddev": 0.08942983361515078,
            "median": 18.33326712682,
            "user": 588.8005403,
            "system": 3.6893195,
            "min": 18.24920247232,
            "max": 18.50660436432,
            "times": [
                18.50660436432,
                18.472077989320002,
                18.33034194432,
                18.33619230932,
                18.272227790320002,
                18.24920247232,
                18.42451761532,
                18.40646220132,
                18.29014483232,
                18.28677241332
            ],
            "exit_codes": [
                0,
                0,
                0,
                0,
                0,
                0,
                0,
                0,
                0,
                0
            ],
            "parameters": {
                "Congestion": "0.0"
            }
        },
        {
            "command": ".//target/release/lprq_arc_mpmc 24 12 8 true 0.25",
            "mean": 18.45986359784,
            "stddev": 0.08300192156183524,
            "median": 18.42042063454,
            "user": 590.35089988,
            "system": 3.58642574,
            "min": 18.37695621104,
            "max": 18.60037483504,
            "times": [
                18.60037483504,
                18.41413769304,
                18.426703576039998,
                18.37695621104,
                18.386302655039998,
                18.399557301039998,
                18.525000244039997,
                18.57217085904,
                18.39374315804,
                18.50368944604
            ],
            "exit_codes": [
                0,
                0,
                0,
                0,
                0,
                0,
                0,
                0,
                0,
                0
            ],
            "parameters": {
                "Congestion": "0.25"
            }
        },
        {
            "command": ".//target/release/lprq_arc_mpmc 24 12 8 true 0.5",
            "mean": 18.67603169198,
            "stddev": 0.09846883602640437,
            "median": 18.67815462878,
            "user": 594.8498243,
            "system": 3.5274420999999996,
            "min": 18.55133585428,
            "max": 18.88773598728,
            "times": [
                18.55918286028,
                18.64772846828,
                18.67172487928,
                18.55133585428,
                18.68458437828,
                18.75751143228,
                18.60734903628,
                18.70524050028,
                18.88773598728,
                18.68792352328
            ],
            "exit_codes": [
                0,
                0,
                0,
                0,
                0,
                0,
                0,
                0,
                0,
                0
            ],
            "parameters": {
                "Congestion": "0.5"
            }
        },
        {
            "command": ".//target/release/lprq_arc_mpmc 24 12 8 true 1.0",
            "mean": 19.3151939221,
            "stddev": 0.05624545467821758,
            "median": 19.2961851723,
            "user": 611.92067004,
            "system": 3.26536014,
            "min": 19.2747429468,
            "max": 19.4668341928,
            "times": [
                19.2864448978,
                19.2747429468,
                19.3273881638,
                19.3259919228,
                19.3087498198,
                19.4668341928,
                19.2778953668,
                19.2921016428,
                19.3002687018,
                19.2915215658
            ],
            "exit_codes": [
                0,
                0,
                0,
                0,
                0,
                0,
                0,
                0,
                0,
                0
            ],
            "parameters": {
                "Congestion": "1.0"
            }
        }
    ]
}