{
    "results": [
        {
            "command": ".//target/release/lprq_arc_mpmc 18 18 8 true 0.0",
            "mean": 25.790498474280003,
            "stddev": 1.6479949159396499,
            "median": 25.25430406218,
            "user": 894.2114662799999,
            "system": 0.2696060599999999,
            "min": 24.09021247868,
            "max": 28.774634950680003,
            "times": [
                24.21446685568,
                24.52827956268,
                24.55087744668,
                28.774634950680003,
                25.885676149680002,
                24.62293197468,
                26.878056067680003,
                27.735418894680002,
                24.09021247868,
                26.62443036168
            ],
            "exit_codes": [
                0,
                0,
                0,
                0,
                0,
                0,
                0,
                0,
                0,
                0
            ],
            "parameters": {
                "Congestion": "0.0"
            }
        },
        {
            "command": ".//target/release/lprq_arc_mpmc 18 18 8 true 0.25",
            "mean": 27.85447324936,
            "stddev": 2.023430058358329,
            "median": 28.52007624136,
            "user": 962.5052024199998,
            "system": 0.27427272,
            "min": 24.05801277036,
            "max": 30.08629174436,
            "times": [
                28.505302285360003,
                30.08629174436,
                24.971529500360003,
                26.503628654360003,
                29.066949871360002,
                24.05801277036,
                29.765694424360003,
                28.07553589536,
                28.53485019736,
                28.97693715036
            ],
            "exit_codes": [
                0,
                0,
                0,
                0,
                0,
                0,
                0,
                0,
                0,
                0
            ],
            "parameters": {
                "Congestion": "0.25"
            }
        },
        {
            "command": ".//target/release/lprq_arc_mpmc 18 18 8 true 0.5",
            "mean": 28.29696359506,
            "stddev": 2.3735743945080836,
            "median": 28.896904953960004,
            "user": 977.58081958,
            "system": 0.28240226,
            "min": 24.45464546746,
            "max": 31.166783146460002,
            "times": [
                29.71971730346,
                30.328915246460003,
                29.471977229460002,
                24.45464546746,
                28.050955200460002,
                28.32183267846,
                31.166783146460002,
                30.41356250546,
                25.84808037746,
                25.19316679546
            ],
            "exit_codes": [
                0,
                0,
                0,
                0,
                0,
                0,
                0,
                0,
                0,
                0
            ],
            "parameters": {
                "Congestion": "0.5"
            }
        },
        {
            "command": ".//target/release/lprq_arc_mpmc 18 18 8 true 1.0",
            "mean": 27.79481275334,
            "stddev": 2.0963496122150307,
            "median": 27.09262069064,
            "user": 965.4132770599999,
            "system": 0.28985108,
            "min": 25.70320575814,
            "max": 31.99836076514,
            "times": [
                27.08097899214,
                26.15898896714,
                25.70320575814,
                28.40639114814,
                30.22532612514,
                29.05326109614,
                25.72531422514,
                26.49203806714,
                27.10426238914,
                31.99836076514
            ],
            "exit_codes": [
                0,
                0,
                0,
                0,
                0,
                0,
                0,
                0,
                0,
                0
            ],
            "parameters": {
                "Congestion": "1.0"
            }
        }
    ]
}