{
    "results": [
        {
            "command": ".//../c++-reference/build/bench-lprq-mpmc 24 12 8 true 0.0",
            "mean": 8.1789227796,
            "stddev": 0.016850624947986066,
            "median": 8.174617001200001,
            "user": 255.03605972,
            "system": 0.68670142,
            "min": 8.1569249252,
            "max": 8.2070896292,
            "times": [
                8.1764178552,
                8.1569249252,
                8.1728161472,
                8.1868690872,
                8.1712397042,
                8.1881615542,
                8.165160546200001,
                8.1620843462,
                8.202464001200001,
                8.2070896292
            ],
            "exit_codes": [
                0,
                0,
                0,
                0,
                0,
                0,
                0,
                0,
                0,
                0
            ],
            "parameters": {
                "Congestion": "0.0"
            }
        },
        {
            "command": ".//../c++-reference/build/bench-lprq-mpmc 24 12 8 true 0.25",
            "mean": 8.161696619099999,
            "stddev": 0.016756900112025037,
            "median": 8.1618560985,
            "user": 254.01428019999997,
            "system": 0.6733124799999999,
            "min": 8.129718613,
            "max": 8.181405259,
            "times": [
                8.156876099,
                8.179307864,
                8.157384807,
                8.166829517,
                8.160788474,
                8.181405259,
                8.162923723,
                8.129718613,
                8.180024174,
                8.141707661
            ],
            "exit_codes": [
                0,
                0,
                0,
                0,
                0,
                0,
                0,
                0,
                0,
                0
            ],
            "parameters": {
                "Congestion": "0.25"
            }
        },
        {
            "command": ".//../c++-reference/build/bench-lprq-mpmc 24 12 8 true 0.5",
            "mean": 8.151623899399999,
            "stddev": 0.016610679226022537,
            "median": 8.1515256921,
            "user": 254.68457473999996,
            "system": 0.6458747199999999,
            "min": 8.1221365791,
            "max": 8.175606668099999,
            "times": [
                8.1570294041,
                8.175606668099999,
                8.1327895631,
                8.144263948099999,
                8.1469028491,
                8.1221365791,
                8.1561485351,
                8.1457654351,
                8.1680722641,
                8.167523748099999
            ],
            "exit_codes": [
                0,
                0,
                0,
                0,
                0,
                0,
                0,
                0,
                0,
                0
            ],
            "parameters": {
                "Congestion": "0.5"
            }
        },
        {
            "command": ".//../c++-reference/build/bench-lprq-mpmc 24 12 8 true 1.0",
            "mean": 8.24954274534,
            "stddev": 0.012754232023182464,
            "median": 8.254489966040001,
            "user": 258.34592458,
            "system": 0.7228277,
            "min": 8.23050132254,
            "max": 8.26782953154,
            "times": [
                8.25622339554,
                8.26043613654,
                8.25560104054,
                8.24291495354,
                8.26782953154,
                8.25337889154,
                8.25826093154,
                8.23050132254,
                8.23810364954,
                8.23217760054
            ],
            "exit_codes": [
                0,
                0,
                0,
                0,
                0,
                0,
                0,
                0,
                0,
                0
            ],
            "parameters": {
                "Congestion": "1.0"
            }
        }
    ]
}