{
    "results": [
        {
            "command": ".//../c++-reference/build/bench-lprq-mpmc 18 18 8 true 0.0",
            "mean": 8.05637100858,
            "stddev": 0.3252722573475591,
            "median": 8.05878089868,
            "user": 286.61636236,
            "system": 0.05138946,
            "min": 7.37029929518,
            "max": 8.424927742180001,
            "times": [
                8.16349617018,
                8.38598137518,
                7.865846460179999,
                7.88457240418,
                7.954065627179999,
                8.31822367018,
                8.424927742180001,
                7.37029929518,
                7.90163811218,
                8.29465922918
            ],
            "exit_codes": [
                0,
                0,
                0,
                0,
                0,
                0,
                0,
                0,
                0,
                0
            ],
            "parameters": {
                "Congestion": "0.0"
            }
        },
        {
            "command": ".//../c++-reference/build/bench-lprq-mpmc 18 18 8 true 0.25",
            "mean": 8.06705235398,
            "stddev": 0.21893823115113642,
            "median": 8.131281494580001,
            "user": 287.25216345999996,
            "system": 0.05880548,
            "min": 7.67254662808,
            "max": 8.359931705080001,
            "times": [
                8.12896815408,
                8.13359483508,
                8.359931705080001,
                7.8428918230799995,
                8.14505138308,
                8.30882512508,
                7.89680683808,
                8.22663524508,
                7.67254662808,
                7.95527180308
            ],
            "exit_codes": [
                0,
                0,
                0,
                0,
                0,
                0,
                0,
                0,
                0,
                0
            ],
            "parameters": {
                "Congestion": "0.25"
            }
        },
        {
            "command": ".//../c++-reference/build/bench-lprq-mpmc 18 18 8 true 0.5",
            "mean": 8.077541117120001,
            "stddev": 0.21401648997698158,
            "median": 8.07689041942,
            "user": 287.63109769999994,
            "system": 0.0532544,
            "min": 7.7949685544200005,
            "max": 8.45134747242,
            "times": [
                8.08054795242,
                7.89213922142,
                7.7949685544200005,
                8.15898293942,
                8.45134747242,
                8.32330212042,
                7.914636066420001,
                8.219634273419999,
                8.07323288642,
                7.866619684420001
            ],
            "exit_codes": [
                0,
                0,
                0,
                0,
                0,
                0,
                0,
                0,
                0,
                0
            ],
            "parameters": {
                "Congestion": "0.5"
            }
        },
        {
            "command": ".//../c++-reference/build/bench-lprq-mpmc 18 18 8 true 1.0",
            "mean": 8.2286901747,
            "stddev": 0.23884839300453453,
            "median": 8.228240399,
            "user": 293.10035489999996,
            "system": 0.05015056,
            "min": 7.848820115,
            "max": 8.493017306,
            "times": [
                8.149801265999999,
                8.461286685,
                8.420349133,
                7.937634783,
                8.493017306,
                8.306679532,
                8.049978186999999,
                8.127512246,
                8.491822493999999,
                7.848820115
            ],
            "exit_codes": [
                0,
                0,
                0,
                0,
                0,
                0,
                0,
                0,
                0,
                0
            ],
            "parameters": {
                "Congestion": "1.0"
            }
        }
    ]
}