{
    "results": [
        {
            "command": ".//target/release/lprq_mpmc 2 1 8 true 0.0",
            "mean": 9.95471043654,
            "stddev": 0.41975486911571025,
            "median": 10.06216909834,
            "user": 29.761213339999994,
            "system": 0.011938139999999996,
            "min": 9.29343349484,
            "max": 10.634168731839999,
            "times": [
                10.06829160984,
                10.42498201684,
                9.29343349484,
                10.634168731839999,
                9.42139100884,
                10.08719943584,
                10.10193701084,
                10.056046586839999,
                9.82381660984,
                9.63583785984
            ],
            "exit_codes": [
                0,
                0,
                0,
                0,
                0,
                0,
                0,
                0,
                0,
                0
            ],
            "parameters": {
                "Threads": "3"
            }
        },
        {
            "command": ".//target/release/lprq_mpmc 4 2 8 true 0.0",
            "mean": 8.692981891959999,
            "stddev": 0.20691681964858502,
            "median": 8.637405789759999,
            "user": 50.71495246,
            "system": 0.1396965,
            "min": 8.50693836576,
            "max": 9.13958389576,
            "times": [
                8.52546832176,
                8.679281245759999,
                8.83526156976,
                8.51798281076,
                8.50693836576,
                8.67493901976,
                9.13958389576,
                8.899991262759999,
                8.59987255976,
                8.55049986776
            ],
            "exit_codes": [
                0,
                0,
                0,
                0,
                0,
                0,
                0,
                0,
                0,
                0
            ],
            "parameters": {
                "Threads": "6"
            }
        },
        {
            "command": ".//target/release/lprq_mpmc 6 3 8 true 0.0",
            "mean": 6.741967392960001,
            "stddev": 0.10656894849551682,
            "median": 6.71600660086,
            "user": 59.07920443999999,
            "system": 0.16659965999999998,
            "min": 6.585770736860001,
            "max": 6.904862871860001,
            "times": [
                6.64930990886,
                6.78874134586,
                6.67944343786,
                6.66211857386,
                6.71688208586,
                6.71513111586,
                6.8302802838600005,
                6.904862871860001,
                6.88713356886,
                6.585770736860001
            ],
            "exit_codes": [
                0,
                0,
                0,
                0,
                0,
                0,
                0,
                0,
                0,
                0
            ],
            "parameters": {
                "Threads": "9"
            }
        },
        {
            "command": ".//target/release/lprq_mpmc 8 4 8 true 0.0",
            "mean": 7.00415031016,
            "stddev": 0.23926741819650804,
            "median": 6.95497644496,
            "user": 80.97942988000001,
            "system": 0.06466208000000001,
            "min": 6.61315485396,
            "max": 7.37900023196,
            "times": [
                7.00735769296,
                6.61315485396,
                6.80147238596,
                6.88414072896,
                7.33789800096,
                7.03881999796,
                6.90259519696,
                6.895193094960001,
                7.18187091696,
                7.37900023196
            ],
            "exit_codes": [
                0,
                0,
                0,
                0,
                0,
                0,
                0,
                0,
                0,
                0
            ],
            "parameters": {
                "Threads": "12"
            }
        },
        {
            "command": ".//target/release/lprq_mpmc 10 5 8 true 0.0",
            "mean": 7.275927585940001,
            "stddev": 0.2633939719351469,
            "median": 7.24882826504,
            "user": 106.12926279999999,
            "system": 0.07947892,
            "min": 6.9936251060400005,
            "max": 7.61585996404,
            "times": [
                7.26962820904,
                7.60634617504,
                6.99372024404,
                7.22802832104,
                7.03331781904,
                7.61585996404,
                7.02259255804,
                7.40794854704,
                7.58820891604,
                6.9936251060400005
            ],
            "exit_codes": [
                0,
                0,
                0,
                0,
                0,
                0,
                0,
                0,
                0,
                0
            ],
            "parameters": {
                "Threads": "15"
            }
        },
        {
            "command": ".//target/release/lprq_mpmc 12 6 8 true 0.0",
            "mean": 7.819346256059999,
            "stddev": 0.26884151625876074,
            "median": 7.887665503859999,
            "user": 136.11401411999998,
            "system": 0.10496953999999999,
            "min": 7.3860308333599995,
            "max": 8.107544112360001,
            "times": [
                7.672729447359999,
                8.08885885436,
                8.07995109136,
                8.107544112360001,
                7.98974444636,
                7.3860308333599995,
                7.423333018359999,
                7.66993974936,
                7.8808168813599995,
                7.89451412636
            ],
            "exit_codes": [
                0,
                0,
                0,
                0,
                0,
                0,
                0,
                0,
                0,
                0
            ],
            "parameters": {
                "Threads": "18"
            }
        },
        {
            "command": ".//target/release/lprq_mpmc 14 7 8 true 0.0",
            "mean": 7.85670475404,
            "stddev": 0.1330855964763819,
            "median": 7.85088903684,
            "user": 148.9766839,
            "system": 0.14688173999999998,
            "min": 7.63579757884,
            "max": 8.07620721184,
            "times": [
                7.63579757884,
                7.93692862384,
                8.02141021884,
                7.72100016884,
                8.07620721184,
                7.86302648984,
                7.88887554684,
                7.83875158384,
                7.81264810384,
                7.77240201384
            ],
            "exit_codes": [
                0,
                0,
                0,
                0,
                0,
                0,
                0,
                0,
                0,
                0
            ],
            "parameters": {
                "Threads": "21"
            }
        },
        {
            "command": ".//target/release/lprq_mpmc 16 8 8 true 0.0",
            "mean": 11.48082807866,
            "stddev": 1.1568824910879798,
            "median": 11.45065296156,
            "user": 223.20800936,
            "system": 0.26777818,
            "min": 10.09238125456,
            "max": 13.80289091056,
            "times": [
                10.38545468056,
                12.24554274756,
                11.65305335056,
                10.09238125456,
                11.66857616856,
                10.38154336356,
                10.78622562456,
                12.54436011356,
                13.80289091056,
                11.24825257256
            ],