{
    "results": [
        {
            "command": ".//../c++-reference/build/bench-lprq-mpmc 1 1 8 true 0.0",
            "mean": 16.8429057558,
            "stddev": 0.09584002685445077,
            "median": 16.8121364837,
            "user": 33.67352355999999,
            "system": 0.0044964340000000005,
            "min": 16.735455866200002,
            "max": 16.9764139502,
            "times": [
                16.9764139502,
                16.735455866200002,
                16.7700409392,
                16.7501170122,
                16.8505108192,
                16.878902668200002,
                16.9595813952,
                16.963201314200003,
                16.773762148200003,
                16.7710714452
            ],
            "exit_codes": [
                0,
                0,
                0,
                0,
                0,
                0,
                0,
                0,
                0,
                0
            ],
            "parameters": {
                "Threads": "2"
            }
        },
        {
            "command": ".//../c++-reference/build/bench-lprq-mpmc 2 2 8 true 0.0",
            "mean": 15.561317349640001,
            "stddev": 0.5476182827269523,
            "median": 15.294709542940002,
            "user": 60.329212840000004,
            "system": 0.0058823799999999996,
            "min": 14.99127255794,
            "max": 16.44350701394,
            "times": [
                15.14131208294,
                16.34034990294,
                15.283674553940001,
                15.29429560194,
                15.61818414394,
                15.295123483940001,
                14.99127255794,
                16.44350701394,
                15.061174878940001,
                16.14427927594
            ],
            "exit_codes": [
                0,
                0,
                0,
                0,
                0,
                0,
                0,
                0,
                0,
                0
            ],
            "parameters": {
                "Threads": "4"
            }
        },
        {
            "command": ".//../c++-reference/build/bench-lprq-mpmc 3 3 8 true 0.0",
            "mean": 12.0665898147,
            "stddev": 0.5325874574068857,
            "median": 12.1829717907,
            "user": 71.10901386,
            "system": 0.0095024,
            "min": 11.3817494022,
            "max": 12.9328389762,
            "times": [
                12.3368255852,
                12.2649679222,
                12.6622351182,
                12.2630616582,
                11.4237385732,
                11.469910562199999,
                11.8276884262,
                12.1028819232,
                12.9328389762,
                11.3817494022
            ],
            "exit_codes": [
                0,
                0,
                0,
                0,
                0,
                0,
                0,
                0,
                0,
                0
            ],
            "parameters": {
                "Threads": "6"
            }
        },
        {
            "command": ".//../c++-reference/build/bench-lprq-mpmc 4 4 8 true 0.0",
            "mean": 9.824125538539999,
            "stddev": 0.28620749676071533,
            "median": 9.81470781504,
            "user": 77.72071106000001,
            "system": 0.012211439999999999,
            "min": 9.40897851704,
            "max": 10.285574547040001,
            "times": [
                9.45355688704,
                9.794889511040001,
                10.285574547040001,
                9.40897851704,
                9.668740726040001,
                9.798398090040001,
                9.861948079040001,
                9.88537914504,
                10.25277234304,
                9.83101754004
            ],
            "exit_codes": [
                0,
                0,
                0,
                0,
                0,
                0,
                0,
                0,
                0,
                0
            ],
            "parameters": {
                "Threads": "8"
            }
        },
        {
            "command": ".//../c++-reference/build/bench-lprq-mpmc 5 5 8 true 0.0",
            "mean": 8.637449176099999,
            "stddev": 0.24642597871784547,
            "median": 8.602778993199998,
            "user": 85.75021111999999,
            "system": 0.01373444,
            "min": 8.361704722699999,
            "max": 9.2451015107,
            "times": [
                8.7093915497,
                8.7022002397,
                8.361704722699999,
                8.4721787557,
                8.4009103607,
                8.5842739197,
                9.2451015107,
                8.6931727157,
                8.614724938699998,
                8.590833047699999
            ],
            "exit_codes": [
                0,
                0,
                0,
                0,
                0,
                0,
                0,
                0,
                0,
                0
            ],
            "parameters": {
                "Threads": "10"
            }
        },
        {
            "command": ".//../c++-reference/build/bench-lprq-mpmc 6 6 8 true 0.0",
            "mean": 8.521007133420003,
            "stddev": 0.21926812789254643,
            "median": 8.52571457802,
            "user": 101.56201868,
            "system": 0.0187125,
            "min": 8.19482692152,
            "max": 8.824636121520001,
            "times": [
                8.52879126452,
                8.38351845452,
                8.657089499520001,
                8.619907081520001,
                8.445407640520001,
                8.81754589452,
                8.21571056452,
                8.824636121520001,
                8.19482692152,
                8.52263789152
            ],
            "exit_codes": [
                0,
                0,
                0,
                0,
                0,
                0,
                0,
                0,
                0,
                0
            ],
            "parameters": {
                "Threads": "12"
            }
        },
        {
            "command": ".//../c++-reference/build/bench-lprq-mpmc 7 7 8 true 0.0",
            "mean": 8.706917693400001,
            "stddev": 0.2840802966199319,
            "median": 8.761868629999999,
            "user": 120.85251607999999,
            "system": 0.020879760000000004,
            "min": 7.985876409,
            "max": 8.985525772999999,
            "times": [
                8.73834271,
                8.849979584,
                8.91423313,
                8.70784864,
                8.871554967,
                8.530734822,
                8.699686348999998,
                7.985876409,
                8.78539455,
                8.985525772999999
            ],
            "exit_codes": [
                0,
                0,
                0,
                0,
                0,
                0,
                0,
                0,
                0,
                0
            ],
            "parameters": {
                "Threads": "14"
            }
        },
        {
            "command": ".//../c++-reference/build/bench-lprq-mpmc 8 8 8 true 0.0",
            "mean": 8.85153295324,
            "stddev": 0.11222373733622333,
            "median": 8.87286028614,
            "user": 139.80055434000002,
            "system": 0.024333259999999995,
            "min": 8.60456978914,
            "max": 8.979582322139999,
            "times": [
                8.86794294714,
                8.801649248139999,
                8.979582322139999,
                8.78172218914,
                8.60456978914,
                8.87777762514,
                8.88670405814,
                8.94605388314,
                8.797275086139999,
                8.97205238414
            ],