{
    "results": [
        {
            "command": ".//target/release/lprq_mpmc 24 12 8 true 0.0",
            "mean": 8.237528043340003,
            "stddev": 0.09226726661880531,
            "median": 8.254520943740001,
            "user": 267.82020112000004,
            "system": 0.46977795999999994,
            "min": 8.07759766474,
            "max": 8.371023046740001,
            "times": [
                8.371023046740001,
                8.195440260740002,
                8.26493005474,
                8.29108714674,
                8.137039387740002,
                8.244111832740002,
                8.33507275774,
                8.29290928674,
                8.166068994740002,
                8.07759766474
            ],
            "exit_codes": [
                0,
                0,
                0,
                0,
                0,
                0,
                0,
                0,
                0,
                0
            ],
            "parameters": {
                "Congestion": "0.0"
            }
        },
        {
            "command": ".//target/release/lprq_mpmc 24 12 8 true 0.25",
            "mean": 8.2016756051,
            "stddev": 0.10009875418738082,
            "median": 8.221626107199999,
            "user": 266.47637238,
            "system": 0.48399290000000006,
            "min": 8.0273196607,
            "max": 8.3874136347,
            "times": [
                8.231477311699999,
                8.2117749027,
                8.2482151277,
                8.1829186817,
                8.259999390699999,
                8.2425671497,
                8.0924664107,
                8.1326037807,
                8.0273196607,
                8.3874136347
            ],
            "exit_codes": [
                0,
                0,
                0,
                0,
                0,
                0,
                0,
                0,
                0,
                0
            ],
            "parameters": {
                "Congestion": "0.25"
            }
        },
        {
            "command": ".//target/release/lprq_mpmc 24 12 8 true 0.5",
            "mean": 8.133072435479999,
            "stddev": 0.06410492014330799,
            "median": 8.14206718818,
            "user": 264.48938376,
            "system": 0.50425094,
            "min": 8.045464213679999,
            "max": 8.238382593679999,
            "times": [
                8.15564523768,
                8.18611018668,
                8.080193916679999,
                8.08812020468,
                8.238382593679999,
                8.130535715679999,
                8.045464213679999,
                8.05719325268,
                8.15359866068,
                8.19548037268
            ],
            "exit_codes": [
                0,
                0,
                0,
                0,
                0,
                0,
                0,
                0,
                0,
                0
            ],
            "parameters": {
                "Congestion": "0.5"
            }
        },
        {
            "command": ".//target/release/lprq_mpmc 24 12 8 true 1.0",
            "mean": 8.18498040682,
            "stddev": 0.06803051923044164,
            "median": 8.16438141342,
            "user": 265.00751706000005,
            "system": 0.5038933200000001,
            "min": 8.11059186842,
            "max": 8.26852260342,
            "times": [
                8.26852260342,
                8.17105214242,
                8.12012453042,
                8.26654771942,
                8.15771068442,
                8.12468748842,
                8.25321515442,
                8.12150178242,
                8.25585009442,
                8.11059186842
            ],
            "exit_codes": [
                0,
                0,
                0,
                0,
                0,
                0,
                0,
                0,
                0,
                0
            ],
            "parameters": {
                "Congestion": "1.0"
            }
        }
    ]
}