{
    "results": [
        {
            "command": ".//target/release/lprq_mpmc 1 1 8 true 0.0",
            "mean": 17.6717458013,
            "stddev": 3.1789401830518047,
            "median": 17.5253072764,
            "user": 35.124427000000004,
            "system": 0.20988738,
            "min": 13.7191959049,
            "max": 23.4306029239,
            "times": [
                20.605806930900002,
                18.274247097900002,
                23.4306029239,
                16.6171279719,
                14.3151884549,
                20.4794941829,
                13.7191959049,
                16.8152768879,
                14.2251799929,
                18.2353376649
            ],
            "exit_codes": [
                0,
                0,
                0,
                0,
                0,
                0,
                0,
                0,
                0,
                0
            ],
            "parameters": {
                "Threads": "2"
            }
        },
        {
            "command": ".//target/release/lprq_mpmc 2 2 8 true 0.0",
            "mean": 13.270899520359999,
            "stddev": 0.77555550059884,
            "median": 13.120694045459999,
            "user": 52.710375739999996,
            "system": 0.14569610000000002,
            "min": 12.025314799959999,
            "max": 14.418710877959999,
            "times": [
                12.85254055496,
                12.717410597959999,
                13.38568775396,
                12.025314799959999,
                14.33799951396,
                14.418710877959999,
                12.85570033696,
                12.68624566296,
                13.75378763296,
                13.67559747196
            ],
            "exit_codes": [
                0,
                0,
                0,
                0,
                0,
                0,
                0,
                0,
                0,
                0
            ],
            "parameters": {
                "Threads": "4"
            }
        },
        {
            "command": ".//target/release/lprq_mpmc 3 3 8 true 0.0",
            "mean": 10.710700343280001,
            "stddev": 0.2872173672814875,
            "median": 10.701247427679998,
            "user": 63.80333304,
            "system": 0.046489159999999995,
            "min": 10.18506648068,
            "max": 11.08084348868,
            "times": [
                11.02666480768,
                10.41055984268,
                10.76173532268,
                10.18506648068,
                11.08084348868,
                10.87968348568,
                10.600567954679999,
                10.640759532679999,
                10.553104488679999,
                10.96801802868
            ],
            "exit_codes": [
                0,
                0,
                0,
                0,
                0,
                0,
                0,
                0,
                0,
                0
            ],
            "parameters": {
                "Threads": "6"
            }
        },
        {
            "command": ".//target/release/lprq_mpmc 4 4 8 true 0.0",
            "mean": 12.348773621900003,
            "stddev": 0.6258895909682843,
            "median": 12.2601593083,
            "user": 98.46172304,
            "system": 0.02542734,
            "min": 11.6408919503,
            "max": 13.598491859300001,
            "times": [
                12.5362088663,
                11.689313725300002,
                12.051797567300001,
                11.6408919503,
                12.7884527443,
                13.598491859300001,
                12.2131958363,
                12.3071227803,
                12.9187005943,
                11.7435602953
            ],
            "exit_codes": [
                0,
                0,
                0,
                0,
                0,
                0,
                0,
                0,
                0,
                0
            ],
            "parameters": {
                "Threads": "8"
            }
        },
        {
            "command": ".//target/release/lprq_mpmc 5 5 8 true 0.0",
            "mean": 14.928874806100001,
            "stddev": 0.6065873990497842,
            "median": 14.9420269256,
            "user": 148.87963587999997,
            "system": 0.03904963999999999,
            "min": 14.0338643276,
            "max": 15.865836553600001,
            "times": [
                15.499591886600001,
                14.755150397600001,
                14.912989597600001,
                15.1175213456,
                14.535353478600001,
                14.0338643276,
                14.0740091356,
                15.5233670846,
                15.865836553600001,
                14.9710642536
            ],
            "exit_codes": [
                0,
                0,
                0,
                0,
                0,
                0,
                0,
                0,
                0,
                0
            ],
            "parameters": {
                "Threads": "10"
            }
        },
        {
            "command": ".//target/release/lprq_mpmc 6 6 8 true 0.0",
            "mean": 16.028606454480002,
            "stddev": 0.4710777621510128,
            "median": 15.90868966168,
            "user": 191.86086476,
            "system": 0.057185980000000004,
            "min": 15.42058585418,
            "max": 16.85219412218,
            "times": [
                16.85219412218,
                15.91435852918,
                16.55517566318,
                16.56884107918,
                15.72270332918,
                15.87709767318,
                15.90399158218,
                15.91338774118,
                15.55772897118,
                15.42058585418
            ],
            "exit_codes": [
                0,
                0,
                0,
                0,
                0,
                0,
                0,
                0,
                0,
                0
            ],
            "parameters": {
                "Threads": "12"
            }
        },
        {
            "command": ".//target/release/lprq_mpmc 7 7 8 true 0.0",
            "mean": 15.304169326799999,
            "stddev": 0.18622715157894779,
            "median": 15.318198814199999,
            "user": 213.71670574000004,
            "system": 0.059799820000000004,
            "min": 14.9785238472,
            "max": 15.6293392112,
            "times": [
                15.6293392112,
                15.3261059122,
                14.9785238472,
                15.1244282482,
                15.4078707322,
                15.387479793199999,
                15.4588866372,
                15.3102917162,
                15.1464620152,
                15.2723051552
            ],
            "exit_codes": [
                0,
                0,
                0,
                0,
                0,
                0,
                0,
                0,
                0,
                0
            ],
            "parameters": {
                "Threads": "14"
            }
        },
        {
            "command": ".//target/release/lprq_mpmc 8 8 8 true 0.0",
            "mean": 15.245969884860003,
            "stddev": 0.4710890662083116,
            "median": 15.209700513760001,
            "user": 243.2609974,
            "system": 0.08373900000000001,
            "min": 14.239264522260001,
            "max": 16.07329494026,
            "times": [
                14.239264522260001,
                15.24249011326,
                16.07329494026,
                15.398482231260001,
                15.41467619126,
                14.99911199326,
                15.15572088426,
                15.642508812260001,
                15.17691091426,
                15.11723824626
            ],