{
    "results": [
        {
            "command": ".//target/release/lprq_pairwise 36 8 true 0.0",
            "mean": 5.6476936894,
            "stddev": 0.1583375332940096,
            "median": 5.619333750700001,
            "user": 198.59861428,
            "system": 0.06612867999999998,
            "min": 5.4468591772,
            "max": 5.948034117200001,
            "times": [
                5.603040244200001,
                5.6356272572,
                5.5353988082,
                5.948034117200001,
                5.5560617042,
                5.4468591772,
                5.5199084772,
                5.7027586192,
                5.8769747892,
                5.6522737002
            ],
            "exit_codes": [
                0,
                0,
                0,
                0,
                0,
                0,
                0,
                0,
                0,
                0
            ],
            "parameters": {
                "Congestion": "0.0"
            }
        },
        {
            "command": ".//target/release/lprq_pairwise 36 8 true 0.25",
            "mean": 5.537747368340001,
            "stddev": 0.1533863388499802,
            "median": 5.47447526084,
            "user": 194.65605404,
            "system": 0.06438662,
            "min": 5.42154284134,
            "max": 5.91494549034,
            "times": [
                5.91494549034,
                5.56990660034,
                5.47530984434,
                5.44395619334,
                5.42154284134,
                5.68092120934,
                5.5023258763400005,
                5.45334199834,
                5.44158295234,
                5.47364067734
            ],
            "exit_codes": [
                0,
                0,
                0,
                0,
                0,
                0,
                0,
                0,
                0,
                0
            ],
            "parameters": {
                "Congestion": "0.25"
            }
        },
        {
            "command": ".//target/release/lprq_pairwise 36 8 true 0.5",
            "mean": 5.49565868504,
            "stddev": 0.08512657561965511,
            "median": 5.50785864414,
            "user": 193.30375482,
            "system": 0.07398015999999999,
            "min": 5.37911505364,
            "max": 5.625349841639999,
            "times": [
                5.61718967064,
                5.625349841639999,
                5.40841660564,
                5.52382069264,
                5.47479006164,
                5.39380333064,
                5.504826588639999,
                5.51089069964,
                5.37911505364,
                5.51838430564
            ],
            "exit_codes": [
                0,
                0,
                0,
                0,
                0,
                0,
                0,
                0,
                0,
                0
            ],
            "parameters": {
                "Congestion": "0.5"
            }
        },
        {
            "command": ".//target/release/lprq_pairwise 36 8 true 1.0",
            "mean": 5.54394166072,
            "stddev": 0.1354938387181701,
            "median": 5.5405242566199995,
            "user": 195.26480028,
            "system": 0.0625028,
            "min": 5.37327177262,
            "max": 5.78072932662,
            "times": [
                5.57778680862,
                5.78072932662,
                5.37327177262,
                5.56416917362,
                5.44728032262,
                5.52745129962,
                5.49576593862,
                5.55359721362,
                5.37809086862,
                5.74127388262
            ],
            "exit_codes": [
                0,
                0,
                0,
                0,
                0,
                0,
                0,
                0,
                0,
                0
            ],
            "parameters": {
                "Congestion": "1.0"
            }
        }
    ]
}