{
    "results": [
        {
            "command": ".//../c++-reference/build/bench-lprq-mpmc 2 1 8 true 0.0",
            "mean": 16.22910545542,
            "stddev": 0.7745671494820381,
            "median": 16.538673705420003,
            "user": 46.57555774,
            "system": 0.014160279999999997,
            "min": 15.256498391920001,
            "max": 17.08972239392,
            "times": [
                16.39252760492,
                15.26109814692,
                16.91311583792,
                15.269939672920001,
                16.68481980592,
                15.67511740792,
                16.78833387592,
                17.08972239392,
                16.95988141592,
                15.256498391920001
            ],
            "exit_codes": [
                0,
                0,
                0,
                0,
                0,
                0,
                0,
                0,
                0,
                0
            ],
            "parameters": {
                "Threads": "3"
            }
        },
        {
            "command": ".//../c++-reference/build/bench-lprq-mpmc 4 2 8 true 0.0",
            "mean": 11.51492884264,
            "stddev": 0.02547037268272446,
            "median": 11.50718191124,
            "user": 60.86923349999999,
            "system": 0.17043197999999998,
            "min": 11.49055282924,
            "max": 11.56169268324,
            "times": [
                11.49507626324,
                11.51440263924,
                11.49055282924,
                11.50482118824,
                11.49802849124,
                11.55895055524,
                11.56169268324,
                11.50954263424,
                11.51849141224,
                11.49772973024
            ],
            "exit_codes": [
                0,
                0,
                0,
                0,
                0,
                0,
                0,
                0,
                0,
                0
            ],
            "parameters": {
                "Threads": "6"
            }
        },
        {
            "command": ".//../c++-reference/build/bench-lprq-mpmc 6 3 8 true 0.0",
            "mean": 8.90578503288,
            "stddev": 0.029719656946787316,
            "median": 8.89421075488,
            "user": 73.08161456,
            "system": 0.15229025999999996,
            "min": 8.87339647188,
            "max": 8.96796766188,
            "times": [
                8.93185003188,
                8.88852443988,
                8.96796766188,
                8.87339647188,
                8.89396991488,
                8.88468713388,
                8.89445159488,
                8.88678336288,
                8.936525616880001,
                8.89969409988
            ],
            "exit_codes": [
                0,
                0,
                0,
                0,
                0,
                0,
                0,
                0,
                0,
                0
            ],
            "parameters": {
                "Threads": "9"
            }
        },
        {
            "command": ".//../c++-reference/build/bench-lprq-mpmc 8 4 8 true 0.0",
            "mean": 8.5072466898,
            "stddev": 0.45482276490255297,
            "median": 8.7215049026,
            "user": 100.65381688,
            "system": 0.014800459999999998,
            "min": 7.9504937986,
            "max": 8.9409809466,
            "times": [
                7.9504937986,
                8.840250815600001,
                8.6027589896,
                8.9401310056,
                7.9662403536,
                8.8984645316,
                8.9409809466,
                8.8841353766,
                7.9897997136,
                8.0592113666
            ],
            "exit_codes": [
                0,
                0,
                0,
                0,
                0,
                0,
                0,
                0,
                0,
                0
            ],
            "parameters": {
                "Threads": "12"
            }
        },
        {
            "command": ".//../c++-reference/build/bench-lprq-mpmc 10 5 8 true 0.0",
            "mean": 8.14086134078,
            "stddev": 0.4512496643474664,
            "median": 7.934200069680001,
            "user": 120.08072895999999,
            "system": 0.018376280000000002,
            "min": 7.6663177751800005,
            "max": 8.83417551218,
            "times": [
                7.698259576180001,
                8.83417551218,
                7.932897421180001,
                7.895343334180001,
                8.77540022618,
                8.05163642918,
                7.93550271818,
                8.70807366218,
                7.6663177751800005,
                7.911006753180001
            ],
            "exit_codes": [
                0,
                0,
                0,
                0,
                0,
                0,
                0,
                0,
                0,
                0
            ],
            "parameters": {
                "Threads": "15"
            }
        },
        {
            "command": ".//../c++-reference/build/bench-lprq-mpmc 12 6 8 true 0.0",
            "mean": 7.82754555896,
            "stddev": 0.5542685400226269,
            "median": 7.77768484526,
            "user": 138.04209970000002,
            "system": 0.022203659999999997,
            "min": 7.05573261626,
            "max": 8.758940279259999,
            "times": [
                7.77207284826,
                7.05573261626,
                7.75475049426,
                7.84764960726,
                7.10731820026,
                8.758940279259999,
                8.66557739026,
                7.94135201526,
                7.78329684226,
                7.58876529626
            ],
            "exit_codes": [
                0,
                0,
                0,
                0,
                0,
                0,
                0,
                0,
                0,
                0
            ],
            "parameters": {
                "Threads": "18"
            }
        },
        {
            "command": ".//../c++-reference/build/bench-lprq-mpmc 14 7 8 true 0.0",
            "mean": 7.972890210220001,
            "stddev": 0.37270753545043267,
            "median": 8.01156231382,
            "user": 161.60120524,
            "system": 0.027598440000000002,
            "min": 7.32186496282,
            "max": 8.63675778082,
            "times": [
                7.32186496282,
                7.6571992708200005,
                8.12410271782,
                7.69475991782,
                8.00496797182,
                8.18045805982,
                8.29939202782,
                7.79124273682,
                8.01815665582,
                8.63675778082
            ],
            "exit_codes": [
                0,
                0,
                0,
                0,
                0,
                0,
                0,
                0,
                0,
                0
            ],
            "parameters": {
                "Threads": "21"
            }
        },
        {
            "command": ".//../c++-reference/build/bench-lprq-mpmc 16 8 8 true 0.0",
            "mean": 7.86634209406,
            "stddev": 0.012046511987489156,
            "median": 7.86225443186,
            "user": 173.64527451999996,
            "system": 0.32100119999999993,
            "min": 7.852019014360001,
            "max": 7.88674137936,
            "times": [
                7.85746600836,
                7.8539823353600005,
                7.87558477236,
                7.85874326436,
                7.852019014360001,
                7.88089667036,
                7.85961976636,
                7.86488909736,
                7.88674137936,
                7.87347863236
            ],