{
    "results": [
        {
            "command": ".//../c-reference/msqueue 36 8 true 0.0",
            "mean": 23.695830085039997,
            "stddev": 0.2201267274522229,
            "median": 23.63076242484,
            "user": 23.69338756,
            "system": 0.0021236119999999995,
            "min": 23.45507508934,
            "max": 24.08490126134,
            "times": [
                23.67323647434,
                23.63046818334,
                23.92910264034,
                23.60488855634,
                23.49070763134,
                23.63105666634,
                23.45507508934,
                24.08490126134,
                23.96476653534,
                23.494097812339998
            ],
            "exit_codes": [
                0,
                0,
                0,
                0,
                0,
                0,
                0,
                0,
                0,
                0
            ],
            "parameters": {
                "Congestion": "0.0"
            }
        },
        {
            "command": ".//../c-reference/msqueue 36 8 true 0.25",
            "mean": 22.75724634726,
            "stddev": 0.29534255600326365,
            "median": 22.57269212146,
            "user": 22.75099264,
            "system": 0.006102819999999999,
            "min": 22.49303100696,
            "max": 23.26257979096,
            "times": [
                22.99387046896,
                22.57533334396,
                22.570050898959998,
                22.93506808896,
                22.49303100696,
                22.54663268696,
                22.53789615296,
                23.14629960796,
                22.51170142596,
                23.26257979096
            ],
            "exit_codes": [
                0,
                0,
                0,
                0,
                0,
                0,
                0,
                0,
                0,
                0
            ],
            "parameters": {
                "Congestion": "0.25"
            }
        },
        {
            "command": ".//../c-reference/msqueue 36 8 true 0.5",
            "mean": 21.823118354360002,
            "stddev": 0.32043618881472136,
            "median": 21.74629575176,
            "user": 21.819308500000005,
            "system": 0.00366664,
            "min": 21.53047599726,
            "max": 22.66647106626,
            "times": [
                21.69612581426,
                21.87799320626,
                21.71751586626,
                21.85740905126,
                22.66647106626,
                21.53047599726,
                21.88674612026,
                21.775075637260002,
                21.61209276026,
                21.611278024260002
            ],
            "exit_codes": [
                0,
                0,
                0,
                0,
                0,
                0,
                0,
                0,
                0,
                0
            ],
            "parameters": {
                "Congestion": "0.5"
            }
        },
        {
            "command": ".//../c-reference/msqueue 36 8 true 1.0",
            "mean": 18.7211616238,
            "stddev": 0.18535967636574016,
            "median": 18.6334525309,
            "user": 18.71840876,
            "system": 0.002889744,
            "min": 18.524582500399998,
            "max": 19.065465099399997,
            "times": [
                18.524582500399998,
                18.607728206399997,
                18.6479821884,
                18.985408712399998,
                18.684223924399998,
                18.6163508004,
                18.6189228734,
                18.8736729974,
                19.065465099399997,
                18.5872789354
            ],
            "exit_codes": [
                0,
                0,
                0,
                0,
                0,
                0,
                0,
                0,
                0,
                0
            ],
            "parameters": {
                "Congestion": "1.0"
            }
        }
    ]
}