{
  "results": [
    {
      "command": "rust-queues/target/release/msq_benchmark 1 7",
      "mean": 1.83818489869,
      "stddev": 0.007361348164637302,
      "median": 1.83836213084,
      "user": 1.8316762399999997,
      "system": 0.001492359,
      "min": 1.8239552093400002,
      "max": 1.8548138603400002,
      "times": [
        1.8368279963400003,
        1.8361734583400002,
        1.8548138603400002,
        1.8239552093400002,
        1.8353097903400002,
        1.83889853234,
        1.8242384843400001,
        1.83686123234,
        1.84157703734,
        1.84506459634,
        1.84816835234,
        1.82707439034,
        1.8396187413400003,
        1.8402903533400001,
        1.84356647834,
        1.8374576923400001,
        1.84088261034,
        1.83494613434,
        1.8401472943400001,
        1.83782572934
      ],
      "exit_codes": [
        0,
        0,
        0,
        0,
        0,
        0,
        0,
        0,
        0,
        0,
        0,
        0,
        0,
        0,
        0,
        0,
        0,
        0,
        0,
        0
      ],
      "parameters": {
        "num_threads": "1"
      }
    },
    {
      "command": "rust-queues/target/release/msq_benchmark 2 7",
      "mean": 2.03883108464,
      "stddev": 0.03479817400530324,
      "median": 2.04059421134,
      "user": 4.0595086899999995,
      "system": 0.001494659,
      "min": 1.9677488793400002,
      "max": 2.10344847134,
      "times": [
        2.10344847134,
        2.04308088534,
        2.01689772934,
        2.0708515373400003,
        2.02440953334,
        2.04517082934,
        2.03810753734,
        2.07232922334,
        2.09097485834,
        2.06855009734,
        2.05509799234,
        1.9677488793400002,
        2.0223833403400002,
        2.0118819663400003,
        1.9905933243400002,
        2.05557438134,
        2.0303707223400003,
        1.9944329563400003,
        2.01122368934,
        2.06349373834
      ],
      "exit_codes": [
        0,
        0,
        0,
        0,
        0,
        0,
        0,
        0,
        0,
        0,
        0,
        0,
        0,
        0,
        0,
        0,
        0,
        0,
        0,
        0
      ],
      "parameters": {
        "num_threads": "2"
      }
    },
    {
      "command": "rust-queues/target/release/msq_benchmark 3 7",
      "mean": 1.9308203493899998,
      "stddev": 0.026352599315982283,
      "median": 1.93180868234,
      "user": 5.757319239999999,
      "system": 0.0020464619999999998,
      "min": 1.88302286534,
      "max": 1.9715730803400002,
      "times": [
        1.9376883503400002,
        1.92025004534,
        1.89221426334,
        1.94895918934,
        1.9238477133400003,
        1.88485357334,
        1.9621957703400001,
        1.88302286534,
        1.91368862734,
        1.94360271034,
        1.93184362034,
        1.9358747013400002,
        1.9258746643400002,
        1.9672148633400002,
        1.93054268734,
        1.9002728103400002,
        1.9473534323400001,
        1.93177374434,
        1.96376027534,
        1.9715730803400002
      ],
      "exit_codes": [
        0,
        0,
        0,
        0,
        0,
        0,
        0,
        0,
        0,
        0,
        0,
        0,
        0,
        0,
        0,
        0,
        0,
        0,
        0,
        0
      ],
      "parameters": {
        "num_threads": "3"
      }
    },
    {
      "command": "rust-queues/target/release/msq_benchmark 4 7",
      "mean": 1.94224589824,
      "stddev": 0.0376159250477579,
      "median": 1.93447456384,
      "user": 7.7061724400000005,
      "system": 0.002579271,
      "min": 1.89361980834,
      "max": 2.02846463234,
      "times": [
        1.91404763634,
        1.9076507773400002,
        1.9867473223400003,
        1.99464087534,
        1.92848877034,
        1.93433977834,
        1.93470718134,
        1.93460934934,
        2.02846463234,
        1.9475906973400001,
        1.98931819534,
        1.97779518634,
        1.92764696434,
        1.9554778133400001,
        1.96474273934,
        1.89361980834,
        1.90381544834,
        1.89812254234,
        1.92359560534,
        1.89949664134
      ],
      "exit_codes": [
        0,
        0,
        0,
        0,
        0,
        0,
        0,
        0,
        0,
        0,
        0,
        0,
        0,
        0,
        0,
        0,
        0,
        0,
        0,
        0
      ],
      "parameters": {
        "num_threads": "4"
      }
    },
    {
      "command": "rust-queues/target/release/msq_benchmark 5 7",
      "mean": 1.9484828458899996,
      "stddev": 0.04610630292137164,
      "median": 1.93053445434,
      "user": 9.56651939,
      "system": 0.003012418,
      "min": 1.87992431234,
      "max": 2.0346344263400002,
      "times": [
        1.92807724634,
        2.0346344263400002,
        1.9412370893400002,
        2.01485119834,
        2.00167533334,
        1.9316466923400002,
        1.92527008334,
        1.92248269234,
        1.92942221634,
        1.9949099833400001,
        1.9318735283400001,
        1.9190587703400002,
        1.91746339134,
        1.87992431234,
        1.93327190234,
        1.8934183553400001,
        1.91839229134,
        2.0154290923400002,
        1.91827534934,
        2.01834296334
      ],
      "exit_codes": [
        0,
        0,
        0,
        0,
        0,
        0,
        0,
        0,
        0,
        0,
        0,
        0,
        0,
        0,
        0,
        0,
        0,
        0,
        0,
        0
      ],
      "parameters": {
        "num_threads": "5"
      }
    },
    {
      "command": "rust-queues/target/release/msq_benchmark 6 7",
      "mean": 2.06616380644,
      "stddev": 0.04191567176338694,
      "median": 2.07852499384,
      "user": 12.06433309,
      "system": 0.006503629999999999,
      "min": 1.9813084923400002,
      "max": 2.14672714234,
      "times": [
        1.9813084923400002,
        2.09113782934,
        2.00461485734,
        2.07642118834,
        2.11231792434,
        2.0816923163400003,
        2.04244301534,
        2.07807081034,
        2.08299404234,
        2.01477640834,
        2.0902684273400003,
        2.07897917734,
        2.01663519334,
        2.14672714234,
        2.1049150823400002,
        2.03547424134,
        2.10693120034,
        2.07165536434,
        2.02565361034,
        2.08025980534
      ],
      "exit_codes": [
        0,
        0,
        0,
        0,
        0,
        0,
        0,
        0,
        0,
        0,
        0,
        0,
        0,
        0,
        0,
        0,
        0,
        0,
        0,
        0
      ],
      "parameters": {
        "num_threads": "6"
      }
    },
    {
      "command": "rust-queues/target/release/msq_benchmark 7 7",
      "mean": 2.2174356596400004,
      "stddev": 0.04002354065222552,
      "median": 2.21582461784,
      "user": 15.126460839999998,
      "system": 0.002515262,
      "min": 2.14660195734,
      "max": 2.30906366434,
      "times": [
        2.22194039234,
        2.25761038234,
        2.25560312834,
        2.17807514834,
        2.25726088734,
        2.2205586143400002,
        2.15707830234,
        2.27505457434,
        2.23365483534,
        2.19221168934,
        2.20656669734,
        2.17805317534,
        2.30906366434,
        2.19881489634,
        2.19245855134,
        2.14660195734,
        2.2066135993400002,
        2.22984346134,
        2.2178684793400003,
        2.2137807563400003
      ],
      "exit_codes": [
        0,
        0,
        0,
        0,
        0,
        0,
        0,
        0,
        0,
        0,
        0,
        0,
        0,
        0,
        0,
        0,
        0,
        0,
        0,
        0
      ],
      "parameters": {
        "num_threads": "7"
      }
    },
    {
      "command": "rust-queues/target/release/msq_benchmark 8 7",
      "mean": 2.37802526999,