{
  "results": [
    {
      "command": "c-reference/msqueue 1 7",
      "mean": 1.2469267365300003,
      "stddev": 0.004973765551139563,
      "median": 1.24617637418,
      "user": 1.24629519,
      "system": 0.00052328,
      "min": 1.23722298718,
      "max": 1.2555928381800001,
      "times": [
        1.2519757011800001,
        1.2555928381800001,
        1.24577225818,
        1.24286935118,
        1.25122986218,
        1.24249203518,
        1.25402701118,
        1.23722298718,
        1.24819567818,
        1.24368419818,
        1.24658049018,
        1.24464560918,
        1.25015572218,
        1.24667875918,
        1.23993067718,
        1.2543648541799999,
        1.24417509418,
        1.24465123118,
        1.25059692318,
        1.24369344918
      ],
      "exit_codes": [
        0,
        0,
        0,
        0,
        0,
        0,
        0,
        0,
        0,
        0,
        0,
        0,
        0,
        0,
        0,
        0,
        0,
        0,
        0,
        0
      ],
      "parameters": {
        "num_threads": "1"
      }
    },
    {
      "command": "c-reference/msqueue 2 7",
      "mean": 1.6606245058299998,
      "stddev": 0.022807667257548868,
      "median": 1.6569390306799998,
      "user": 3.3120518399999996,
      "system": 0.0,
      "min": 1.62706234118,
      "max": 1.70858290818,
      "times": [
        1.6557634831799999,
        1.70469410618,
        1.64216024718,
        1.64506871218,
        1.64949481418,
        1.66773602018,
        1.62706234118,
        1.64586687818,
        1.6411623901799999,
        1.70858290818,
        1.66790893418,
        1.6606305101799999,
        1.63933922518,
        1.65811457818,
        1.67204624318,
        1.6752426061799999,
        1.69198572718,
        1.63158692118,
        1.64933943018,
        1.67870404018
      ],
      "exit_codes": [
        0,
        0,
        0,
        0,
        0,
        0,
        0,
        0,
        0,
        0,
        0,
        0,
        0,
        0,
        0,
        0,
        0,
        0,
        0,
        0
      ],
      "parameters": {
        "num_threads": "2"
      }
    },
    {
      "command": "c-reference/msqueue 3 7",
      "mean": 1.5150757164299997,
      "stddev": 0.019294514270788824,
      "median": 1.51123953168,
      "user": 4.529293740000001,
      "system": 0.00004433,
      "min": 1.48448441818,
      "max": 1.54600215418,
      "times": [
        1.49678230818,
        1.48478726918,
        1.5394399811800001,
        1.5265725191800001,
        1.50287887018,
        1.53899942818,
        1.5178612441800001,
        1.5074090251799999,
        1.52394453518,
        1.54441097318,
        1.5020323711799999,
        1.48448441818,
        1.51071172818,
        1.50235267018,
        1.51176733518,
        1.54600215418,
        1.51001646618,
        1.49487702918,
        1.51501721418,
        1.54116678818
      ],
      "exit_codes": [
        0,
        0,
        0,
        0,
        0,
        0,
        0,
        0,
        0,
        0,
        0,
        0,
        0,
        0,
        0,
        0,
        0,
        0,
        0,
        0
      ],
      "parameters": {
        "num_threads": "3"
      }
    },
    {
      "command": "c-reference/msqueue 4 7",
      "mean": 1.57936716208,
      "stddev": 0.02693823310785759,
      "median": 1.58192115218,
      "user": 6.286394389999999,
      "system": 0.0034948099999999997,
      "min": 1.52564671118,
      "max": 1.62597009618,
      "times": [
        1.59666816418,
        1.5874334811800002,
        1.55149432718,
        1.60408460618,
        1.57050105118,
        1.60585049918,
        1.59087319118,
        1.6110137071800001,
        1.59359186318,
        1.6116455091800002,
        1.57317078718,
        1.54475543618,
        1.5590306271799999,
        1.62597009618,
        1.57735239218,
        1.52564671118,
        1.58429902318,
        1.55325169818,
        1.5795432811799999,
        1.54116678918
      ],
      "exit_codes": [
        0,
        0,
        0,
        0,
        0,
        0,
        0,
        0,
        0,
        0,
        0,
        0,
        0,
        0,
        0,
        0,
        0,
        0,
        0,
        0
      ],
      "parameters": {
        "num_threads": "4"
      }
    },
    {
      "command": "c-reference/msqueue 5 7",
      "mean": 1.7218915547799998,
      "stddev": 0.03220196280458585,
      "median": 1.71365025468,
      "user": 8.456733789999998,
      "system": 0.0617564,
      "min": 1.68626499918,
      "max": 1.78788465518,
      "times": [
        1.7473808981799999,
        1.6914187681800001,
        1.70140912818,
        1.69831641718,
        1.68926441518,
        1.71765928418,
        1.7569902911800002,
        1.69842183218,
        1.78788465518,
        1.7144397581800002,
        1.71286075118,
        1.73401281418,
        1.77340466818,
        1.68889047218,
        1.77879802118,
        1.68626499918,
        1.72965265918,
        1.69251055418,
        1.70403552818,
        1.73421518018
      ],
      "exit_codes": [
        0,
        0,
        0,
        0,
        0,
        0,
        0,
        0,
        0,
        0,
        0,
        0,
        0,
        0,
        0,
        0,
        0,
        0,
        0,
        0
      ],
      "parameters": {
        "num_threads": "5"
      }
    },
    {
      "command": "c-reference/msqueue 6 7",
      "mean": 1.8992277654799998,
      "stddev": 0.0334027276847004,
      "median": 1.8878797281800002,
      "user": 11.138670689999996,
      "system": 0.10271445000000001,
      "min": 1.8476399641799999,
      "max": 1.95966700218,
      "times": [
        1.86835086518,
        1.87343444218,
        1.88082994018,
        1.88532325918,
        1.88170092418,
        1.8476399641799999,
        1.8921774981800001,
        1.95193926518,
        1.87497457618,
        1.93345567518,
        1.89043619718,
        1.90033353718,
        1.9294635371800002,
        1.93298335318,
        1.8824369511799999,
        1.93106057918,
        1.95966700218,
        1.93978080218,
        1.87703235918,
        1.8515345811800001
      ],
      "exit_codes": [
        0,
        0,
        0,
        0,
        0,
        0,
        0,
        0,
        0,
        0,
        0,
        0,
        0,
        0,
        0,
        0,
        0,
        0,
        0,
        0
      ],
      "parameters": {
        "num_threads": "6"
      }
    },
    {
      "command": "c-reference/msqueue 7 7",
      "mean": 2.0579564817800002,
      "stddev": 0.028921199550370078,
      "median": 2.05549746418,
      "user": 13.93432909,
      "system": 0.20214474999999998,
      "min": 2.0112683481799998,
      "max": 2.09610781018,
      "times": [
        2.07572152718,
        2.04294693918,
        2.07932381118,
        2.09192464318,
        2.03747147618,
        2.03116256418,
        2.08861307118,
        2.09610781018,
        2.02351325918,
        2.04180896418,
        2.0112683481799998,
        2.03309893818,
        2.07275829418,
        2.04046714118,
        2.03769018618,
        2.08950971418,
        2.0926461661799998,
        2.01600171018,
        2.06804798918,
        2.08904708218
      ],
      "exit_codes": [
        0,
        0,
        0,
        0,
        0,
        0,
        0,
        0,
        0,
        0,
        0,
        0,
        0,
        0,
        0,
        0,
        0,
        0,
        0,
        0
      ],
      "parameters": {
        "num_threads": "7"
      }
    },
    {
      "command": "c-reference/msqueue 8 7",
      "mean": 2.2209685712300002,
      "stddev": 0.028807608276773502,
      "median": 2.21800017868,
      "user": 17.08973319,
      "system": 0.26169665,
      "min": 2.17310238318,
      "max": 2.26001172318,